// SPDX-FileCopyrightText: Copyright (c) 2026 Mike Li/Mikewolfli/Wei Li(mikewolfli@163.com)
// SPDX-License-Identifier: MIT
//
// GENERATED FILE — DO NOT EDIT BY HAND.
// Produced by `tools/gen_cjk_bitmap.py`. Regenerate with:
//     python3 tools/gen_cjk_bitmap.py --license=ofl-1.1
//
// Glyph source: GNU Unifont 16.0.01, the bitmap `.hex` build (not the OTF):
//     https://unifoundry.com/pub/unifont/unifont-16.0.01/font-builds/unifont-16.0.01.hex.gz
//     SHA-256 (decompressed .hex): 3b9d881d534c4144cd9865a47a7667760e33a571a45794a5334c16a72cb8f839
// Licence of the glyph data: dual-licensed SIL Open Font License 1.1, or
// GPL-2.0-or-later with the GNU font embedding exception. See the repository-root
// `NOTICE`. The subset is a Modified Version under the OFL and is renamed: it does
// not use the Reserved Font Name "Unifont".
//
// ASCII (U+0000..=U+007F) is deliberately absent — the crate's 8x8 face covers it.
// Included codepoint ranges:
//     U+3000..=U+303F  CJK Symbols and Punctuation        64 glyphs
//     U+3040..=U+30FF  Hiragana and Katakana             192 glyphs
//     U+4E00..=U+5548  CJK Unified Ideographs (subset)  1865 glyphs
//     U+FF00..=U+FFEF  Halfwidth and Fullwidth Forms     240 glyphs
//
//     N = 2361 glyphs; 84996 bytes of array data (ROWS 75552 + CODEPOINTS 9444).
// Half-width (8 px) source glyphs are left-aligned in the 16 px cell.
// `#[rustfmt::skip]` keeps `cargo fmt --check` stable over the generated table.

/// Sorted codepoints, one per glyph in `ROWS`. Ascending order (binary search relies on it).
#[rustfmt::skip]
pub static CODEPOINTS: [u32; 2361] = [
    0x3000, 0x3001, 0x3002, 0x3003, 0x3004, 0x3005, 0x3006, 0x3007,
    0x3008, 0x3009, 0x300A, 0x300B, 0x300C, 0x300D, 0x300E, 0x300F,
    0x3010, 0x3011, 0x3012, 0x3013, 0x3014, 0x3015, 0x3016, 0x3017,
    0x3018, 0x3019, 0x301A, 0x301B, 0x301C, 0x301D, 0x301E, 0x301F,
    0x3020, 0x3021, 0x3022, 0x3023, 0x3024, 0x3025, 0x3026, 0x3027,
    0x3028, 0x3029, 0x302A, 0x302B, 0x302C, 0x302D, 0x302E, 0x302F,
    0x3030, 0x3031, 0x3032, 0x3033, 0x3034, 0x3035, 0x3036, 0x3037,
    0x3038, 0x3039, 0x303A, 0x303B, 0x303C, 0x303D, 0x303E, 0x303F,
    0x3040, 0x3041, 0x3042, 0x3043, 0x3044, 0x3045, 0x3046, 0x3047,
    0x3048, 0x3049, 0x304A, 0x304B, 0x304C, 0x304D, 0x304E, 0x304F,
    0x3050, 0x3051, 0x3052, 0x3053, 0x3054, 0x3055, 0x3056, 0x3057,
    0x3058, 0x3059, 0x305A, 0x305B, 0x305C, 0x305D, 0x305E, 0x305F,
    0x3060, 0x3061, 0x3062, 0x3063, 0x3064, 0x3065, 0x3066, 0x3067,
    0x3068, 0x3069, 0x306A, 0x306B, 0x306C, 0x306D, 0x306E, 0x306F,
    0x3070, 0x3071, 0x3072, 0x3073, 0x3074, 0x3075, 0x3076, 0x3077,
    0x3078, 0x3079, 0x307A, 0x307B, 0x307C, 0x307D, 0x307E, 0x307F,
    0x3080, 0x3081, 0x3082, 0x3083, 0x3084, 0x3085, 0x3086, 0x3087,
    0x3088, 0x3089, 0x308A, 0x308B, 0x308C, 0x308D, 0x308E, 0x308F,
    0x3090, 0x3091, 0x3092, 0x3093, 0x3094, 0x3095, 0x3096, 0x3097,
    0x3098, 0x3099, 0x309A, 0x309B, 0x309C, 0x309D, 0x309E, 0x309F,
    0x30A0, 0x30A1, 0x30A2, 0x30A3, 0x30A4, 0x30A5, 0x30A6, 0x30A7,
    0x30A8, 0x30A9, 0x30AA, 0x30AB, 0x30AC, 0x30AD, 0x30AE, 0x30AF,
    0x30B0, 0x30B1, 0x30B2, 0x30B3, 0x30B4, 0x30B5, 0x30B6, 0x30B7,
    0x30B8, 0x30B9, 0x30BA, 0x30BB, 0x30BC, 0x30BD, 0x30BE, 0x30BF,
    0x30C0, 0x30C1, 0x30C2, 0x30C3, 0x30C4, 0x30C5, 0x30C6, 0x30C7,
    0x30C8, 0x30C9, 0x30CA, 0x30CB, 0x30CC, 0x30CD, 0x30CE, 0x30CF,
    0x30D0, 0x30D1, 0x30D2, 0x30D3, 0x30D4, 0x30D5, 0x30D6, 0x30D7,
    0x30D8, 0x30D9, 0x30DA, 0x30DB, 0x30DC, 0x30DD, 0x30DE, 0x30DF,
    0x30E0, 0x30E1, 0x30E2, 0x30E3, 0x30E4, 0x30E5, 0x30E6, 0x30E7,
    0x30E8, 0x30E9, 0x30EA, 0x30EB, 0x30EC, 0x30ED, 0x30EE, 0x30EF,
    0x30F0, 0x30F1, 0x30F2, 0x30F3, 0x30F4, 0x30F5, 0x30F6, 0x30F7,
    0x30F8, 0x30F9, 0x30FA, 0x30FB, 0x30FC, 0x30FD, 0x30FE, 0x30FF,
    0x4E00, 0x4E01, 0x4E02, 0x4E03, 0x4E04, 0x4E05, 0x4E06, 0x4E07,
    0x4E08, 0x4E09, 0x4E0A, 0x4E0B, 0x4E0C, 0x4E0D, 0x4E0E, 0x4E0F,
    0x4E10, 0x4E11, 0x4E12, 0x4E13, 0x4E14, 0x4E15, 0x4E16, 0x4E17,
    0x4E18, 0x4E19, 0x4E1A, 0x4E1B, 0x4E1C, 0x4E1D, 0x4E1E, 0x4E1F,
    0x4E20, 0x4E21, 0x4E22, 0x4E23, 0x4E24, 0x4E25, 0x4E26, 0x4E27,
    0x4E28, 0x4E29, 0x4E2A, 0x4E2B, 0x4E2C, 0x4E2D, 0x4E2E, 0x4E2F,
    0x4E30, 0x4E31, 0x4E32, 0x4E33, 0x4E34, 0x4E35, 0x4E36, 0x4E37,
    0x4E38, 0x4E39, 0x4E3A, 0x4E3B, 0x4E3C, 0x4E3D, 0x4E3E, 0x4E3F,
    0x4E40, 0x4E41, 0x4E42, 0x4E43, 0x4E44, 0x4E45, 0x4E46, 0x4E47,
    0x4E48, 0x4E49, 0x4E4A, 0x4E4B, 0x4E4C, 0x4E4D, 0x4E4E, 0x4E4F,
    0x4E50, 0x4E51, 0x4E52, 0x4E53, 0x4E54, 0x4E55, 0x4E56, 0x4E57,
    0x4E58, 0x4E59, 0x4E5A, 0x4E5B, 0x4E5C, 0x4E5D, 0x4E5E, 0x4E5F,
    0x4E60, 0x4E61, 0x4E62, 0x4E63, 0x4E64, 0x4E65, 0x4E66, 0x4E67,
    0x4E68, 0x4E69, 0x4E6A, 0x4E6B, 0x4E6C, 0x4E6D, 0x4E6E, 0x4E6F,
    0x4E70, 0x4E71, 0x4E72, 0x4E73, 0x4E74, 0x4E75, 0x4E76, 0x4E77,
    0x4E78, 0x4E79, 0x4E7A, 0x4E7B, 0x4E7C, 0x4E7D, 0x4E7E, 0x4E7F,
    0x4E80, 0x4E81, 0x4E82, 0x4E83, 0x4E84, 0x4E85, 0x4E86, 0x4E87,
    0x4E88, 0x4E89, 0x4E8A, 0x4E8B, 0x4E8C, 0x4E8D, 0x4E8E, 0x4E8F,
    0x4E90, 0x4E91, 0x4E92, 0x4E93, 0x4E94, 0x4E95, 0x4E96, 0x4E97,
    0x4E98, 0x4E99, 0x4E9A, 0x4E9B, 0x4E9C, 0x4E9D, 0x4E9E, 0x4E9F,
    0x4EA0, 0x4EA1, 0x4EA2, 0x4EA3, 0x4EA4, 0x4EA5, 0x4EA6, 0x4EA7,
    0x4EA8, 0x4EA9, 0x4EAA, 0x4EAB, 0x4EAC, 0x4EAD, 0x4EAE, 0x4EAF,
    0x4EB0, 0x4EB1, 0x4EB2, 0x4EB3, 0x4EB4, 0x4EB5, 0x4EB6, 0x4EB7,
    0x4EB8, 0x4EB9, 0x4EBA, 0x4EBB, 0x4EBC, 0x4EBD, 0x4EBE, 0x4EBF,
    0x4EC0, 0x4EC1, 0x4EC2, 0x4EC3, 0x4EC4, 0x4EC5, 0x4EC6, 0x4EC7,
    0x4EC8, 0x4EC9, 0x4ECA, 0x4ECB, 0x4ECC, 0x4ECD, 0x4ECE, 0x4ECF,
    0x4ED0, 0x4ED1, 0x4ED2, 0x4ED3, 0x4ED4, 0x4ED5, 0x4ED6, 0x4ED7,
    0x4ED8, 0x4ED9, 0x4EDA, 0x4EDB, 0x4EDC, 0x4EDD, 0x4EDE, 0x4EDF,
    0x4EE0, 0x4EE1, 0x4EE2, 0x4EE3, 0x4EE4, 0x4EE5, 0x4EE6, 0x4EE7,
    0x4EE8, 0x4EE9, 0x4EEA, 0x4EEB, 0x4EEC, 0x4EED, 0x4EEE, 0x4EEF,
    0x4EF0, 0x4EF1, 0x4EF2, 0x4EF3, 0x4EF4, 0x4EF5, 0x4EF6, 0x4EF7,
    0x4EF8, 0x4EF9, 0x4EFA, 0x4EFB, 0x4EFC, 0x4EFD, 0x4EFE, 0x4EFF,
    0x4F00, 0x4F01, 0x4F02, 0x4F03, 0x4F04, 0x4F05, 0x4F06, 0x4F07,
    0x4F08, 0x4F09, 0x4F0A, 0x4F0B, 0x4F0C, 0x4F0D, 0x4F0E, 0x4F0F,
    0x4F10, 0x4F11, 0x4F12, 0x4F13, 0x4F14, 0x4F15, 0x4F16, 0x4F17,
    0x4F18, 0x4F19, 0x4F1A, 0x4F1B, 0x4F1C, 0x4F1D, 0x4F1E, 0x4F1F,
    0x4F20, 0x4F21, 0x4F22, 0x4F23, 0x4F24, 0x4F25, 0x4F26, 0x4F27,
    0x4F28, 0x4F29, 0x4F2A, 0x4F2B, 0x4F2C, 0x4F2D, 0x4F2E, 0x4F2F,
    0x4F30, 0x4F31, 0x4F32, 0x4F33, 0x4F34, 0x4F35, 0x4F36, 0x4F37,
    0x4F38, 0x4F39, 0x4F3A, 0x4F3B, 0x4F3C, 0x4F3D, 0x4F3E, 0x4F3F,
    0x4F40, 0x4F41, 0x4F42, 0x4F43, 0x4F44, 0x4F45, 0x4F46, 0x4F47,
    0x4F48, 0x4F49, 0x4F4A, 0x4F4B, 0x4F4C, 0x4F4D, 0x4F4E, 0x4F4F,
    0x4F50, 0x4F51, 0x4F52, 0x4F53, 0x4F54, 0x4F55, 0x4F56, 0x4F57,
    0x4F58, 0x4F59, 0x4F5A, 0x4F5B, 0x4F5C, 0x4F5D, 0x4F5E, 0x4F5F,
    0x4F60, 0x4F61, 0x4F62, 0x4F63, 0x4F64, 0x4F65, 0x4F66, 0x4F67,
    0x4F68, 0x4F69, 0x4F6A, 0x4F6B, 0x4F6C, 0x4F6D, 0x4F6E, 0x4F6F,
    0x4F70, 0x4F71, 0x4F72, 0x4F73, 0x4F74, 0x4F75, 0x4F76, 0x4F77,
    0x4F78, 0x4F79, 0x4F7A, 0x4F7B, 0x4F7C, 0x4F7D, 0x4F7E, 0x4F7F,
    0x4F80, 0x4F81, 0x4F82, 0x4F83, 0x4F84, 0x4F85, 0x4F86, 0x4F87,
    0x4F88, 0x4F89, 0x4F8A, 0x4F8B, 0x4F8C, 0x4F8D, 0x4F8E, 0x4F8F,
    0x4F90, 0x4F91, 0x4F92, 0x4F93, 0x4F94, 0x4F95, 0x4F96, 0x4F97,
    0x4F98, 0x4F99, 0x4F9A, 0x4F9B, 0x4F9C, 0x4F9D, 0x4F9E, 0x4F9F,
    0x4FA0, 0x4FA1, 0x4FA2, 0x4FA3, 0x4FA4, 0x4FA5, 0x4FA6, 0x4FA7,
    0x4FA8, 0x4FA9, 0x4FAA, 0x4FAB, 0x4FAC, 0x4FAD, 0x4FAE, 0x4FAF,
    0x4FB0, 0x4FB1, 0x4FB2, 0x4FB3, 0x4FB4, 0x4FB5, 0x4FB6, 0x4FB7,
    0x4FB8, 0x4FB9, 0x4FBA, 0x4FBB, 0x4FBC, 0x4FBD, 0x4FBE, 0x4FBF,
    0x4FC0, 0x4FC1, 0x4FC2, 0x4FC3, 0x4FC4, 0x4FC5, 0x4FC6, 0x4FC7,
    0x4FC8, 0x4FC9, 0x4FCA, 0x4FCB, 0x4FCC, 0x4FCD, 0x4FCE, 0x4FCF,
    0x4FD0, 0x4FD1, 0x4FD2, 0x4FD3, 0x4FD4, 0x4FD5, 0x4FD6, 0x4FD7,
    0x4FD8, 0x4FD9, 0x4FDA, 0x4FDB, 0x4FDC, 0x4FDD, 0x4FDE, 0x4FDF,
    0x4FE0, 0x4FE1, 0x4FE2, 0x4FE3, 0x4FE4, 0x4FE5, 0x4FE6, 0x4FE7,
    0x4FE8, 0x4FE9, 0x4FEA, 0x4FEB, 0x4FEC, 0x4FED, 0x4FEE, 0x4FEF,
    0x4FF0, 0x4FF1, 0x4FF2, 0x4FF3, 0x4FF4, 0x4FF5, 0x4FF6, 0x4FF7,
    0x4FF8, 0x4FF9, 0x4FFA, 0x4FFB, 0x4FFC, 0x4FFD, 0x4FFE, 0x4FFF,
    0x5000, 0x5001, 0x5002, 0x5003, 0x5004, 0x5005, 0x5006, 0x5007,
    0x5008, 0x5009, 0x500A, 0x500B, 0x500C, 0x500D, 0x500E, 0x500F,
    0x5010, 0x5011, 0x5012, 0x5013, 0x5014, 0x5015, 0x5016, 0x5017,
    0x5018, 0x5019, 0x501A, 0x501B, 0x501C, 0x501D, 0x501E, 0x501F,
    0x5020, 0x5021, 0x5022, 0x5023, 0x5024, 0x5025, 0x5026, 0x5027,
    0x5028, 0x5029, 0x502A, 0x502B, 0x502C, 0x502D, 0x502E, 0x502F,
    0x5030, 0x5031, 0x5032, 0x5033, 0x5034, 0x5035, 0x5036, 0x5037,
    0x5038, 0x5039, 0x503A, 0x503B, 0x503C, 0x503D, 0x503E, 0x503F,
    0x5040, 0x5041, 0x5042, 0x5043, 0x5044, 0x5045, 0x5046, 0x5047,
    0x5048, 0x5049, 0x504A, 0x504B, 0x504C, 0x504D, 0x504E, 0x504F,
    0x5050, 0x5051, 0x5052, 0x5053, 0x5054, 0x5055, 0x5056, 0x5057,
    0x5058, 0x5059, 0x505A, 0x505B, 0x505C, 0x505D, 0x505E, 0x505F,
    0x5060, 0x5061, 0x5062, 0x5063, 0x5064, 0x5065, 0x5066, 0x5067,
    0x5068, 0x5069, 0x506A, 0x506B, 0x506C, 0x506D, 0x506E, 0x506F,
    0x5070, 0x5071, 0x5072, 0x5073, 0x5074, 0x5075, 0x5076, 0x5077,
    0x5078, 0x5079, 0x507A, 0x507B, 0x507C, 0x507D, 0x507E, 0x507F,
    0x5080, 0x5081, 0x5082, 0x5083, 0x5084, 0x5085, 0x5086, 0x5087,
    0x5088, 0x5089, 0x508A, 0x508B, 0x508C, 0x508D, 0x508E, 0x508F,
    0x5090, 0x5091, 0x5092, 0x5093, 0x5094, 0x5095, 0x5096, 0x5097,
    0x5098, 0x5099, 0x509A, 0x509B, 0x509C, 0x509D, 0x509E, 0x509F,
    0x50A0, 0x50A1, 0x50A2, 0x50A3, 0x50A4, 0x50A5, 0x50A6, 0x50A7,
    0x50A8, 0x50A9, 0x50AA, 0x50AB, 0x50AC, 0x50AD, 0x50AE, 0x50AF,
    0x50B0, 0x50B1, 0x50B2, 0x50B3, 0x50B4, 0x50B5, 0x50B6, 0x50B7,
    0x50B8, 0x50B9, 0x50BA, 0x50BB, 0x50BC, 0x50BD, 0x50BE, 0x50BF,
    0x50C0, 0x50C1, 0x50C2, 0x50C3, 0x50C4, 0x50C5, 0x50C6, 0x50C7,
    0x50C8, 0x50C9, 0x50CA, 0x50CB, 0x50CC, 0x50CD, 0x50CE, 0x50CF,
    0x50D0, 0x50D1, 0x50D2, 0x50D3, 0x50D4, 0x50D5, 0x50D6, 0x50D7,
    0x50D8, 0x50D9, 0x50DA, 0x50DB, 0x50DC, 0x50DD, 0x50DE, 0x50DF,
    0x50E0, 0x50E1, 0x50E2, 0x50E3, 0x50E4, 0x50E5, 0x50E6, 0x50E7,
    0x50E8, 0x50E9, 0x50EA, 0x50EB, 0x50EC, 0x50ED, 0x50EE, 0x50EF,
    0x50F0, 0x50F1, 0x50F2, 0x50F3, 0x50F4, 0x50F5, 0x50F6, 0x50F7,
    0x50F8, 0x50F9, 0x50FA, 0x50FB, 0x50FC, 0x50FD, 0x50FE, 0x50FF,
    0x5100, 0x5101, 0x5102, 0x5103, 0x5104, 0x5105, 0x5106, 0x5107,
    0x5108, 0x5109, 0x510A, 0x510B, 0x510C, 0x510D, 0x510E, 0x510F,
    0x5110, 0x5111, 0x5112, 0x5113, 0x5114, 0x5115, 0x5116, 0x5117,
    0x5118, 0x5119, 0x511A, 0x511B, 0x511C, 0x511D, 0x511E, 0x511F,
    0x5120, 0x5121, 0x5122, 0x5123, 0x5124, 0x5125, 0x5126, 0x5127,
    0x5128, 0x5129, 0x512A, 0x512B, 0x512C, 0x512D, 0x512E, 0x512F,
    0x5130, 0x5131, 0x5132, 0x5133, 0x5134, 0x5135, 0x5136, 0x5137,
    0x5138, 0x5139, 0x513A, 0x513B, 0x513C, 0x513D, 0x513E, 0x513F,
    0x5140, 0x5141, 0x5142, 0x5143, 0x5144, 0x5145, 0x5146, 0x5147,
    0x5148, 0x5149, 0x514A, 0x514B, 0x514C, 0x514D, 0x514E, 0x514F,
    0x5150, 0x5151, 0x5152, 0x5153, 0x5154, 0x5155, 0x5156, 0x5157,
    0x5158, 0x5159, 0x515A, 0x515B, 0x515C, 0x515D, 0x515E, 0x515F,
    0x5160, 0x5161, 0x5162, 0x5163, 0x5164, 0x5165, 0x5166, 0x5167,
    0x5168, 0x5169, 0x516A, 0x516B, 0x516C, 0x516D, 0x516E, 0x516F,
    0x5170, 0x5171, 0x5172, 0x5173, 0x5174, 0x5175, 0x5176, 0x5177,
    0x5178, 0x5179, 0x517A, 0x517B, 0x517C, 0x517D, 0x517E, 0x517F,
    0x5180, 0x5181, 0x5182, 0x5183, 0x5184, 0x5185, 0x5186, 0x5187,
    0x5188, 0x5189, 0x518A, 0x518B, 0x518C, 0x518D, 0x518E, 0x518F,
    0x5190, 0x5191, 0x5192, 0x5193, 0x5194, 0x5195, 0x5196, 0x5197,
    0x5198, 0x5199, 0x519A, 0x519B, 0x519C, 0x519D, 0x519E, 0x519F,
    0x51A0, 0x51A1, 0x51A2, 0x51A3, 0x51A4, 0x51A5, 0x51A6, 0x51A7,
    0x51A8, 0x51A9, 0x51AA, 0x51AB, 0x51AC, 0x51AD, 0x51AE, 0x51AF,
    0x51B0, 0x51B1, 0x51B2, 0x51B3, 0x51B4, 0x51B5, 0x51B6, 0x51B7,
    0x51B8, 0x51B9, 0x51BA, 0x51BB, 0x51BC, 0x51BD, 0x51BE, 0x51BF,
    0x51C0, 0x51C1, 0x51C2, 0x51C3, 0x51C4, 0x51C5, 0x51C6, 0x51C7,
    0x51C8, 0x51C9, 0x51CA, 0x51CB, 0x51CC, 0x51CD, 0x51CE, 0x51CF,
    0x51D0, 0x51D1, 0x51D2, 0x51D3, 0x51D4, 0x51D5, 0x51D6, 0x51D7,
    0x51D8, 0x51D9, 0x51DA, 0x51DB, 0x51DC, 0x51DD, 0x51DE, 0x51DF,
    0x51E0, 0x51E1, 0x51E2, 0x51E3, 0x51E4, 0x51E5, 0x51E6, 0x51E7,
    0x51E8, 0x51E9, 0x51EA, 0x51EB, 0x51EC, 0x51ED, 0x51EE, 0x51EF,
    0x51F0, 0x51F1, 0x51F2, 0x51F3, 0x51F4, 0x51F5, 0x51F6, 0x51F7,
    0x51F8, 0x51F9, 0x51FA, 0x51FB, 0x51FC, 0x51FD, 0x51FE, 0x51FF,
    0x5200, 0x5201, 0x5202, 0x5203, 0x5204, 0x5205, 0x5206, 0x5207,
    0x5208, 0x5209, 0x520A, 0x520B, 0x520C, 0x520D, 0x520E, 0x520F,
    0x5210, 0x5211, 0x5212, 0x5213, 0x5214, 0x5215, 0x5216, 0x5217,
    0x5218, 0x5219, 0x521A, 0x521B, 0x521C, 0x521D, 0x521E, 0x521F,
    0x5220, 0x5221, 0x5222, 0x5223, 0x5224, 0x5225, 0x5226, 0x5227,
    0x5228, 0x5229, 0x522A, 0x522B, 0x522C, 0x522D, 0x522E, 0x522F,
    0x5230, 0x5231, 0x5232, 0x5233, 0x5234, 0x5235, 0x5236, 0x5237,
    0x5238, 0x5239, 0x523A, 0x523B, 0x523C, 0x523D, 0x523E, 0x523F,
    0x5240, 0x5241, 0x5242, 0x5243, 0x5244, 0x5245, 0x5246, 0x5247,
    0x5248, 0x5249, 0x524A, 0x524B, 0x524C, 0x524D, 0x524E, 0x524F,
    0x5250, 0x5251, 0x5252, 0x5253, 0x5254, 0x5255, 0x5256, 0x5257,
    0x5258, 0x5259, 0x525A, 0x525B, 0x525C, 0x525D, 0x525E, 0x525F,
    0x5260, 0x5261, 0x5262, 0x5263, 0x5264, 0x5265, 0x5266, 0x5267,
    0x5268, 0x5269, 0x526A, 0x526B, 0x526C, 0x526D, 0x526E, 0x526F,
    0x5270, 0x5271, 0x5272, 0x5273, 0x5274, 0x5275, 0x5276, 0x5277,
    0x5278, 0x5279, 0x527A, 0x527B, 0x527C, 0x527D, 0x527E, 0x527F,
    0x5280, 0x5281, 0x5282, 0x5283, 0x5284, 0x5285, 0x5286, 0x5287,
    0x5288, 0x5289, 0x528A, 0x528B, 0x528C, 0x528D, 0x528E, 0x528F,
    0x5290, 0x5291, 0x5292, 0x5293, 0x5294, 0x5295, 0x5296, 0x5297,
    0x5298, 0x5299, 0x529A, 0x529B, 0x529C, 0x529D, 0x529E, 0x529F,
    0x52A0, 0x52A1, 0x52A2, 0x52A3, 0x52A4, 0x52A5, 0x52A6, 0x52A7,
    0x52A8, 0x52A9, 0x52AA, 0x52AB, 0x52AC, 0x52AD, 0x52AE, 0x52AF,
    0x52B0, 0x52B1, 0x52B2, 0x52B3, 0x52B4, 0x52B5, 0x52B6, 0x52B7,
    0x52B8, 0x52B9, 0x52BA, 0x52BB, 0x52BC, 0x52BD, 0x52BE, 0x52BF,
    0x52C0, 0x52C1, 0x52C2, 0x52C3, 0x52C4, 0x52C5, 0x52C6, 0x52C7,
    0x52C8, 0x52C9, 0x52CA, 0x52CB, 0x52CC, 0x52CD, 0x52CE, 0x52CF,
    0x52D0, 0x52D1, 0x52D2, 0x52D3, 0x52D4, 0x52D5, 0x52D6, 0x52D7,
    0x52D8, 0x52D9, 0x52DA, 0x52DB, 0x52DC, 0x52DD, 0x52DE, 0x52DF,
    0x52E0, 0x52E1, 0x52E2, 0x52E3, 0x52E4, 0x52E5, 0x52E6, 0x52E7,
    0x52E8, 0x52E9, 0x52EA, 0x52EB, 0x52EC, 0x52ED, 0x52EE, 0x52EF,
    0x52F0, 0x52F1, 0x52F2, 0x52F3, 0x52F4, 0x52F5, 0x52F6, 0x52F7,
    0x52F8, 0x52F9, 0x52FA, 0x52FB, 0x52FC, 0x52FD, 0x52FE, 0x52FF,
    0x5300, 0x5301, 0x5302, 0x5303, 0x5304, 0x5305, 0x5306, 0x5307,
    0x5308, 0x5309, 0x530A, 0x530B, 0x530C, 0x530D, 0x530E, 0x530F,
    0x5310, 0x5311, 0x5312, 0x5313, 0x5314, 0x5315, 0x5316, 0x5317,
    0x5318, 0x5319, 0x531A, 0x531B, 0x531C, 0x531D, 0x531E, 0x531F,
    0x5320, 0x5321, 0x5322, 0x5323, 0x5324, 0x5325, 0x5326, 0x5327,
    0x5328, 0x5329, 0x532A, 0x532B, 0x532C, 0x532D, 0x532E, 0x532F,
    0x5330, 0x5331, 0x5332, 0x5333, 0x5334, 0x5335, 0x5336, 0x5337,
    0x5338, 0x5339, 0x533A, 0x533B, 0x533C, 0x533D, 0x533E, 0x533F,
    0x5340, 0x5341, 0x5342, 0x5343, 0x5344, 0x5345, 0x5346, 0x5347,
    0x5348, 0x5349, 0x534A, 0x534B, 0x534C, 0x534D, 0x534E, 0x534F,
    0x5350, 0x5351, 0x5352, 0x5353, 0x5354, 0x5355, 0x5356, 0x5357,
    0x5358, 0x5359, 0x535A, 0x535B, 0x535C, 0x535D, 0x535E, 0x535F,
    0x5360, 0x5361, 0x5362, 0x5363, 0x5364, 0x5365, 0x5366, 0x5367,
    0x5368, 0x5369, 0x536A, 0x536B, 0x536C, 0x536D, 0x536E, 0x536F,
    0x5370, 0x5371, 0x5372, 0x5373, 0x5374, 0x5375, 0x5376, 0x5377,
    0x5378, 0x5379, 0x537A, 0x537B, 0x537C, 0x537D, 0x537E, 0x537F,
    0x5380, 0x5381, 0x5382, 0x5383, 0x5384, 0x5385, 0x5386, 0x5387,
    0x5388, 0x5389, 0x538A, 0x538B, 0x538C, 0x538D, 0x538E, 0x538F,
    0x5390, 0x5391, 0x5392, 0x5393, 0x5394, 0x5395, 0x5396, 0x5397,
    0x5398, 0x5399, 0x539A, 0x539B, 0x539C, 0x539D, 0x539E, 0x539F,
    0x53A0, 0x53A1, 0x53A2, 0x53A3, 0x53A4, 0x53A5, 0x53A6, 0x53A7,
    0x53A8, 0x53A9, 0x53AA, 0x53AB, 0x53AC, 0x53AD, 0x53AE, 0x53AF,
    0x53B0, 0x53B1, 0x53B2, 0x53B3, 0x53B4, 0x53B5, 0x53B6, 0x53B7,
    0x53B8, 0x53B9, 0x53BA, 0x53BB, 0x53BC, 0x53BD, 0x53BE, 0x53BF,
    0x53C0, 0x53C1, 0x53C2, 0x53C3, 0x53C4, 0x53C5, 0x53C6, 0x53C7,
    0x53C8, 0x53C9, 0x53CA, 0x53CB, 0x53CC, 0x53CD, 0x53CE, 0x53CF,
    0x53D0, 0x53D1, 0x53D2, 0x53D3, 0x53D4, 0x53D5, 0x53D6, 0x53D7,
    0x53D8, 0x53D9, 0x53DA, 0x53DB, 0x53DC, 0x53DD, 0x53DE, 0x53DF,
    0x53E0, 0x53E1, 0x53E2, 0x53E3, 0x53E4, 0x53E5, 0x53E6, 0x53E7,
    0x53E8, 0x53E9, 0x53EA, 0x53EB, 0x53EC, 0x53ED, 0x53EE, 0x53EF,
    0x53F0, 0x53F1, 0x53F2, 0x53F3, 0x53F4, 0x53F5, 0x53F6, 0x53F7,
    0x53F8, 0x53F9, 0x53FA, 0x53FB, 0x53FC, 0x53FD, 0x53FE, 0x53FF,
    0x5400, 0x5401, 0x5402, 0x5403, 0x5404, 0x5405, 0x5406, 0x5407,
    0x5408, 0x5409, 0x540A, 0x540B, 0x540C, 0x540D, 0x540E, 0x540F,
    0x5410, 0x5411, 0x5412, 0x5413, 0x5414, 0x5415, 0x5416, 0x5417,
    0x5418, 0x5419, 0x541A, 0x541B, 0x541C, 0x541D, 0x541E, 0x541F,
    0x5420, 0x5421, 0x5422, 0x5423, 0x5424, 0x5425, 0x5426, 0x5427,
    0x5428, 0x5429, 0x542A, 0x542B, 0x542C, 0x542D, 0x542E, 0x542F,
    0x5430, 0x5431, 0x5432, 0x5433, 0x5434, 0x5435, 0x5436, 0x5437,
    0x5438, 0x5439, 0x543A, 0x543B, 0x543C, 0x543D, 0x543E, 0x543F,
    0x5440, 0x5441, 0x5442, 0x5443, 0x5444, 0x5445, 0x5446, 0x5447,
    0x5448, 0x5449, 0x544A, 0x544B, 0x544C, 0x544D, 0x544E, 0x544F,
    0x5450, 0x5451, 0x5452, 0x5453, 0x5454, 0x5455, 0x5456, 0x5457,
    0x5458, 0x5459, 0x545A, 0x545B, 0x545C, 0x545D, 0x545E, 0x545F,
    0x5460, 0x5461, 0x5462, 0x5463, 0x5464, 0x5465, 0x5466, 0x5467,
    0x5468, 0x5469, 0x546A, 0x546B, 0x546C, 0x546D, 0x546E, 0x546F,
    0x5470, 0x5471, 0x5472, 0x5473, 0x5474, 0x5475, 0x5476, 0x5477,
    0x5478, 0x5479, 0x547A, 0x547B, 0x547C, 0x547D, 0x547E, 0x547F,
    0x5480, 0x5481, 0x5482, 0x5483, 0x5484, 0x5485, 0x5486, 0x5487,
    0x5488, 0x5489, 0x548A, 0x548B, 0x548C, 0x548D, 0x548E, 0x548F,
    0x5490, 0x5491, 0x5492, 0x5493, 0x5494, 0x5495, 0x5496, 0x5497,
    0x5498, 0x5499, 0x549A, 0x549B, 0x549C, 0x549D, 0x549E, 0x549F,
    0x54A0, 0x54A1, 0x54A2, 0x54A3, 0x54A4, 0x54A5, 0x54A6, 0x54A7,
    0x54A8, 0x54A9, 0x54AA, 0x54AB, 0x54AC, 0x54AD, 0x54AE, 0x54AF,
    0x54B0, 0x54B1, 0x54B2, 0x54B3, 0x54B4, 0x54B5, 0x54B6, 0x54B7,
    0x54B8, 0x54B9, 0x54BA, 0x54BB, 0x54BC, 0x54BD, 0x54BE, 0x54BF,
    0x54C0, 0x54C1, 0x54C2, 0x54C3, 0x54C4, 0x54C5, 0x54C6, 0x54C7,
    0x54C8, 0x54C9, 0x54CA, 0x54CB, 0x54CC, 0x54CD, 0x54CE, 0x54CF,
    0x54D0, 0x54D1, 0x54D2, 0x54D3, 0x54D4, 0x54D5, 0x54D6, 0x54D7,
    0x54D8, 0x54D9, 0x54DA, 0x54DB, 0x54DC, 0x54DD, 0x54DE, 0x54DF,
    0x54E0, 0x54E1, 0x54E2, 0x54E3, 0x54E4, 0x54E5, 0x54E6, 0x54E7,
    0x54E8, 0x54E9, 0x54EA, 0x54EB, 0x54EC, 0x54ED, 0x54EE, 0x54EF,
    0x54F0, 0x54F1, 0x54F2, 0x54F3, 0x54F4, 0x54F5, 0x54F6, 0x54F7,
    0x54F8, 0x54F9, 0x54FA, 0x54FB, 0x54FC, 0x54FD, 0x54FE, 0x54FF,
    0x5500, 0x5501, 0x5502, 0x5503, 0x5504, 0x5505, 0x5506, 0x5507,
    0x5508, 0x5509, 0x550A, 0x550B, 0x550C, 0x550D, 0x550E, 0x550F,
    0x5510, 0x5511, 0x5512, 0x5513, 0x5514, 0x5515, 0x5516, 0x5517,
    0x5518, 0x5519, 0x551A, 0x551B, 0x551C, 0x551D, 0x551E, 0x551F,
    0x5520, 0x5521, 0x5522, 0x5523, 0x5524, 0x5525, 0x5526, 0x5527,
    0x5528, 0x5529, 0x552A, 0x552B, 0x552C, 0x552D, 0x552E, 0x552F,
    0x5530, 0x5531, 0x5532, 0x5533, 0x5534, 0x5535, 0x5536, 0x5537,
    0x5538, 0x5539, 0x553A, 0x553B, 0x553C, 0x553D, 0x553E, 0x553F,
    0x5540, 0x5541, 0x5542, 0x5543, 0x5544, 0x5545, 0x5546, 0x5547,
    0x5548, 0xFF00, 0xFF01, 0xFF02, 0xFF03, 0xFF04, 0xFF05, 0xFF06,
    0xFF07, 0xFF08, 0xFF09, 0xFF0A, 0xFF0B, 0xFF0C, 0xFF0D, 0xFF0E,
    0xFF0F, 0xFF10, 0xFF11, 0xFF12, 0xFF13, 0xFF14, 0xFF15, 0xFF16,
    0xFF17, 0xFF18, 0xFF19, 0xFF1A, 0xFF1B, 0xFF1C, 0xFF1D, 0xFF1E,
    0xFF1F, 0xFF20, 0xFF21, 0xFF22, 0xFF23, 0xFF24, 0xFF25, 0xFF26,
    0xFF27, 0xFF28, 0xFF29, 0xFF2A, 0xFF2B, 0xFF2C, 0xFF2D, 0xFF2E,
    0xFF2F, 0xFF30, 0xFF31, 0xFF32, 0xFF33, 0xFF34, 0xFF35, 0xFF36,
    0xFF37, 0xFF38, 0xFF39, 0xFF3A, 0xFF3B, 0xFF3C, 0xFF3D, 0xFF3E,
    0xFF3F, 0xFF40, 0xFF41, 0xFF42, 0xFF43, 0xFF44, 0xFF45, 0xFF46,
    0xFF47, 0xFF48, 0xFF49, 0xFF4A, 0xFF4B, 0xFF4C, 0xFF4D, 0xFF4E,
    0xFF4F, 0xFF50, 0xFF51, 0xFF52, 0xFF53, 0xFF54, 0xFF55, 0xFF56,
    0xFF57, 0xFF58, 0xFF59, 0xFF5A, 0xFF5B, 0xFF5C, 0xFF5D, 0xFF5E,
    0xFF5F, 0xFF60, 0xFF61, 0xFF62, 0xFF63, 0xFF64, 0xFF65, 0xFF66,
    0xFF67, 0xFF68, 0xFF69, 0xFF6A, 0xFF6B, 0xFF6C, 0xFF6D, 0xFF6E,
    0xFF6F, 0xFF70, 0xFF71, 0xFF72, 0xFF73, 0xFF74, 0xFF75, 0xFF76,
    0xFF77, 0xFF78, 0xFF79, 0xFF7A, 0xFF7B, 0xFF7C, 0xFF7D, 0xFF7E,
    0xFF7F, 0xFF80, 0xFF81, 0xFF82, 0xFF83, 0xFF84, 0xFF85, 0xFF86,
    0xFF87, 0xFF88, 0xFF89, 0xFF8A, 0xFF8B, 0xFF8C, 0xFF8D, 0xFF8E,
    0xFF8F, 0xFF90, 0xFF91, 0xFF92, 0xFF93, 0xFF94, 0xFF95, 0xFF96,
    0xFF97, 0xFF98, 0xFF99, 0xFF9A, 0xFF9B, 0xFF9C, 0xFF9D, 0xFF9E,
    0xFF9F, 0xFFA0, 0xFFA1, 0xFFA2, 0xFFA3, 0xFFA4, 0xFFA5, 0xFFA6,
    0xFFA7, 0xFFA8, 0xFFA9, 0xFFAA, 0xFFAB, 0xFFAC, 0xFFAD, 0xFFAE,
    0xFFAF, 0xFFB0, 0xFFB1, 0xFFB2, 0xFFB3, 0xFFB4, 0xFFB5, 0xFFB6,
    0xFFB7, 0xFFB8, 0xFFB9, 0xFFBA, 0xFFBB, 0xFFBC, 0xFFBD, 0xFFBE,
    0xFFBF, 0xFFC0, 0xFFC1, 0xFFC2, 0xFFC3, 0xFFC4, 0xFFC5, 0xFFC6,
    0xFFC7, 0xFFC8, 0xFFC9, 0xFFCA, 0xFFCB, 0xFFCC, 0xFFCD, 0xFFCE,
    0xFFCF, 0xFFD0, 0xFFD1, 0xFFD2, 0xFFD3, 0xFFD4, 0xFFD5, 0xFFD6,
    0xFFD7, 0xFFD8, 0xFFD9, 0xFFDA, 0xFFDB, 0xFFDC, 0xFFDD, 0xFFDE,
    0xFFDF, 0xFFE0, 0xFFE1, 0xFFE2, 0xFFE3, 0xFFE4, 0xFFE5, 0xFFE6,
    0xFFE7, 0xFFE8, 0xFFE9, 0xFFEA, 0xFFEB, 0xFFEC, 0xFFED, 0xFFEE,
    0xFFEF,
];

/// `32` bytes per glyph: 16 rows of 2 bytes, row-major, **MSB-first within each byte**,
/// i.e. bit `0x8000` = leftmost pixel of the row.
///
/// A source glyph that is only 8 px wide is left-aligned in the 16 px cell, so `0x8000`
/// is the leftmost pixel there too.
#[rustfmt::skip]
pub static ROWS: [u8; 75552] = [
    0x00, 0x00, 0x00, 0x00, 0x00, 0x00, 0x00, 0x00, 0x00, 0x00, 0x00, 0x00, 0x00, 0x00, 0x00, 0x00,
    0x00, 0x00, 0x00, 0x00, 0x00, 0x00, 0x00, 0x00, 0x00, 0x00, 0x00, 0x00, 0x00, 0x00, 0x00, 0x00,
    0x00, 0x00, 0x00, 0x00, 0x00, 0x00, 0x00, 0x00, 0x00, 0x00, 0x00, 0x00, 0x00, 0x00, 0x00, 0x00,
    0x00, 0x00, 0x00, 0x00, 0x10, 0x00, 0x0C, 0x00, 0x06, 0x00, 0x02, 0x00, 0x00, 0x00, 0x00, 0x00,
    0x00, 0x00, 0x00, 0x00, 0x00, 0x00, 0x00, 0x00, 0x00, 0x00, 0x00, 0x00, 0x00, 0x00, 0x00, 0x00,
    0x00, 0x00, 0x00, 0x00, 0x0C, 0x00, 0x12, 0x00, 0x12, 0x00, 0x0C, 0x00, 0x00, 0x00, 0x00, 0x00,
    0x00, 0x00, 0x00, 0x00, 0x00, 0x00, 0x02, 0x40, 0x02, 0x40, 0x02, 0x40, 0x04, 0x80, 0x04, 0x80,
    0x09, 0x00, 0x09, 0x00, 0x00, 0x00, 0x00, 0x00, 0x00, 0x00, 0x00, 0x00, 0x00, 0x00, 0x00, 0x00,
    0x00, 0x00, 0x06, 0x00, 0x18, 0x20, 0x20, 0x30, 0x41, 0x28, 0x41, 0xA8, 0x81, 0x44, 0x8D, 0x04,
    0x93, 0x04, 0x49, 0x08, 0x44, 0x08, 0x24, 0x10, 0x18, 0x60, 0x01, 0x80, 0x00, 0x00, 0x00, 0x00,
    0x00, 0x00, 0x00, 0x00, 0x02, 0x00, 0x01, 0x00, 0x01, 0x00, 0x02, 0x30, 0x03, 0xC8, 0x04, 0x10,
    0x08, 0x20, 0x12, 0x40, 0x21, 0x80, 0x00, 0x80, 0x00, 0x40, 0x00, 0x00, 0x00, 0x00, 0x00, 0x00,
    0x00, 0x00, 0x00, 0x00, 0x00, 0x10, 0x00, 0x08, 0x00, 0x10, 0x06, 0x20, 0x09, 0x40, 0x08, 0x80,
    0x09, 0x40, 0x12, 0x20, 0x14, 0x10, 0x18, 0x00, 0x30, 0x00, 0x20, 0x00, 0x00, 0x00, 0x00, 0x00,
    0x00, 0x00, 0x07, 0x80, 0x18, 0x60, 0x20, 0x10, 0x40, 0x08, 0x40, 0x08, 0x80, 0x04, 0x80, 0x04,
    0x80, 0x04, 0x80, 0x04, 0x40, 0x08, 0x40, 0x08, 0x20, 0x10, 0x18, 0x60, 0x07, 0x80, 0x00, 0x00,
    0x00, 0x08, 0x00, 0x08, 0x00, 0x10, 0x00, 0x10, 0x00, 0x20, 0x00, 0x20, 0x00, 0x40, 0x00, 0x80,
    0x00, 0x40, 0x00, 0x20, 0x00, 0x20, 0x00, 0x10, 0x00, 0x10, 0x00, 0x08, 0x00, 0x08, 0x00, 0x00,
    0x10, 0x00, 0x10, 0x00, 0x08, 0x00, 0x08, 0x00, 0x04, 0x00, 0x04, 0x00, 0x02, 0x00, 0x01, 0x00,
    0x02, 0x00, 0x04, 0x00, 0x04, 0x00, 0x08, 0x00, 0x08, 0x00, 0x10, 0x00, 0x10, 0x00, 0x00, 0x00,
    0x00, 0x48, 0x00, 0x48, 0x00, 0x90, 0x00, 0x90, 0x01, 0x20, 0x01, 0x20, 0x02, 0x40, 0x04, 0x80,
    0x02, 0x40, 0x01, 0x20, 0x01, 0x20, 0x00, 0x90, 0x00, 0x90, 0x00, 0x48, 0x00, 0x48, 0x00, 0x00,
    0x12, 0x00, 0x12, 0x00, 0x09, 0x00, 0x09, 0x00, 0x04, 0x80, 0x04, 0x80, 0x02, 0x40, 0x01, 0x20,
    0x02, 0x40, 0x04, 0x80, 0x04, 0x80, 0x09, 0x00, 0x09, 0x00, 0x12, 0x00, 0x12, 0x00, 0x00, 0x00,
    0x00, 0xF8, 0x00, 0x80, 0x00, 0x80, 0x00, 0x80, 0x00, 0x80, 0x00, 0x80, 0x00, 0x80, 0x00, 0x80,
    0x00, 0x80, 0x00, 0x80, 0x00, 0x80, 0x00, 0x00, 0x00, 0x00, 0x00, 0x00, 0x00, 0x00, 0x00, 0x00,
    0x00, 0x00, 0x00, 0x00, 0x00, 0x00, 0x00, 0x00, 0x01, 0x00, 0x01, 0x00, 0x01, 0x00, 0x01, 0x00,
    0x01, 0x00, 0x01, 0x00, 0x01, 0x00, 0x01, 0x00, 0x01, 0x00, 0x01, 0x00, 0x1F, 0x00, 0x00, 0x00,
    0x01, 0xF8, 0x01, 0x08, 0x01, 0x78, 0x01, 0x40, 0x01, 0x40, 0x01, 0x40, 0x01, 0x40, 0x01, 0x40,
    0x01, 0x40, 0x01, 0x40, 0x01, 0xC0, 0x00, 0x00, 0x00, 0x00, 0x00, 0x00, 0x00, 0x00, 0x00, 0x00,
    0x00, 0x00, 0x00, 0x00, 0x00, 0x00, 0x00, 0x00, 0x03, 0x80, 0x02, 0x80, 0x02, 0x80, 0x02, 0x80,
    0x02, 0x80, 0x02, 0x80, 0x02, 0x80, 0x02, 0x80, 0x1E, 0x80, 0x10, 0x80, 0x1F, 0x80, 0x00, 0x00,
    0x00, 0xF8, 0x00, 0xF0, 0x00, 0xE0, 0x00, 0xE0, 0x00, 0xE0, 0x00, 0xC0, 0x00, 0xC0, 0x00, 0xC0,
    0x00, 0xC0, 0x00, 0xC0, 0x00, 0xC0, 0x00, 0xE0, 0x00, 0xE0, 0x00, 0xF0, 0x00, 0xF8, 0x00, 0x00,
    0x1F, 0x00, 0x0F, 0x00, 0x07, 0x00, 0x07, 0x00, 0x03, 0x00, 0x03, 0x00, 0x03, 0x00, 0x03, 0x00,
    0x03, 0x00, 0x03, 0x00, 0x03, 0x00, 0x07, 0x00, 0x07, 0x00, 0x0F, 0x00, 0x1F, 0x00, 0x00, 0x00,
    0x00, 0x00, 0x7F, 0xFE, 0x00, 0x00, 0x00, 0x00, 0x7F, 0xFE, 0x01, 0x00, 0x01, 0x00, 0x01, 0x00,
    0x01, 0x00, 0x01, 0x00, 0x01, 0x00, 0x01, 0x00, 0x01, 0x00, 0x01, 0x00, 0x00, 0x00, 0x00, 0x00,
    0x3F, 0xFE, 0x3F, 0xFE, 0x3F, 0xFE, 0x3F, 0xFE, 0x3F, 0xFE, 0x00, 0x00, 0x00, 0x00, 0x00, 0x00,
    0x3F, 0xFE, 0x3F, 0xFE, 0x3F, 0xFE, 0x3F, 0xFE, 0x3F, 0xFE, 0x00, 0x00, 0x00, 0x00, 0x00, 0x00,
    0x00, 0x08, 0x00, 0x10, 0x00, 0x20, 0x00, 0x40, 0x00, 0x40, 0x00, 0x40, 0x00, 0x40, 0x00, 0x40,
    0x00, 0x40, 0x00, 0x40, 0x00, 0x40, 0x00, 0x40, 0x00, 0x20, 0x00, 0x10, 0x00, 0x08, 0x00, 0x00,
    0x10, 0x00, 0x08, 0x00, 0x04, 0x00, 0x02, 0x00, 0x02, 0x00, 0x02, 0x00, 0x02, 0x00, 0x02, 0x00,
    0x02, 0x00, 0x02, 0x00, 0x02, 0x00, 0x02, 0x00, 0x04, 0x00, 0x08, 0x00, 0x10, 0x00, 0x00, 0x00,
    0x03, 0xF8, 0x02, 0x10, 0x02, 0x20, 0x02, 0x40, 0x02, 0x40, 0x02, 0x80, 0x02, 0x80, 0x02, 0x80,
    0x02, 0x80, 0x02, 0x80, 0x02, 0x40, 0x02, 0x40, 0x02, 0x20, 0x02, 0x10, 0x03, 0xF8, 0x00, 0x00,
    0x1F, 0xC0, 0x08, 0x40, 0x04, 0x40, 0x02, 0x40, 0x02, 0x40, 0x01, 0x40, 0x01, 0x40, 0x01, 0x40,
    0x01, 0x40, 0x01, 0x40, 0x02, 0x40, 0x02, 0x40, 0x04, 0x40, 0x08, 0x40, 0x1F, 0xC0, 0x00, 0x00,
    0x00, 0x08, 0x00, 0x30, 0x00, 0x50, 0x00, 0x50, 0x00, 0x50, 0x00, 0x50, 0x00, 0x50, 0x00, 0x50,
    0x00, 0x50, 0x00, 0x50, 0x00, 0x50, 0x00, 0x50, 0x00, 0x50, 0x00, 0x30, 0x00, 0x08, 0x00, 0x00,
    0x10, 0x00, 0x0C, 0x00, 0x0A, 0x00, 0x0A, 0x00, 0x0A, 0x00, 0x0A, 0x00, 0x0A, 0x00, 0x0A, 0x00,
    0x0A, 0x00, 0x0A, 0x00, 0x0A, 0x00, 0x0A, 0x00, 0x0A, 0x00, 0x0C, 0x00, 0x10, 0x00, 0x00, 0x00,
    0x00, 0xF8, 0x00, 0xA0, 0x00, 0xA0, 0x00, 0xA0, 0x00, 0xA0, 0x00, 0xA0, 0x00, 0xA0, 0x00, 0xA0,
    0x00, 0xA0, 0x00, 0xA0, 0x00, 0xA0, 0x00, 0xA0, 0x00, 0xA0, 0x00, 0xA0, 0x00, 0xF8, 0x00, 0x00,
    0x1F, 0x00, 0x05, 0x00, 0x05, 0x00, 0x05, 0x00, 0x05, 0x00, 0x05, 0x00, 0x05, 0x00, 0x05, 0x00,
    0x05, 0x00, 0x05, 0x00, 0x05, 0x00, 0x05, 0x00, 0x05, 0x00, 0x05, 0x00, 0x1F, 0x00, 0x00, 0x00,
    0x00, 0x00, 0x00, 0x00, 0x00, 0x00, 0x00, 0x00, 0x00, 0x00, 0x00, 0x00, 0x3E, 0x00, 0x41, 0x82,
    0x00, 0x7C, 0x00, 0x00, 0x00, 0x00, 0x00, 0x00, 0x00, 0x00, 0x00, 0x00, 0x00, 0x00, 0x00, 0x00,
    0x00, 0x90, 0x00, 0x48, 0x00, 0x24, 0x00, 0x00, 0x00, 0x00, 0x00, 0x00, 0x00, 0x00, 0x00, 0x00,
    0x00, 0x00, 0x00, 0x00, 0x00, 0x00, 0x00, 0x00, 0x00, 0x00, 0x00, 0x00, 0x00, 0x00, 0x00, 0x00,
    0x09, 0x00, 0x12, 0x00, 0x24, 0x00, 0x00, 0x00, 0x00, 0x00, 0x00, 0x00, 0x00, 0x00, 0x00, 0x00,
    0x00, 0x00, 0x00, 0x00, 0x00, 0x00, 0x00, 0x00, 0x00, 0x00, 0x00, 0x00, 0x00, 0x00, 0x00, 0x00,
    0x00, 0x00, 0x00, 0x00, 0x00, 0x00, 0x00, 0x00, 0x00, 0x00, 0x00, 0x00, 0x00, 0x00, 0x00, 0x00,
    0x00, 0x00, 0x00, 0x00, 0x00, 0x00, 0x00, 0x00, 0x09, 0x00, 0x12, 0x00, 0x24, 0x00, 0x00, 0x00,
    0x00, 0x00, 0x3F, 0xFC, 0x3F, 0xFC, 0x00, 0x00, 0x3F, 0xFC, 0x3F, 0xFC, 0x55, 0x96, 0xD9, 0xB9,
    0xA5, 0xA5, 0xA5, 0xA5, 0x59, 0x9A, 0x41, 0x82, 0x24, 0x24, 0x13, 0xC8, 0x08, 0x10, 0x07, 0xE0,
    0x01, 0x80, 0x01, 0x00, 0x01, 0x00, 0x01, 0x00, 0x01, 0x00, 0x01, 0x00, 0x01, 0x00, 0x01, 0x00,
    0x01, 0x00, 0x01, 0x00, 0x01, 0x00, 0x01, 0x00, 0x01, 0x00, 0x01, 0x00, 0x00, 0x00, 0x00, 0x00,
    0x00, 0x60, 0x00, 0x40, 0x0C, 0x40, 0x08, 0x40, 0x08, 0x40, 0x08, 0x40, 0x08, 0x40, 0x08, 0x40,
    0x08, 0x40, 0x08, 0x40, 0x08, 0x40, 0x00, 0x40, 0x00, 0x40, 0x00, 0x40, 0x00, 0x00, 0x00, 0x00,
    0x00, 0x08, 0x20, 0x08, 0x21, 0x08, 0x21, 0x08, 0x21, 0x08, 0x21, 0x08, 0x21, 0x08, 0x21, 0x08,
    0x21, 0x08, 0x21, 0x08, 0x21, 0x08, 0x20, 0x08, 0x20, 0x08, 0x00, 0x08, 0x00, 0x00, 0x00, 0x00,
    0x00, 0x10, 0x00, 0x10, 0x10, 0x20, 0x08, 0x20, 0x04, 0x40, 0x02, 0x40, 0x01, 0x80, 0x00, 0xC0,
    0x01, 0x20, 0x02, 0x10, 0x04, 0x08, 0x08, 0x08, 0x30, 0x00, 0x00, 0x00, 0x00, 0x00, 0x00, 0x00,
    0x00, 0x00, 0x04, 0x20, 0x04, 0x30, 0x08, 0x20, 0x1C, 0xC0, 0x03, 0x00, 0x04, 0x80, 0x08, 0x40,
    0x08, 0x20, 0x10, 0x20, 0x10, 0x20, 0x10, 0x20, 0x10, 0x40, 0x08, 0x40, 0x07, 0x80, 0x00, 0x00,
    0x00, 0x00, 0x00, 0x00, 0x01, 0x00, 0x01, 0x00, 0x01, 0x00, 0x01, 0x00, 0x01, 0x00, 0x01, 0x00,
    0x01, 0x00, 0x01, 0x00, 0x01, 0x00, 0x01, 0x00, 0x7F, 0xFC, 0x00, 0x00, 0x00, 0x00, 0x00, 0x00,
    0x00, 0x00, 0x00, 0x00, 0x01, 0x00, 0x01, 0x00, 0x01, 0x00, 0x01, 0x00, 0x01, 0x00, 0x01, 0x00,
    0x01, 0x00, 0x7F, 0xFC, 0x00, 0x00, 0x00, 0x00, 0x3F, 0xF8, 0x00, 0x00, 0x00, 0x00, 0x00, 0x00,
    0x00, 0x00, 0x00, 0x00, 0x01, 0x00, 0x01, 0x00, 0x01, 0x00, 0x01, 0x00, 0x7F, 0xFC, 0x00, 0x00,
    0x00, 0x00, 0x3F, 0xF8, 0x00, 0x00, 0x00, 0x00, 0x3F, 0xF8, 0x00, 0x00, 0x00, 0x00, 0x00, 0x00,
    0x00, 0x00, 0x01, 0x00, 0x01, 0x00, 0x01, 0x00, 0x01, 0x00, 0x7F, 0xFC, 0x20, 0x08, 0x10, 0x10,
    0x08, 0x20, 0x04, 0x40, 0x02, 0x80, 0x01, 0x00, 0x06, 0xC0, 0x18, 0x30, 0x60, 0x0C, 0x00, 0x00,
    0x00, 0x00, 0x00, 0x00, 0x00, 0x00, 0x00, 0x00, 0x00, 0x00, 0x00, 0x00, 0x00, 0x00, 0x00, 0x00,
    0x00, 0x00, 0x00, 0x00, 0x00, 0x00, 0x00, 0x00, 0x60, 0x00, 0x90, 0x00, 0x90, 0x00, 0x60, 0x00,
    0x00, 0x00, 0x60, 0x00, 0x90, 0x00, 0x90, 0x00, 0x60, 0x00, 0x00, 0x00, 0x00, 0x00, 0x00, 0x00,
    0x00, 0x00, 0x00, 0x00, 0x00, 0x00, 0x00, 0x00, 0x00, 0x00, 0x00, 0x00, 0x00, 0x00, 0x00, 0x00,
    0x00, 0x00, 0x00, 0x06, 0x00, 0x09, 0x00, 0x09, 0x00, 0x06, 0x00, 0x00, 0x00, 0x00, 0x00, 0x00,
    0x00, 0x00, 0x00, 0x00, 0x00, 0x00, 0x00, 0x00, 0x00, 0x00, 0x00, 0x00, 0x00, 0x00, 0x00, 0x00,
    0x00, 0x00, 0x00, 0x00, 0x00, 0x00, 0x00, 0x00, 0x00, 0x00, 0x00, 0x00, 0x00, 0x00, 0x00, 0x00,
    0x00, 0x00, 0x00, 0x00, 0x00, 0x00, 0x00, 0x00, 0x00, 0x06, 0x00, 0x09, 0x00, 0x09, 0x00, 0x06,
    0x00, 0x00, 0x00, 0x00, 0x00, 0x00, 0x00, 0x00, 0x00, 0x00, 0x00, 0x00, 0x00, 0x00, 0x00, 0x00,
    0xC0, 0x00, 0xC0, 0x00, 0x00, 0x00, 0x00, 0x00, 0x00, 0x00, 0x00, 0x00, 0x00, 0x00, 0x00, 0x00,
    0x00, 0x00, 0x00, 0x00, 0x00, 0x00, 0x00, 0x00, 0x00, 0x00, 0x00, 0x00, 0xC0, 0x00, 0xC0, 0x00,
    0x00, 0x00, 0xC0, 0x00, 0xC0, 0x00, 0x00, 0x00, 0x00, 0x00, 0x00, 0x00, 0x00, 0x00, 0x00, 0x00,
    0x00, 0x00, 0x00, 0x00, 0x00, 0x00, 0x00, 0x00, 0x00, 0x00, 0x00, 0x00, 0x61, 0x86, 0x92, 0x49,
    0x0C, 0x30, 0x00, 0x00, 0x00, 0x00, 0x00, 0x00, 0x00, 0x00, 0x00, 0x00, 0x00, 0x00, 0x00, 0x00,
    0x01, 0x00, 0x01, 0x80, 0x01, 0x00, 0x02, 0x00, 0x02, 0x00, 0x04, 0x00, 0x08, 0x00, 0x10, 0x00,
    0x10, 0x00, 0x08, 0x00, 0x04, 0x00, 0x02, 0x00, 0x01, 0x00, 0x01, 0x00, 0x00, 0x80, 0x00, 0x80,
    0x01, 0x00, 0x01, 0x80, 0x01, 0x10, 0x02, 0x08, 0x02, 0x48, 0x04, 0x20, 0x08, 0x20, 0x10, 0x00,
    0x10, 0x00, 0x08, 0x00, 0x04, 0x00, 0x02, 0x00, 0x01, 0x00, 0x01, 0x00, 0x00, 0x80, 0x00, 0x80,
    0x04, 0x00, 0x06, 0x00, 0x04, 0x00, 0x08, 0x00, 0x08, 0x00, 0x08, 0x00, 0x10, 0x00, 0x10, 0x00,
    0x10, 0x00, 0x20, 0x00, 0x20, 0x00, 0x20, 0x00, 0x40, 0x00, 0x40, 0x00, 0x80, 0x00, 0x80, 0x00,
    0x04, 0x00, 0x06, 0x00, 0x04, 0x40, 0x08, 0x20, 0x08, 0x80, 0x08, 0x40, 0x10, 0x40, 0x10, 0x00,
    0x10, 0x00, 0x20, 0x00, 0x20, 0x00, 0x20, 0x00, 0x40, 0x00, 0x40, 0x00, 0x80, 0x00, 0x80, 0x00,
    0x80, 0x00, 0x80, 0x00, 0x40, 0x00, 0x20, 0x00, 0x20, 0x00, 0x10, 0x00, 0x10, 0x00, 0x08, 0x00,
    0x08, 0x00, 0x04, 0x00, 0x04, 0x00, 0x02, 0x00, 0x02, 0x00, 0x01, 0x00, 0x01, 0x00, 0x00, 0x00,
    0x07, 0xC0, 0x18, 0x30, 0x20, 0x08, 0x5F, 0xF4, 0x5F, 0xF4, 0x80, 0x02, 0x9F, 0xF2, 0x9F, 0xF2,
    0x81, 0x02, 0x81, 0x02, 0x81, 0x02, 0x41, 0x04, 0x41, 0x04, 0x21, 0x08, 0x18, 0x30, 0x07, 0xC0,
    0x82, 0x82, 0x82, 0x82, 0x82, 0x82, 0x44, 0x44, 0x44, 0x44, 0x28, 0x28, 0x28, 0x28, 0x10, 0x10,
    0x10, 0x10, 0x28, 0x28, 0x28, 0x28, 0x44, 0x44, 0x44, 0x44, 0x82, 0x82, 0x82, 0x82, 0x82, 0x82,
    0x01, 0x00, 0x01, 0x00, 0x01, 0x00, 0x01, 0x00, 0x01, 0x00, 0x01, 0x00, 0xFF, 0xFE, 0x01, 0x00,
    0x01, 0x00, 0x01, 0x00, 0x01, 0x00, 0x01, 0x00, 0x01, 0x00, 0x01, 0x00, 0x01, 0x00, 0x00, 0x00,
    0x08, 0x20, 0x08, 0x20, 0x08, 0x20, 0x08, 0x20, 0x08, 0x20, 0x08, 0x20, 0xFF, 0xFE, 0x08, 0x20,
    0x08, 0x20, 0x08, 0x20, 0x08, 0x20, 0x08, 0x20, 0x08, 0x20, 0x08, 0x20, 0x08, 0x20, 0x00, 0x00,
    0x10, 0x88, 0x10, 0x88, 0x10, 0x88, 0x10, 0x88, 0x10, 0x88, 0xFF, 0xFE, 0x10, 0x88, 0x10, 0x88,
    0x10, 0x88, 0x10, 0x88, 0x10, 0x88, 0x20, 0x88, 0x20, 0x88, 0x40, 0x88, 0x80, 0x08, 0x00, 0x00,
    0x00, 0x00, 0x00, 0x00, 0x02, 0x00, 0x01, 0x00, 0x00, 0x80, 0x00, 0x40, 0x00, 0x80, 0x01, 0x00,
    0x00, 0x80, 0x00, 0x40, 0x00, 0x20, 0x00, 0x00, 0x00, 0x00, 0x00, 0x00, 0x00, 0x00, 0x00, 0x00,
    0x00, 0x00, 0x00, 0x00, 0x00, 0x00, 0x3F, 0xF8, 0x20, 0x18, 0x20, 0x28, 0x20, 0x48, 0x20, 0x88,
    0x21, 0x08, 0x22, 0x08, 0x24, 0x08, 0x28, 0x08, 0x30, 0x08, 0x3F, 0xF8, 0x00, 0x00, 0x00, 0x00,
    0x00, 0x00, 0x00, 0x00, 0x10, 0x00, 0x28, 0x60, 0x44, 0x90, 0x03, 0x10, 0x00, 0x10, 0x00, 0x10,
    0x00, 0x10, 0x00, 0x10, 0x00, 0x10, 0x00, 0x10, 0x00, 0x08, 0x00, 0x08, 0x00, 0x04, 0x00, 0x00,
    0xDB, 0x6D, 0x80, 0x01, 0x0E, 0x00, 0x91, 0x89, 0x80, 0x71, 0x00, 0x00, 0x80, 0x11, 0x80, 0x21,
    0x1F, 0xF8, 0x80, 0x81, 0x81, 0x01, 0x1F, 0xF8, 0x84, 0x01, 0x88, 0x00, 0x00, 0x01, 0xDB, 0x6D,
    0x00, 0x00, 0xFE, 0x00, 0x82, 0x00, 0xC6, 0x00, 0xC6, 0x00, 0xAA, 0x00, 0xAA, 0x00, 0x92, 0x00,
    0xAA, 0x00, 0xAA, 0x00, 0xC6, 0x00, 0xC6, 0x00, 0x82, 0x00, 0xFE, 0x00, 0x00, 0x00, 0x00, 0x00,
    0x00, 0x00, 0x7F, 0xFE, 0x63, 0xCE, 0x7D, 0xB6, 0x71, 0xB6, 0x7D, 0xB6, 0x63, 0xCE, 0x7F, 0xFE,
    0x7F, 0xFE, 0x6D, 0xCE, 0x6D, 0xB6, 0x61, 0xB6, 0x7D, 0xB6, 0x7D, 0xCE, 0x7F, 0xFE, 0x00, 0x00,
    0x00, 0x00, 0x00, 0x00, 0x00, 0x00, 0x00, 0x00, 0x04, 0x00, 0x02, 0x00, 0x13, 0x80, 0x0E, 0x00,
    0x04, 0x80, 0x07, 0xE0, 0x0D, 0x10, 0x16, 0x10, 0x26, 0x10, 0x2A, 0x20, 0x10, 0xC0, 0x00, 0x00,
    0x00, 0x00, 0x04, 0x00, 0x02, 0x00, 0x02, 0xC0, 0x1F, 0x00, 0x04, 0x80, 0x04, 0x80, 0x07, 0xE0,
    0x0D, 0x10, 0x15, 0x08, 0x22, 0x08, 0x26, 0x08, 0x2A, 0x10, 0x10, 0x60, 0x00, 0x00, 0x00, 0x00,
    0x00, 0x00, 0x00, 0x00, 0x00, 0x00, 0x00, 0x00, 0x00, 0x00, 0x00, 0x00, 0x00, 0x00, 0x10, 0x40,
    0x10, 0x20, 0x10, 0x10, 0x10, 0x30, 0x0A, 0x00, 0x0C, 0x00, 0x04, 0x00, 0x00, 0x00, 0x00, 0x00,
    0x00, 0x00, 0x00, 0x00, 0x00, 0x00, 0x00, 0x00, 0x40, 0x00, 0x20, 0x60, 0x20, 0x10, 0x20, 0x08,
    0x22, 0x08, 0x24, 0x18, 0x14, 0x08, 0x18, 0x00, 0x08, 0x00, 0x00, 0x00, 0x00, 0x00, 0x00, 0x00,
    0x00, 0x00, 0x00, 0x00, 0x00, 0x00, 0x00, 0x00, 0x00, 0x00, 0x02, 0x00, 0x01, 0x80, 0x00, 0x00,
    0x13, 0x80, 0x0C, 0x40, 0x00, 0x40, 0x00, 0x40, 0x00, 0x40, 0x00, 0x80, 0x03, 0x00, 0x00, 0x00,
    0x00, 0x00, 0x02, 0x00, 0x01, 0xC0, 0x00, 0x00, 0x00, 0x00, 0x03, 0xC0, 0x1C, 0x20, 0x00, 0x20,
    0x00, 0x20, 0x00, 0x20, 0x00, 0x20, 0x00, 0x40, 0x00, 0x40, 0x00, 0x80, 0x01, 0x00, 0x00, 0x00,
    0x00, 0x00, 0x00, 0x00, 0x00, 0x00, 0x00, 0x00, 0x00, 0x00, 0x02, 0x00, 0x01, 0x80, 0x00, 0x00,
    0x01, 0xC0, 0x0E, 0x80, 0x01, 0x00, 0x02, 0x00, 0x07, 0x00, 0x09, 0x00, 0x10, 0xF0, 0x00, 0x00,
    0x00, 0x00, 0x04, 0x00, 0x03, 0x80, 0x00, 0x00, 0x00, 0x00, 0x11, 0xC0, 0x0E, 0x80, 0x01, 0x00,
    0x02, 0x00, 0x04, 0x00, 0x0E, 0x00, 0x11, 0x00, 0x21, 0x00, 0x20, 0xF8, 0x00, 0x00, 0x00, 0x00,
    0x00, 0x00, 0x00, 0x00, 0x00, 0x00, 0x00, 0x00, 0x00, 0x00, 0x10, 0x40, 0x08, 0x30, 0x0C, 0x20,
    0x38, 0x00, 0x0B, 0xC0, 0x0C, 0x20, 0x18, 0x20, 0x28, 0x20, 0x18, 0xC0, 0x08, 0x00, 0x00, 0x00,
    0x00, 0x00, 0x00, 0x00, 0x08, 0x00, 0x04, 0x30, 0x05, 0x08, 0x06, 0x0C, 0x1C, 0x00, 0x04, 0x60,
    0x05, 0x90, 0x06, 0x08, 0x0C, 0x08, 0x34, 0x88, 0x0C, 0x70, 0x04, 0x00, 0x00, 0x00, 0x00, 0x00,
    0x00, 0x00, 0x00, 0x00, 0x08, 0x00, 0x04, 0x00, 0x04, 0x60, 0x47, 0x10, 0x3C, 0x88, 0x08, 0x98,
    0x08, 0x80, 0x08, 0x80, 0x10, 0x80, 0x11, 0x00, 0x25, 0x00, 0x22, 0x00, 0x00, 0x00, 0x00, 0x00,
    0x00, 0x00, 0x00, 0x08, 0x08, 0x24, 0x04, 0x10, 0x04, 0x40, 0x47, 0x20, 0x3C, 0x90, 0x08, 0x88,
    0x08, 0x98, 0x08, 0x80, 0x10, 0x80, 0x11, 0x00, 0x25, 0x00, 0x22, 0x00, 0x00, 0x00, 0x00, 0x00,
    0x00, 0x00, 0x02, 0x00, 0x01, 0x00, 0x01, 0x60, 0x0F, 0x80, 0x00, 0x80, 0x00, 0xF0, 0x1F, 0x40,
    0x00, 0x20, 0x00, 0x20, 0x07, 0xF0, 0x08, 0x10, 0x08, 0x00, 0x06, 0x00, 0x01, 0xC0, 0x00, 0x00,
    0x00, 0x00, 0x04, 0x08, 0x02, 0x24, 0x02, 0xD0, 0x1F, 0x00, 0x01, 0x00, 0x01, 0xE0, 0x3E, 0x80,
    0x00, 0x40, 0x00, 0x40, 0x0F, 0xE0, 0x10, 0x20, 0x10, 0x00, 0x0C, 0x00, 0x03, 0x80, 0x00, 0x00,
    0x00, 0x00, 0x00, 0x80, 0x00, 0x40, 0x00, 0x40, 0x00, 0x80, 0x01, 0x00, 0x06, 0x00, 0x08, 0x00,
    0x08, 0x00, 0x04, 0x00, 0x02, 0x00, 0x01, 0x00, 0x00, 0x80, 0x00, 0x40, 0x00, 0x40, 0x00, 0x00,
    0x00, 0x00, 0x00, 0x80, 0x00, 0x40, 0x00, 0x40, 0x00, 0x88, 0x01, 0x24, 0x06, 0x10, 0x08, 0x00,
    0x08, 0x00, 0x04, 0x00, 0x02, 0x00, 0x01, 0x00, 0x00, 0x80, 0x00, 0x40, 0x00, 0x40, 0x00, 0x00,
    0x00, 0x00, 0x00, 0x80, 0x20, 0x40, 0x10, 0x20, 0x10, 0x20, 0x10, 0x3C, 0x23, 0xE0, 0x20, 0x20,
    0x20, 0x20, 0x20, 0x20, 0x20, 0x20, 0x18, 0x20, 0x10, 0x40, 0x10, 0x40, 0x00, 0x80, 0x00, 0x00,
    0x00, 0x00, 0x01, 0x08, 0x40, 0xA4, 0x20, 0x50, 0x20, 0x40, 0x20, 0x78, 0x47, 0xC0, 0x40, 0x40,
    0x40, 0x40, 0x40, 0x40, 0x40, 0x40, 0x30, 0x40, 0x20, 0x80, 0x20, 0x80, 0x01, 0x00, 0x00, 0x00,
    0x00, 0x00, 0x00, 0x00, 0x08, 0x00, 0x07, 0xE0, 0x00, 0x80, 0x01, 0x00, 0x00, 0x00, 0x00, 0x00,
    0x00, 0x00, 0x00, 0x00, 0x20, 0x00, 0x20, 0x00, 0x10, 0x10, 0x0F, 0xE0, 0x00, 0x00, 0x00, 0x00,
    0x00, 0x00, 0x00, 0x08, 0x08, 0x04, 0x07, 0xF0, 0x00, 0x88, 0x01, 0x00, 0x00, 0x00, 0x00, 0x00,
    0x00, 0x00, 0x00, 0x00, 0x20, 0x00, 0x20, 0x00, 0x10, 0x10, 0x0F, 0xE0, 0x00, 0x00, 0x00, 0x00,
    0x00, 0x00, 0x04, 0x00, 0x02, 0x00, 0x01, 0x30, 0x21, 0xC0, 0x1E, 0x80, 0x00, 0x40, 0x00, 0x40,
    0x07, 0xE0, 0x08, 0x20, 0x10, 0x00, 0x10, 0x00, 0x0C, 0x00, 0x03, 0xC0, 0x00, 0x00, 0x00, 0x00,
    0x00, 0x00, 0x04, 0x08, 0x02, 0x04, 0x01, 0x30, 0x21, 0xC8, 0x1E, 0x80, 0x00, 0x40, 0x00, 0x40,
    0x07, 0xE0, 0x08, 0x20, 0x10, 0x00, 0x10, 0x00, 0x0C, 0x00, 0x03, 0xC0, 0x00, 0x00, 0x00, 0x00,
    0x00, 0x00, 0x00, 0x00, 0x10, 0x00, 0x08, 0x00, 0x08, 0x00, 0x08, 0x00, 0x08, 0x00, 0x08, 0x00,
    0x08, 0x00, 0x08, 0x00, 0x08, 0x08, 0x08, 0x10, 0x04, 0x60, 0x03, 0x80, 0x00, 0x00, 0x00, 0x00,
    0x00, 0x00, 0x00, 0x00, 0x10, 0x20, 0x08, 0x90, 0x08, 0x40, 0x08, 0x00, 0x08, 0x00, 0x08, 0x00,
    0x08, 0x00, 0x08, 0x00, 0x08, 0x08, 0x08, 0x10, 0x04, 0x60, 0x03, 0x80, 0x00, 0x00, 0x00, 0x00,
    0x00, 0x00, 0x01, 0x00, 0x00, 0x80, 0x40, 0xF8, 0x3F, 0x80, 0x00, 0x80, 0x03, 0x80, 0x04, 0xC0,
    0x04, 0x40, 0x03, 0xC0, 0x00, 0x40, 0x00, 0x80, 0x00, 0x80, 0x01, 0x00, 0x02, 0x00, 0x00, 0x00,
    0x00, 0x00, 0x01, 0x28, 0x00, 0x94, 0x40, 0xF8, 0x3F, 0x80, 0x00, 0x80, 0x03, 0x80, 0x04, 0xC0,
    0x04, 0x40, 0x03, 0xC0, 0x00, 0x40, 0x00, 0x80, 0x00, 0x80, 0x01, 0x00, 0x02, 0x00, 0x00, 0x00,
    0x00, 0x00, 0x00, 0x00, 0x00, 0x80, 0x10, 0x40, 0x08, 0x40, 0x08, 0x78, 0x4B, 0xC0, 0x3C, 0x40,
    0x08, 0x40, 0x08, 0x40, 0x08, 0xC0, 0x08, 0x40, 0x04, 0x00, 0x03, 0xE0, 0x00, 0x00, 0x00, 0x00,
    0x00, 0x00, 0x00, 0x08, 0x00, 0x84, 0x10, 0x50, 0x08, 0x48, 0x08, 0x78, 0x4B, 0xC0, 0x3C, 0x40,
    0x08, 0x40, 0x08, 0x40, 0x08, 0xC0, 0x08, 0x40, 0x04, 0x00, 0x03, 0xE0, 0x00, 0x00, 0x00, 0x00,
    0x00, 0x00, 0x00, 0x00, 0x09, 0xC0, 0x06, 0x40, 0x00, 0x80, 0x01, 0x00, 0x02, 0x38, 0x07, 0xC0,
    0x38, 0x80, 0x01, 0x00, 0x02, 0x00, 0x02, 0x00, 0x02, 0x00, 0x01, 0x00, 0x00, 0xE0, 0x00, 0x00,
    0x00, 0x00, 0x00, 0x00, 0x09, 0xC8, 0x06, 0x64, 0x00, 0x90, 0x01, 0x00, 0x02, 0x38, 0x07, 0xC0,
    0x38, 0x80, 0x01, 0x00, 0x02, 0x00, 0x02, 0x00, 0x02, 0x00, 0x01, 0x00, 0x00, 0xE0, 0x00, 0x00,
    0x00, 0x00, 0x00, 0x00, 0x08, 0x00, 0x04, 0x80, 0x07, 0x00, 0x3C, 0x00, 0x08, 0xF0, 0x08, 0x18,
    0x08, 0x20, 0x10, 0x00, 0x10, 0x00, 0x11, 0x00, 0x21, 0x00, 0x20, 0xF8, 0x00, 0x00, 0x00, 0x00,
    0x00, 0x00, 0x00, 0x08, 0x08, 0x24, 0x04, 0x90, 0x07, 0x00, 0x3C, 0x00, 0x08, 0xF0, 0x08, 0x18,
    0x08, 0x20, 0x10, 0x00, 0x10, 0x00, 0x11, 0x00, 0x21, 0x00, 0x20, 0xF8, 0x00, 0x00, 0x00, 0x00,
    0x00, 0x00, 0x08, 0x00, 0x04, 0x00, 0x04, 0xC0, 0x47, 0x00, 0x3C, 0x00, 0x08, 0x00, 0x08, 0xC0,
    0x0B, 0x20, 0x1C, 0x10, 0x10, 0x10, 0x00, 0x10, 0x00, 0x20, 0x00, 0xC0, 0x07, 0x00, 0x00, 0x00,
    0x00, 0x00, 0x08, 0x00, 0x04, 0x08, 0x04, 0xC4, 0x47, 0x10, 0x3C, 0x08, 0x08, 0x00, 0x08, 0xC0,
    0x0B, 0x20, 0x1C, 0x10, 0x10, 0x10, 0x00, 0x10, 0x00, 0x20, 0x00, 0xC0, 0x07, 0x00, 0x00, 0x00,
    0x00, 0x00, 0x00, 0x00, 0x00, 0x00, 0x00, 0x00, 0x00, 0x00, 0x00, 0x00, 0x00, 0x00, 0x01, 0xC0,
    0x06, 0x20, 0x38, 0x10, 0x00, 0x10, 0x00, 0x10, 0x00, 0x20, 0x00, 0xC0, 0x07, 0x00, 0x00, 0x00,
    0x00, 0x00, 0x00, 0x00, 0x00, 0x00, 0x00, 0x00, 0x03, 0xE0, 0x4C, 0x10, 0x30, 0x08, 0x00, 0x08,
    0x00, 0x08, 0x00, 0x08, 0x00, 0x10, 0x00, 0x60, 0x03, 0x80, 0x00, 0x00, 0x00, 0x00, 0x00, 0x00,
    0x00, 0x00, 0x00, 0x08, 0x00, 0x24, 0x00, 0x10, 0x03, 0xE0, 0x4C, 0x10, 0x30, 0x08, 0x00, 0x08,
    0x00, 0x08, 0x00, 0x08, 0x00, 0x10, 0x00, 0x60, 0x03, 0x80, 0x00, 0x00, 0x00, 0x00, 0x00, 0x00,
    0x00, 0x00, 0x00, 0x00, 0x00, 0x38, 0x43, 0xC0, 0x3C, 0x80, 0x01, 0x00, 0x01, 0x00, 0x02, 0x00,
    0x02, 0x00, 0x02, 0x00, 0x02, 0x00, 0x02, 0x00, 0x01, 0x00, 0x00, 0xE0, 0x00, 0x00, 0x00, 0x00,
    0x00, 0x00, 0x00, 0x00, 0x00, 0x38, 0x43, 0xC0, 0x3C, 0x88, 0x01, 0x24, 0x01, 0x10, 0x02, 0x00,
    0x02, 0x00, 0x02, 0x00, 0x02, 0x00, 0x02, 0x00, 0x01, 0x00, 0x00, 0xE0, 0x00, 0x00, 0x00, 0x00,
    0x00, 0x00, 0x00, 0x00, 0x04, 0x00, 0x02, 0x00, 0x02, 0x00, 0x02, 0x00, 0x02, 0x70, 0x03, 0x80,
    0x06, 0x00, 0x08, 0x00, 0x10, 0x00, 0x10, 0x00, 0x08, 0x00, 0x07, 0xF0, 0x00, 0x00, 0x00, 0x00,
    0x00, 0x00, 0x00, 0x00, 0x04, 0x08, 0x02, 0x24, 0x02, 0x10, 0x02, 0x00, 0x02, 0x70, 0x03, 0x80,
    0x06, 0x00, 0x08, 0x00, 0x10, 0x00, 0x10, 0x00, 0x08, 0x00, 0x07, 0xF0, 0x00, 0x00, 0x00, 0x00,
    0x00, 0x00, 0x04, 0x00, 0x02, 0x00, 0x02, 0x80, 0x3F, 0x00, 0x04, 0x70, 0x08, 0x18, 0x08, 0x20,
    0x10, 0x40, 0x10, 0x40, 0x20, 0x40, 0x03, 0xC0, 0x04, 0x60, 0x04, 0x50, 0x03, 0x80, 0x00, 0x00,
    0x00, 0x00, 0x00, 0x00, 0x20, 0x00, 0x10, 0x00, 0x10, 0xF0, 0x13, 0x18, 0x20, 0x20, 0x20, 0x00,
    0x20, 0x00, 0x20, 0x00, 0x22, 0x00, 0x2A, 0x00, 0x11, 0xF8, 0x10, 0x00, 0x10, 0x00, 0x00, 0x00,
    0x00, 0x00, 0x00, 0x00, 0x01, 0x00, 0x00, 0x80, 0x00, 0x80, 0x13, 0xE0, 0x15, 0x10, 0x19, 0x08,
    0x12, 0x08, 0x2A, 0x08, 0x4C, 0x08, 0x4C, 0x68, 0x54, 0x90, 0x20, 0x68, 0x00, 0x00, 0x00, 0x00,
    0x00, 0x00, 0x10, 0x00, 0x08, 0x00, 0x08, 0x00, 0x08, 0x00, 0x4C, 0xE0, 0x3F, 0x10, 0x0C, 0x10,
    0x08, 0x10, 0x18, 0x10, 0x18, 0x10, 0x28, 0xF0, 0x59, 0x18, 0x08, 0xE0, 0x00, 0x00, 0x00, 0x00,
    0x00, 0x00, 0x00, 0x00, 0x00, 0x00, 0x03, 0xC0, 0x0D, 0x20, 0x11, 0x10, 0x11, 0x08, 0x22, 0x08,
    0x22, 0x08, 0x24, 0x08, 0x24, 0x10, 0x28, 0x10, 0x10, 0x60, 0x01, 0x80, 0x00, 0x00, 0x00, 0x00,
    0x00, 0x00, 0x00, 0x40, 0x20, 0x20, 0x10, 0x20, 0x14, 0x38, 0x13, 0xE0, 0x20, 0x20, 0x20, 0x20,
    0x20, 0x20, 0x20, 0x20, 0x29, 0xE0, 0x12, 0x30, 0x12, 0x28, 0x11, 0xC0, 0x00, 0x00, 0x00, 0x00,
    0x00, 0x00, 0x00, 0x88, 0x40, 0x44, 0x20, 0x50, 0x28, 0x78, 0x27, 0xC0, 0x40, 0x40, 0x40, 0x40,
    0x40, 0x40, 0x40, 0x40, 0x53, 0xC0, 0x24, 0x60, 0x24, 0x50, 0x23, 0x80, 0x00, 0x00, 0x00, 0x00,
    0x00, 0x00, 0x00, 0x98, 0x40, 0x64, 0x20, 0x64, 0x28, 0x78, 0x27, 0xC0, 0x40, 0x40, 0x40, 0x40,
    0x40, 0x40, 0x40, 0x40, 0x53, 0xC0, 0x24, 0x60, 0x24, 0x50, 0x23, 0x80, 0x00, 0x00, 0x00, 0x00,
    0x00, 0x00, 0x00, 0x00, 0x00, 0x40, 0x04, 0x40, 0x3C, 0x20, 0x08, 0x20, 0x08, 0x30, 0x10, 0x28,
    0x10, 0x20, 0x10, 0x20, 0x10, 0x40, 0x10, 0x40, 0x08, 0x80, 0x07, 0x00, 0x00, 0x00, 0x00, 0x00,
    0x00, 0x00, 0x00, 0x08, 0x00, 0x44, 0x04, 0x50, 0x3C, 0x28, 0x08, 0x20, 0x08, 0x30, 0x10, 0x28,
    0x10, 0x20, 0x10, 0x20, 0x10, 0x40, 0x10, 0x40, 0x08, 0x80, 0x07, 0x00, 0x00, 0x00, 0x00, 0x00,
    0x00, 0x00, 0x00, 0x30, 0x00, 0x48, 0x04, 0x48, 0x3C, 0x30, 0x08, 0x20, 0x08, 0x30, 0x10, 0x28,
    0x10, 0x20, 0x10, 0x20, 0x10, 0x40, 0x10, 0x40, 0x08, 0x80, 0x07, 0x00, 0x00, 0x00, 0x00, 0x00,
    0x00, 0x00, 0x00, 0x00, 0x04, 0x00, 0x03, 0x80, 0x00, 0x80, 0x01, 0x00, 0x02, 0x00, 0x02, 0x00,
    0x01, 0x00, 0x02, 0xB0, 0x4C, 0x88, 0x38, 0x9C, 0x24, 0x80, 0x03, 0x00, 0x00, 0x00, 0x00, 0x00,
    0x00, 0x00, 0x00, 0x00, 0x04, 0x00, 0x03, 0x88, 0x00, 0xA4, 0x01, 0x10, 0x02, 0x00, 0x02, 0x00,
    0x01, 0x00, 0x02, 0xB0, 0x4C, 0x88, 0x38, 0x9C, 0x24, 0x80, 0x03, 0x00, 0x00, 0x00, 0x00, 0x00,
    0x00, 0x00, 0x00, 0x00, 0x04, 0x00, 0x03, 0x98, 0x00, 0xA4, 0x01, 0x24, 0x02, 0x18, 0x02, 0x00,
    0x01, 0x00, 0x02, 0xB0, 0x4C, 0x88, 0x38, 0x9C, 0x24, 0x80, 0x03, 0x00, 0x00, 0x00, 0x00, 0x00,
    0x00, 0x00, 0x00, 0x00, 0x00, 0x00, 0x00, 0x00, 0x00, 0x00, 0x06, 0x00, 0x09, 0x00, 0x10, 0x80,
    0x20, 0x40, 0x00, 0x30, 0x00, 0x0C, 0x00, 0x00, 0x00, 0x00, 0x00, 0x00, 0x00, 0x00, 0x00, 0x00,
    0x00, 0x00, 0x00, 0x00, 0x00, 0x00, 0x00, 0x10, 0x00, 0x48, 0x06, 0x20, 0x09, 0x00, 0x10, 0x80,
    0x20, 0x40, 0x00, 0x30, 0x00, 0x0C, 0x00, 0x00, 0x00, 0x00, 0x00, 0x00, 0x00, 0x00, 0x00, 0x00,
    0x00, 0x00, 0x00, 0x00, 0x00, 0x30, 0x00, 0x48, 0x00, 0x48, 0x06, 0x30, 0x09, 0x00, 0x10, 0x80,
    0x20, 0x40, 0x00, 0x30, 0x00, 0x0C, 0x00, 0x00, 0x00, 0x00, 0x00, 0x00, 0x00, 0x00, 0x00, 0x00,
    0x00, 0x00, 0x00, 0x00, 0x22, 0x30, 0x11, 0xC0, 0x10, 0x40, 0x10, 0x38, 0x23, 0xE0, 0x20, 0x20,
    0x20, 0x20, 0x20, 0x20, 0x29, 0xE0, 0x12, 0x30, 0x12, 0x28, 0x11, 0xC0, 0x00, 0x00, 0x00, 0x00,
    0x00, 0x00, 0x00, 0x00, 0x44, 0x68, 0x23, 0x84, 0x20, 0x90, 0x20, 0x78, 0x47, 0xC0, 0x40, 0x40,
    0x40, 0x40, 0x40, 0x40, 0x53, 0xC0, 0x24, 0x60, 0x24, 0x50, 0x23, 0x80, 0x00, 0x00, 0x00, 0x00,
    0x00, 0x00, 0x00, 0x18, 0x44, 0x64, 0x23, 0xA4, 0x20, 0x98, 0x20, 0x70, 0x47, 0xC0, 0x40, 0x40,
    0x40, 0x40, 0x40, 0x40, 0x53, 0xC0, 0x24, 0x60, 0x24, 0x50, 0x23, 0x80, 0x00, 0x00, 0x00, 0x00,
    0x00, 0x00, 0x01, 0x00, 0x00, 0x80, 0x10, 0xF0, 0x0F, 0x80, 0x00, 0x80, 0x10, 0xE0, 0x0F, 0x80,
    0x00, 0x80, 0x00, 0x80, 0x0F, 0x80, 0x10, 0xE0, 0x10, 0x90, 0x0F, 0x00, 0x00, 0x00, 0x00, 0x00,
    0x00, 0x00, 0x00, 0x00, 0x08, 0x80, 0x07, 0x80, 0x01, 0x00, 0x01, 0x00, 0x02, 0x20, 0x02, 0x10,
    0x0F, 0xF0, 0x34, 0x18, 0x44, 0x24, 0x48, 0x20, 0x30, 0x40, 0x00, 0x80, 0x00, 0x00, 0x00, 0x00,
    0x00, 0x00, 0x08, 0x00, 0x04, 0x00, 0x27, 0x00, 0x1C, 0x30, 0x04, 0x08, 0x1C, 0x0C, 0x24, 0x00,
    0x24, 0x00, 0x2C, 0x20, 0x18, 0x10, 0x08, 0x10, 0x08, 0x10, 0x07, 0xE0, 0x00, 0x00, 0x00, 0x00,
    0x00, 0x00, 0x00, 0x00, 0x01, 0x00, 0x00, 0x80, 0x10, 0x80, 0x13, 0xC0, 0x1C, 0xA0, 0x11, 0x10,
    0x29, 0x08, 0x2A, 0x08, 0x46, 0x08, 0x44, 0x08, 0x4A, 0x10, 0x30, 0x60, 0x00, 0x00, 0x00, 0x00,
    0x00, 0x00, 0x02, 0x00, 0x01, 0x00, 0x11, 0x00, 0x0E, 0x00, 0x03, 0x80, 0x12, 0x00, 0x24, 0x20,
    0x1C, 0x20, 0x07, 0x10, 0x04, 0x10, 0x04, 0x10, 0x04, 0x10, 0x02, 0x20, 0x01, 0xC0, 0x00, 0x00,
    0x00, 0x00, 0x00, 0x00, 0x00, 0x00, 0x00, 0x00, 0x00, 0x00, 0x01, 0x00, 0x08, 0x80, 0x09, 0xE0,
    0x0E, 0x10, 0x3C, 0x10, 0x04, 0x60, 0x02, 0x00, 0x02, 0x00, 0x01, 0x00, 0x01, 0x00, 0x00, 0x00,
    0x00, 0x00, 0x01, 0x00, 0x00, 0x80, 0x01, 0xC0, 0x18, 0x00, 0x10, 0xF0, 0x0B, 0x08, 0x4C, 0x08,
    0x34, 0x08, 0x02, 0x70, 0x02, 0x00, 0x01, 0x00, 0x01, 0x00, 0x00, 0x80, 0x00, 0x80, 0x00, 0x00,
    0x00, 0x00, 0x00, 0x00, 0x00, 0x00, 0x00, 0x00, 0x00, 0x00, 0x02, 0x00, 0x01, 0x00, 0x21, 0xE0,
    0x27, 0x10, 0x29, 0x10, 0x31, 0x10, 0x23, 0x20, 0x21, 0xC0, 0x01, 0x00, 0x02, 0x00, 0x00, 0x00,
    0x00, 0x00, 0x00, 0x00, 0x03, 0x00, 0x40, 0x80, 0x21, 0xE0, 0x22, 0x90, 0x24, 0x88, 0x28, 0x88,
    0x30, 0x88, 0x34, 0x88, 0x22, 0x90, 0x21, 0xE0, 0x00, 0x80, 0x01, 0x00, 0x02, 0x00, 0x00, 0x00,
    0x00, 0x00, 0x00, 0x00, 0x00, 0x00, 0x00, 0x00, 0x02, 0x00, 0x01, 0x00, 0x01, 0x20, 0x01, 0xC0,
    0x01, 0x00, 0x01, 0x00, 0x01, 0x00, 0x0F, 0x00, 0x11, 0xC0, 0x11, 0x20, 0x0E, 0x00, 0x00, 0x00,
    0x00, 0x00, 0x02, 0x00, 0x01, 0x00, 0x01, 0x00, 0x01, 0x30, 0x01, 0xC0, 0x01, 0x00, 0x01, 0x00,
    0x01, 0x00, 0x01, 0x00, 0x1F, 0x80, 0x21, 0x60, 0x21, 0x10, 0x1E, 0x00, 0x00, 0x00, 0x00, 0x00,
    0x00, 0x00, 0x02, 0x00, 0x01, 0x00, 0x01, 0xC0, 0x06, 0x00, 0x08, 0x00, 0x08, 0x00, 0x08, 0x00,
    0x09, 0xE0, 0x0E, 0x10, 0x08, 0x10, 0x08, 0x10, 0x00, 0x20, 0x00, 0xC0, 0x03, 0x00, 0x00, 0x00,
    0x00, 0x00, 0x10, 0x00, 0x09, 0x80, 0x0A, 0x40, 0x0C, 0x20, 0x0C, 0x20, 0x08, 0x20, 0x08, 0x20,
    0x08, 0x20, 0x08, 0x20, 0x00, 0x40, 0x00, 0x40, 0x00, 0x80, 0x01, 0x00, 0x02, 0x00, 0x00, 0x00,
    0x00, 0x00, 0x00, 0x00, 0x08, 0xC0, 0x07, 0x40, 0x00, 0x80, 0x01, 0x00, 0x02, 0x00, 0x07, 0xC0,
    0x0C, 0x20, 0x10, 0x10, 0x20, 0x10, 0x03, 0x90, 0x04, 0x60, 0x04, 0x40, 0x03, 0x80, 0x00, 0x00,
    0x00, 0x00, 0x00, 0x00, 0x10, 0x00, 0x08, 0x00, 0x09, 0xC0, 0x0A, 0x20, 0x1C, 0x20, 0x6C, 0x20,
    0x08, 0x20, 0x18, 0x20, 0x18, 0x20, 0x28, 0x20, 0x48, 0x24, 0x18, 0x18, 0x08, 0x00, 0x00, 0x00,
    0x00, 0x00, 0x00, 0x00, 0x11, 0x80, 0x0E, 0x80, 0x01, 0x00, 0x02, 0x00, 0x04, 0x00, 0x0F, 0xC0,
    0x08, 0x20, 0x10, 0x10, 0x20, 0x10, 0x00, 0x10, 0x00, 0x20, 0x00, 0xC0, 0x07, 0x00, 0x00, 0x00,
    0x00, 0x00, 0x00, 0x00, 0x00, 0x00, 0x00, 0x00, 0x00, 0x00, 0x08, 0x00, 0x04, 0x00, 0x04, 0x00,
    0x06, 0xE0, 0x1D, 0x10, 0x06, 0x10, 0x0C, 0x10, 0x0C, 0x10, 0x14, 0x20, 0x04, 0x40, 0x00, 0x00,
    0x00, 0x00, 0x10, 0x00, 0x08, 0x00, 0x08, 0x00, 0x08, 0x00, 0x4C, 0xE0, 0x3F, 0x10, 0x0C, 0x08,
    0x08, 0x08, 0x18, 0x08, 0x18, 0x08, 0x28, 0x10, 0x48, 0x20, 0x18, 0xC0, 0x08, 0x00, 0x00, 0x00,
    0x00, 0x00, 0x00, 0x00, 0x09, 0x80, 0x06, 0x80, 0x01, 0x00, 0x01, 0x00, 0x03, 0xE0, 0x0E, 0x10,
    0x12, 0x08, 0x24, 0x08, 0x24, 0x08, 0x28, 0xC8, 0x19, 0x30, 0x10, 0xE0, 0x00, 0x00, 0x00, 0x00,
    0x00, 0x00, 0x00, 0x00, 0x09, 0x80, 0x07, 0x00, 0x02, 0x00, 0x07, 0xC0, 0x08, 0x20, 0x10, 0x20,
    0x06, 0x20, 0x09, 0xC0, 0x07, 0x00, 0x08, 0x00, 0x1C, 0xE0, 0x23, 0x10, 0x40, 0x38, 0x00, 0x00,
    0x00, 0x00, 0x04, 0x00, 0x02, 0x00, 0x12, 0xC0, 0x0F, 0x00, 0x04, 0x00, 0x04, 0x20, 0x0F, 0x38,
    0x18, 0xC0, 0x21, 0x80, 0x02, 0x80, 0x04, 0x80, 0x08, 0x00, 0x08, 0x00, 0x07, 0xE0, 0x00, 0x00,
    0x00, 0x00, 0x02, 0x00, 0x01, 0x00, 0x01, 0x00, 0x02, 0x00, 0x02, 0x00, 0x04, 0x00, 0x04, 0x00,
    0x0F, 0x00, 0x08, 0x80, 0x10, 0x80, 0x10, 0x88, 0x20, 0x90, 0x20, 0x60, 0x00, 0x00, 0x00, 0x00,
    0x00, 0x00, 0x02, 0x00, 0x01, 0xC8, 0x00, 0x04, 0x00, 0x10, 0x03, 0xC8, 0x1C, 0x20, 0x00, 0x20,
    0x00, 0x20, 0x00, 0x20, 0x00, 0x20, 0x00, 0x40, 0x00, 0x40, 0x00, 0x80, 0x01, 0x00, 0x00, 0x00,
    0x00, 0x00, 0x00, 0x00, 0x00, 0x00, 0x00, 0x00, 0x00, 0x00, 0x04, 0x00, 0x04, 0x60, 0x3F, 0x10,
    0x04, 0x88, 0x08, 0x98, 0x10, 0x80, 0x11, 0x00, 0x25, 0x00, 0x22, 0x00, 0x00, 0x00, 0x00, 0x00,
    0x00, 0x00, 0x00, 0x00, 0x00, 0x00, 0x00, 0x80, 0x00, 0x40, 0x08, 0x20, 0x08, 0x20, 0x08, 0x38,
    0x11, 0xE0, 0x10, 0x20, 0x10, 0x20, 0x14, 0x20, 0x14, 0x40, 0x08, 0x40, 0x00, 0x80, 0x00, 0x00,
    0x00, 0x00, 0x7F, 0xFE, 0x63, 0xCE, 0x7D, 0xB6, 0x71, 0xB6, 0x7D, 0xB6, 0x63, 0xCE, 0x7F, 0xFE,
    0x7F, 0xFE, 0x73, 0x86, 0x6D, 0xF6, 0x71, 0xEE, 0x7D, 0xDE, 0x73, 0xDE, 0x7F, 0xFE, 0x00, 0x00,
    0x00, 0x00, 0x7F, 0xFE, 0x63, 0xCE, 0x7D, 0xB6, 0x71, 0xB6, 0x7D, 0xB6, 0x63, 0xCE, 0x7F, 0xFE,
    0x7F, 0xFE, 0x73, 0xCE, 0x6D, 0xB6, 0x71, 0xCE, 0x7D, 0xB6, 0x73, 0xCE, 0x7F, 0xFE, 0x00, 0x00,
    0x00, 0x00, 0x00, 0x04, 0x00, 0x12, 0x00, 0x08, 0x00, 0x00, 0x00, 0x00, 0x00, 0x00, 0x00, 0x00,
    0x00, 0x00, 0x00, 0x00, 0x00, 0x00, 0x00, 0x00, 0x00, 0x00, 0x00, 0x00, 0x00, 0x00, 0x00, 0x00,
    0x00, 0x00, 0x00, 0x06, 0x00, 0x09, 0x00, 0x09, 0x00, 0x06, 0x00, 0x00, 0x00, 0x00, 0x00, 0x00,
    0x00, 0x00, 0x00, 0x00, 0x00, 0x00, 0x00, 0x00, 0x00, 0x00, 0x00, 0x00, 0x00, 0x00, 0x00, 0x00,
    0x00, 0x00, 0x10, 0x00, 0x48, 0x00, 0x20, 0x00, 0x00, 0x00, 0x00, 0x00, 0x00, 0x00, 0x00, 0x00,
    0x00, 0x00, 0x00, 0x00, 0x00, 0x00, 0x00, 0x00, 0x00, 0x00, 0x00, 0x00, 0x00, 0x00, 0x00, 0x00,
    0x00, 0x00, 0x30, 0x00, 0x48, 0x00, 0x48, 0x00, 0x30, 0x00, 0x00, 0x00, 0x00, 0x00, 0x00, 0x00,
    0x00, 0x00, 0x00, 0x00, 0x00, 0x00, 0x00, 0x00, 0x00, 0x00, 0x00, 0x00, 0x00, 0x00, 0x00, 0x00,
    0x00, 0x00, 0x00, 0x00, 0x00, 0x00, 0x00, 0x00, 0x00, 0x00, 0x0C, 0x00, 0x03, 0x00, 0x00, 0x80,
    0x00, 0xC0, 0x01, 0x00, 0x00, 0x00, 0x00, 0x00, 0x00, 0x00, 0x00, 0x00, 0x00, 0x00, 0x00, 0x00,
    0x00, 0x00, 0x00, 0x00, 0x00, 0x00, 0x00, 0x20, 0x00, 0x90, 0x0C, 0x40, 0x03, 0x00, 0x00, 0x80,
    0x00, 0xC0, 0x01, 0x00, 0x00, 0x00, 0x00, 0x00, 0x00, 0x00, 0x00, 0x00, 0x00, 0x00, 0x00, 0x00,
    0x00, 0x00, 0x00, 0x00, 0x06, 0x00, 0x01, 0x80, 0x08, 0x00, 0x08, 0x00, 0x08, 0x00, 0x08, 0x00,
    0x0F, 0xC0, 0x10, 0x20, 0x00, 0x10, 0x00, 0x10, 0x00, 0x20, 0x00, 0xC0, 0x03, 0x00, 0x00, 0x00,
    0x00, 0x00, 0x00, 0x00, 0x00, 0x00, 0x00, 0x00, 0x00, 0x00, 0x00, 0x00, 0x00, 0x00, 0x07, 0xE0,
    0x00, 0x00, 0x00, 0x00, 0x00, 0x00, 0x07, 0xE0, 0x00, 0x00, 0x00, 0x00, 0x00, 0x00, 0x00, 0x00,
    0x00, 0x00, 0x00, 0x00, 0x00, 0x00, 0x00, 0x00, 0x00, 0x00, 0x00, 0x00, 0x00, 0x00, 0x21, 0xE0,
    0x1E, 0x20, 0x02, 0x40, 0x01, 0x80, 0x01, 0x00, 0x01, 0x00, 0x02, 0x00, 0x04, 0x00, 0x00, 0x00,
    0x00, 0x00, 0x00, 0x00, 0x00, 0x00, 0x21, 0xF0, 0x1E, 0x10, 0x00, 0x20, 0x02, 0x40, 0x01, 0x80,
    0x01, 0x00, 0x01, 0x00, 0x01, 0x00, 0x02, 0x00, 0x02, 0x00, 0x04, 0x00, 0x08, 0x00, 0x00, 0x00,
    0x00, 0x00, 0x00, 0x00, 0x00, 0x00, 0x00, 0x00, 0x00, 0x00, 0x00, 0x20, 0x00, 0x40, 0x00, 0x80,
    0x03, 0x80, 0x1C, 0x80, 0x00, 0x80, 0x00, 0x80, 0x00, 0x80, 0x00, 0x80, 0x00, 0x80, 0x00, 0x00,
    0x00, 0x00, 0x00, 0x00, 0x00, 0x20, 0x00, 0x20, 0x00, 0x40, 0x00, 0x80, 0x03, 0x00, 0x0D, 0x00,
    0x30, 0x80, 0x00, 0x80, 0x00, 0x80, 0x00, 0x80, 0x00, 0x80, 0x00, 0x80, 0x00, 0x80, 0x00, 0x00,
    0x00, 0x00, 0x00, 0x00, 0x00, 0x00, 0x00, 0x00, 0x00, 0x00, 0x02, 0x00, 0x01, 0x00, 0x01, 0xE0,
    0x1E, 0x20, 0x08, 0x20, 0x08, 0x40, 0x00, 0x40, 0x00, 0x80, 0x01, 0x00, 0x02, 0x00, 0x00, 0x00,
    0x00, 0x00, 0x00, 0x00, 0x02, 0x00, 0x01, 0x00, 0x01, 0x00, 0x01, 0xF0, 0x3E, 0x10, 0x10, 0x10,
    0x10, 0x20, 0x08, 0x20, 0x08, 0x40, 0x00, 0x40, 0x00, 0x80, 0x01, 0x00, 0x02, 0x00, 0x00, 0x00,
    0x00, 0x00, 0x00, 0x00, 0x00, 0x00, 0x00, 0x00, 0x00, 0x00, 0x00, 0x00, 0x00, 0x00, 0x00, 0xE0,
    0x0F, 0x00, 0x01, 0x00, 0x01, 0x00, 0x01, 0x00, 0x01, 0xE0, 0x1E, 0x10, 0x00, 0x00, 0x00, 0x00,
    0x00, 0x00, 0x00, 0x00, 0x00, 0x00, 0x00, 0x00, 0x00, 0x70, 0x1F, 0x80, 0x02, 0x00, 0x01, 0x00,
    0x01, 0x00, 0x01, 0x00, 0x01, 0x00, 0x03, 0xF0, 0x3C, 0x08, 0x00, 0x00, 0x00, 0x00, 0x00, 0x00,
    0x00, 0x00, 0x00, 0x00, 0x00, 0x00, 0x00, 0x00, 0x00, 0x00, 0x01, 0x00, 0x00, 0x80, 0x10, 0xE0,
    0x0F, 0x80, 0x01, 0x80, 0x02, 0x80, 0x04, 0x80, 0x08, 0x80, 0x11, 0x80, 0x00, 0x80, 0x00, 0x00,
    0x00, 0x00, 0x00, 0x00, 0x00, 0x80, 0x00, 0x40, 0x00, 0x40, 0x20, 0x78, 0x1F, 0xC0, 0x00, 0xC0,
    0x01, 0x40, 0x02, 0x40, 0x04, 0x40, 0x08, 0x40, 0x10, 0x40, 0x00, 0xC0, 0x00, 0x40, 0x00, 0x00,
    0x00, 0x00, 0x00, 0x00, 0x02, 0x00, 0x01, 0x00, 0x01, 0x00, 0x21, 0xF0, 0x1F, 0x10, 0x02, 0x10,
    0x02, 0x10, 0x04, 0x20, 0x04, 0x20, 0x08, 0x20, 0x11, 0x40, 0x20, 0xC0, 0x00, 0x80, 0x00, 0x00,
    0x00, 0x00, 0x00, 0x08, 0x02, 0x24, 0x01, 0x14, 0x01, 0x10, 0x21, 0xF0, 0x1F, 0x10, 0x02, 0x10,
    0x02, 0x10, 0x04, 0x20, 0x04, 0x20, 0x08, 0x20, 0x11, 0x40, 0x20, 0xC0, 0x00, 0x80, 0x00, 0x00,
    0x00, 0x00, 0x00, 0x00, 0x04, 0x00, 0x02, 0x00, 0x02, 0x70, 0x03, 0x80, 0x1D, 0x00, 0x01, 0x00,
    0x01, 0x78, 0x03, 0x80, 0x3C, 0x80, 0x00, 0x80, 0x00, 0x40, 0x00, 0x40, 0x00, 0x40, 0x00, 0x00,
    0x00, 0x00, 0x00, 0x08, 0x04, 0x24, 0x02, 0x14, 0x02, 0x70, 0x03, 0x80, 0x1D, 0x00, 0x01, 0x00,
    0x01, 0x78, 0x03, 0x80, 0x3C, 0x80, 0x00, 0x80, 0x00, 0x40, 0x00, 0x40, 0x00, 0x40, 0x00, 0x00,
    0x00, 0x00, 0x00, 0x00, 0x04, 0x00, 0x02, 0x70, 0x03, 0x90, 0x02, 0x20, 0x04, 0x20, 0x04, 0x40,
    0x08, 0x40, 0x10, 0x80, 0x00, 0x80, 0x01, 0x00, 0x02, 0x00, 0x04, 0x00, 0x08, 0x00, 0x00, 0x00,
    0x00, 0x00, 0x00, 0x08, 0x08, 0x24, 0x04, 0xD4, 0x07, 0x50, 0x04, 0x40, 0x08, 0x40, 0x08, 0x80,
    0x10, 0x80, 0x21, 0x00, 0x01, 0x00, 0x02, 0x00, 0x04, 0x00, 0x08, 0x00, 0x10, 0x00, 0x00, 0x00,
    0x00, 0x00, 0x00, 0x00, 0x08, 0x00, 0x04, 0x00, 0x04, 0x00, 0x04, 0x38, 0x0F, 0xC0, 0x09, 0x00,
    0x10, 0x80, 0x20, 0x80, 0x00, 0x80, 0x01, 0x00, 0x01, 0x00, 0x02, 0x00, 0x04, 0x00, 0x00, 0x00,
    0x00, 0x00, 0x00, 0x08, 0x08, 0x24, 0x04, 0x14, 0x04, 0x10, 0x04, 0x38, 0x0F, 0xC0, 0x09, 0x00,
    0x10, 0x80, 0x20, 0x80, 0x00, 0x80, 0x01, 0x00, 0x01, 0x00, 0x02, 0x00, 0x04, 0x00, 0x00, 0x00,
    0x00, 0x00, 0x00, 0x00, 0x00, 0x00, 0x00, 0x00, 0x21, 0xF0, 0x1E, 0x10, 0x00, 0x10, 0x00, 0x10,
    0x00, 0x10, 0x00, 0x20, 0x00, 0x20, 0x03, 0xE0, 0x1C, 0x20, 0x00, 0x00, 0x00, 0x00, 0x00, 0x00,
    0x00, 0x00, 0x00, 0x08, 0x00, 0x24, 0x00, 0x14, 0x43, 0xD0, 0x3C, 0x40, 0x00, 0x40, 0x00, 0x40,
    0x00, 0x40, 0x00, 0x80, 0x00, 0x80, 0x07, 0x80, 0x38, 0x80, 0x00, 0x00, 0x00, 0x00, 0x00, 0x00,
    0x00, 0x00, 0x00, 0x00, 0x00, 0x80, 0x08, 0x40, 0x04, 0x40, 0x04, 0x40, 0x24, 0xF8, 0x1F, 0x40,
    0x04, 0x40, 0x04, 0x40, 0x04, 0x40, 0x00, 0x80, 0x00, 0x80, 0x01, 0x00, 0x02, 0x00, 0x00, 0x00,
    0x00, 0x00, 0x00, 0x08, 0x00, 0xA4, 0x08, 0x54, 0x04, 0x50, 0x04, 0x40, 0x24, 0xF8, 0x1F, 0x40,
    0x04, 0x40, 0x04, 0x40, 0x04, 0x40, 0x00, 0x80, 0x00, 0x80, 0x01, 0x00, 0x02, 0x00, 0x00, 0x00,
    0x00, 0x00, 0x00, 0x00, 0x00, 0x00, 0x0C, 0x00, 0x02, 0x00, 0x00, 0x00, 0x18, 0x00, 0x04, 0x08,
    0x00, 0x10, 0x00, 0x20, 0x00, 0x40, 0x00, 0x80, 0x13, 0x00, 0x0C, 0x00, 0x00, 0x00, 0x00, 0x00,
    0x00, 0x00, 0x00, 0x00, 0x00, 0x08, 0x0C, 0x24, 0x02, 0x14, 0x00, 0x10, 0x18, 0x00, 0x04, 0x08,
    0x00, 0x10, 0x00, 0x20, 0x00, 0x40, 0x00, 0x80, 0x13, 0x00, 0x0C, 0x00, 0x00, 0x00, 0x00, 0x00,
    0x00, 0x00, 0x00, 0x00, 0x00, 0x00, 0x10, 0xE0, 0x0F, 0x20, 0x00, 0x40, 0x00, 0x40, 0x00, 0x80,
    0x00, 0x80, 0x01, 0x40, 0x02, 0x20, 0x0C, 0x10, 0x30, 0x10, 0x00, 0x00, 0x00, 0x00, 0x00, 0x00,
    0x00, 0x00, 0x00, 0x08, 0x00, 0x24, 0x21, 0xD4, 0x1E, 0x50, 0x00, 0x80, 0x00, 0x80, 0x01, 0x00,
    0x01, 0x00, 0x02, 0x80, 0x04, 0x40, 0x18, 0x20, 0x60, 0x20, 0x00, 0x00, 0x00, 0x00, 0x00, 0x00,
    0x00, 0x00, 0x00, 0x00, 0x08, 0x00, 0x04, 0x00, 0x04, 0x00, 0x04, 0x78, 0x05, 0x88, 0x26, 0x10,
    0x1C, 0x20, 0x04, 0x40, 0x04, 0x00, 0x04, 0x00, 0x02, 0x00, 0x01, 0xF0, 0x00, 0x00, 0x00, 0x00,
    0x00, 0x00, 0x00, 0x08, 0x08, 0x24, 0x04, 0x14, 0x04, 0x10, 0x04, 0x78, 0x05, 0x88, 0x26, 0x10,
    0x1C, 0x20, 0x04, 0x40, 0x04, 0x00, 0x04, 0x00, 0x02, 0x00, 0x01, 0xF8, 0x00, 0x00, 0x00, 0x00,
    0x00, 0x00, 0x00, 0x00, 0x00, 0x20, 0x10, 0x10, 0x08, 0x10, 0x04, 0x10, 0x04, 0x20, 0x04, 0x20,
    0x00, 0x40, 0x00, 0x40, 0x00, 0x80, 0x00, 0x80, 0x01, 0x00, 0x02, 0x00, 0x04, 0x00, 0x00, 0x00,
    0x00, 0x00, 0x00, 0x08, 0x00, 0xA4, 0x20, 0x54, 0x10, 0x50, 0x08, 0x40, 0x08, 0x40, 0x08, 0x40,
    0x00, 0x80, 0x00, 0x80, 0x01, 0x00, 0x01, 0x00, 0x02, 0x00, 0x04, 0x00, 0x08, 0x00, 0x00, 0x00,
    0x00, 0x00, 0x00, 0x00, 0x02, 0x00, 0x01, 0x00, 0x01, 0xF0, 0x02, 0x10, 0x02, 0x20, 0x05, 0x20,
    0x08, 0xC0, 0x10, 0x40, 0x00, 0x80, 0x01, 0x00, 0x02, 0x00, 0x0C, 0x00, 0x30, 0x00, 0x00, 0x00,
    0x00, 0x00, 0x00, 0x08, 0x04, 0x24, 0x02, 0x14, 0x03, 0xF0, 0x04, 0x20, 0x04, 0x20, 0x0A, 0x40,
    0x11, 0x40, 0x20, 0x80, 0x01, 0x00, 0x02, 0x00, 0x04, 0x00, 0x18, 0x00, 0x60, 0x00, 0x00, 0x00,
    0x00, 0x00, 0x00, 0x00, 0x00, 0x40, 0x01, 0x80, 0x1E, 0x00, 0x01, 0x00, 0x00, 0xF8, 0x23, 0x80,
    0x1C, 0x80, 0x00, 0x80, 0x00, 0x80, 0x01, 0x00, 0x01, 0x00, 0x02, 0x00, 0x04, 0x00, 0x00, 0x00,
    0x00, 0x00, 0x00, 0x08, 0x00, 0x64, 0x01, 0x94, 0x1E, 0x10, 0x01, 0x00, 0x00, 0xF8, 0x23, 0x80,
    0x1C, 0x80, 0x00, 0x80, 0x00, 0x80, 0x01, 0x00, 0x01, 0x00, 0x02, 0x00, 0x04, 0x00, 0x00, 0x00,
    0x00, 0x00, 0x00, 0x00, 0x00, 0x00, 0x00, 0x00, 0x00, 0x00, 0x00, 0x00, 0x00, 0x00, 0x04, 0x40,
    0x12, 0x20, 0x0A, 0x20, 0x08, 0x40, 0x00, 0x40, 0x00, 0x80, 0x01, 0x00, 0x02, 0x00, 0x00, 0x00,
    0x00, 0x00, 0x00, 0x00, 0x00, 0x00, 0x04, 0x10, 0x22, 0x08, 0x11, 0x08, 0x09, 0x10, 0x08, 0x10,
    0x00, 0x20, 0x00, 0x20, 0x00, 0x40, 0x00, 0x80, 0x01, 0x00, 0x02, 0x00, 0x00, 0x00, 0x00, 0x00,
    0x00, 0x00, 0x00, 0x08, 0x00, 0x24, 0x10, 0x94, 0x08, 0x50, 0x44, 0x40, 0x24, 0x40, 0x10, 0x40,
    0x10, 0x80, 0x00, 0x80, 0x01, 0x00, 0x02, 0x00, 0x04, 0x00, 0x08, 0x00, 0x00, 0x00, 0x00, 0x00,
    0x00, 0x00, 0x00, 0x00, 0x00, 0x00, 0x11, 0xE0, 0x0E, 0x00, 0x00, 0x00, 0x00, 0x78, 0x23, 0x80,
    0x1C, 0x80, 0x00, 0x80, 0x01, 0x00, 0x01, 0x00, 0x02, 0x00, 0x04, 0x00, 0x08, 0x00, 0x00, 0x00,
    0x00, 0x00, 0x00, 0x08, 0x00, 0x24, 0x11, 0xD4, 0x0E, 0x10, 0x00, 0x00, 0x20, 0xF0, 0x1F, 0x00,
    0x00, 0x80, 0x00, 0x80, 0x01, 0x00, 0x01, 0x00, 0x02, 0x00, 0x04, 0x00, 0x08, 0x00, 0x00, 0x00,
    0x00, 0x00, 0x00, 0x00, 0x08, 0x00, 0x04, 0x00, 0x04, 0x00, 0x04, 0x00, 0x04, 0x00, 0x07, 0x00,
    0x04, 0xC0, 0x04, 0x20, 0x04, 0x00, 0x04, 0x00, 0x04, 0x00, 0x04, 0x00, 0x04, 0x00, 0x00, 0x00,
    0x00, 0x00, 0x00, 0x20, 0x10, 0x90, 0x08, 0x50, 0x08, 0x40, 0x08, 0x00, 0x08, 0x00, 0x0E, 0x00,
    0x09, 0x80, 0x08, 0x40, 0x08, 0x00, 0x08, 0x00, 0x08, 0x00, 0x08, 0x00, 0x08, 0x00, 0x00, 0x00,
    0x00, 0x00, 0x00, 0x00, 0x01, 0x00, 0x00, 0x80, 0x00, 0x80, 0x20, 0xF8, 0x1F, 0x80, 0x00, 0x80,
    0x00, 0x80, 0x00, 0x80, 0x01, 0x00, 0x01, 0x00, 0x02, 0x00, 0x04, 0x00, 0x08, 0x00, 0x00, 0x00,
    0x00, 0x00, 0x00, 0x00, 0x00, 0x00, 0x00, 0x00, 0x00, 0xE0, 0x1F, 0x00, 0x00, 0x00, 0x00, 0x00,
    0x00, 0x00, 0x00, 0x00, 0x01, 0xF0, 0x3E, 0x08, 0x00, 0x00, 0x00, 0x00, 0x00, 0x00, 0x00, 0x00,
    0x00, 0x00, 0x00, 0x00, 0x00, 0x00, 0x10, 0xF0, 0x0F, 0x10, 0x00, 0x20, 0x00, 0x20, 0x0E, 0x40,
    0x01, 0xC0, 0x00, 0xC0, 0x01, 0x20, 0x02, 0x10, 0x0C, 0x10, 0x30, 0x00, 0x00, 0x00, 0x00, 0x00,
    0x00, 0x00, 0x00, 0x00, 0x02, 0x00, 0x01, 0x00, 0x01, 0xE0, 0x1E, 0x20, 0x00, 0x40, 0x00, 0x80,
    0x01, 0x00, 0x03, 0x40, 0x0D, 0x30, 0x31, 0x08, 0x01, 0x00, 0x01, 0x00, 0x01, 0x00, 0x00, 0x00,
    0x00, 0x00, 0x00, 0x00, 0x00, 0x40, 0x00, 0x20, 0x00, 0x20, 0x00, 0x20, 0x00, 0x40, 0x00, 0x40,
    0x00, 0x80, 0x00, 0x80, 0x01, 0x00, 0x02, 0x00, 0x04, 0x00, 0x08, 0x00, 0x10, 0x00, 0x00, 0x00,
    0x00, 0x00, 0x00, 0x00, 0x00, 0x00, 0x00, 0x00, 0x00, 0x00, 0x08, 0x80, 0x04, 0x40, 0x04, 0x20,
    0x08, 0x10, 0x08, 0x10, 0x10, 0x08, 0x20, 0x08, 0x40, 0x08, 0x00, 0x00, 0x00, 0x00, 0x00, 0x00,
    0x00, 0x00, 0x00, 0x00, 0x00, 0x08, 0x00, 0x24, 0x00, 0x14, 0x08, 0x90, 0x04, 0x40, 0x04, 0x20,
    0x08, 0x10, 0x08, 0x10, 0x10, 0x08, 0x20, 0x08, 0x40, 0x08, 0x00, 0x00, 0x00, 0x00, 0x00, 0x00,
    0x00, 0x00, 0x00, 0x18, 0x00, 0x24, 0x00, 0x24, 0x00, 0x18, 0x08, 0x80, 0x04, 0x40, 0x04, 0x20,
    0x08, 0x10, 0x08, 0x10, 0x10, 0x08, 0x20, 0x08, 0x40, 0x08, 0x00, 0x00, 0x00, 0x00, 0x00, 0x00,
    0x00, 0x00, 0x00, 0x00, 0x00, 0x00, 0x10, 0x00, 0x08, 0x00, 0x08, 0x00, 0x08, 0xE0, 0x0F, 0x00,
    0x08, 0x00, 0x08, 0x00, 0x08, 0x00, 0x08, 0x00, 0x04, 0x00, 0x03, 0xF0, 0x00, 0x00, 0x00, 0x00,
    0x00, 0x00, 0x00, 0x00, 0x00, 0x10, 0x10, 0x48, 0x08, 0x28, 0x08, 0x20, 0x08, 0x00, 0x08, 0xE0,
    0x0F, 0x00, 0x08, 0x00, 0x08, 0x00, 0x08, 0x00, 0x04, 0x00, 0x03, 0xF0, 0x00, 0x00, 0x00, 0x00,
    0x00, 0x00, 0x00, 0x00, 0x00, 0x30, 0x10, 0x48, 0x08, 0x48, 0x08, 0x30, 0x08, 0x00, 0x08, 0xE0,
    0x0F, 0x00, 0x08, 0x00, 0x08, 0x00, 0x08, 0x00, 0x04, 0x00, 0x03, 0xF0, 0x00, 0x00, 0x00, 0x00,
    0x00, 0x00, 0x00, 0x00, 0x00, 0x00, 0x10, 0xF0, 0x0F, 0x10, 0x00, 0x10, 0x00, 0x20, 0x00, 0x20,
    0x00, 0x40, 0x00, 0x40, 0x00, 0x80, 0x01, 0x00, 0x02, 0x00, 0x04, 0x00, 0x00, 0x00, 0x00, 0x00,
    0x00, 0x00, 0x00, 0x08, 0x00, 0x24, 0x23, 0xD4, 0x1C, 0x50, 0x00, 0x40, 0x00, 0x80, 0x00, 0x80,
    0x01, 0x00, 0x01, 0x00, 0x02, 0x00, 0x04, 0x00, 0x08, 0x00, 0x10, 0x00, 0x00, 0x00, 0x00, 0x00,
    0x00, 0x00, 0x00, 0x18, 0x00, 0x24, 0x23, 0xE4, 0x1C, 0x58, 0x00, 0x40, 0x00, 0x80, 0x00, 0x80,
    0x01, 0x00, 0x01, 0x00, 0x02, 0x00, 0x04, 0x00, 0x08, 0x00, 0x10, 0x00, 0x00, 0x00, 0x00, 0x00,
    0x00, 0x00, 0x00, 0x00, 0x00, 0x00, 0x00, 0x00, 0x00, 0x00, 0x02, 0x00, 0x05, 0x00, 0x48, 0x80,
    0x30, 0x40, 0x00, 0x30, 0x00, 0x0C, 0x00, 0x00, 0x00, 0x00, 0x00, 0x00, 0x00, 0x00, 0x00, 0x00,
    0x00, 0x00, 0x00, 0x00, 0x00, 0x20, 0x00, 0x90, 0x00, 0x50, 0x02, 0x40, 0x05, 0x00, 0x48, 0x80,
    0x30, 0x40, 0x00, 0x30, 0x00, 0x0C, 0x00, 0x00, 0x00, 0x00, 0x00, 0x00, 0x00, 0x00, 0x00, 0x00,
    0x00, 0x00, 0x00, 0x00, 0x00, 0x60, 0x00, 0x90, 0x00, 0x90, 0x02, 0x60, 0x05, 0x00, 0x48, 0x80,
    0x30, 0x40, 0x00, 0x30, 0x00, 0x0C, 0x00, 0x00, 0x00, 0x00, 0x00, 0x00, 0x00, 0x00, 0x00, 0x00,
    0x00, 0x00, 0x00, 0x00, 0x02, 0x00, 0x01, 0x00, 0x01, 0x00, 0x21, 0xF0, 0x1F, 0x00, 0x01, 0x00,
    0x01, 0x40, 0x09, 0x20, 0x09, 0x10, 0x11, 0x10, 0x21, 0x00, 0x03, 0x00, 0x01, 0x00, 0x00, 0x00,
    0x00, 0x00, 0x00, 0x08, 0x02, 0x24, 0x01, 0x14, 0x01, 0x10, 0x21, 0xF0, 0x1F, 0x00, 0x01, 0x00,
    0x01, 0x40, 0x09, 0x20, 0x09, 0x10, 0x11, 0x10, 0x21, 0x00, 0x03, 0x00, 0x01, 0x00, 0x00, 0x00,
    0x00, 0x00, 0x00, 0x18, 0x02, 0x24, 0x01, 0x24, 0x01, 0x18, 0x21, 0xF0, 0x1F, 0x00, 0x01, 0x00,
    0x01, 0x40, 0x09, 0x20, 0x09, 0x10, 0x11, 0x10, 0x21, 0x00, 0x03, 0x00, 0x01, 0x00, 0x00, 0x00,
    0x00, 0x00, 0x00, 0x00, 0x00, 0x00, 0x00, 0x00, 0x20, 0xF0, 0x1F, 0x08, 0x00, 0x10, 0x00, 0x20,
    0x00, 0x40, 0x0C, 0x80, 0x03, 0x00, 0x00, 0x80, 0x00, 0x40, 0x00, 0x00, 0x00, 0x00, 0x00, 0x00,
    0x00, 0x00, 0x00, 0x00, 0x04, 0x00, 0x03, 0x00, 0x00, 0xC0, 0x00, 0x20, 0x08, 0x00, 0x06, 0x00,
    0x01, 0x80, 0x00, 0x40, 0x10, 0x00, 0x0C, 0x00, 0x03, 0x00, 0x00, 0xC0, 0x00, 0x20, 0x00, 0x00,
    0x00, 0x00, 0x00, 0x00, 0x02, 0x00, 0x01, 0x00, 0x01, 0x00, 0x01, 0x00, 0x02, 0x00, 0x02, 0x00,
    0x02, 0x40, 0x04, 0x20, 0x04, 0x30, 0x29, 0xC8, 0x1E, 0x08, 0x00, 0x00, 0x00, 0x00, 0x00, 0x00,
    0x00, 0x00, 0x00, 0x00, 0x00, 0x40, 0x00, 0x20, 0x00, 0x20, 0x00, 0x20, 0x06, 0x20, 0x01, 0xC0,
    0x00, 0x40, 0x00, 0xA0, 0x00, 0x90, 0x01, 0x00, 0x02, 0x00, 0x0C, 0x00, 0x30, 0x00, 0x00, 0x00,
    0x00, 0x00, 0x00, 0x00, 0x00, 0x00, 0x10, 0xE0, 0x0F, 0x00, 0x02, 0x00, 0x02, 0x00, 0x23, 0xF8,
    0x1E, 0x00, 0x02, 0x00, 0x02, 0x00, 0x02, 0x00, 0x01, 0xF0, 0x00, 0x00, 0x00, 0x00, 0x00, 0x00,
    0x00, 0x00, 0x00, 0x00, 0x00, 0x00, 0x00, 0x00, 0x00, 0x00, 0x00, 0x00, 0x04, 0x00, 0x02, 0x70,
    0x03, 0x90, 0x1E, 0x20, 0x01, 0x40, 0x01, 0x00, 0x00, 0x80, 0x00, 0x80, 0x00, 0x80, 0x00, 0x00,
    0x00, 0x00, 0x00, 0x00, 0x08, 0x00, 0x04, 0x00, 0x04, 0x78, 0x03, 0x88, 0x26, 0x10, 0x1A, 0x20,
    0x01, 0x40, 0x01, 0x00, 0x01, 0x00, 0x00, 0x80, 0x00, 0x80, 0x00, 0x80, 0x00, 0x00, 0x00, 0x00,
    0x00, 0x00, 0x00, 0x00, 0x00, 0x00, 0x00, 0x00, 0x00, 0x00, 0x00, 0x00, 0x00, 0x00, 0x01, 0xC0,
    0x0E, 0x40, 0x00, 0x40, 0x00, 0x80, 0x01, 0xE0, 0x1E, 0x10, 0x00, 0x00, 0x00, 0x00, 0x00, 0x00,
    0x00, 0x00, 0x00, 0x00, 0x00, 0x00, 0x00, 0x00, 0x00, 0x00, 0x11, 0xC0, 0x0E, 0x40, 0x00, 0x40,
    0x00, 0x80, 0x00, 0x80, 0x01, 0xF0, 0x3E, 0x08, 0x00, 0x00, 0x00, 0x00, 0x00, 0x00, 0x00, 0x00,
    0x00, 0x00, 0x00, 0x00, 0x00, 0x00, 0x00, 0x00, 0x00, 0x00, 0x00, 0x00, 0x01, 0xE0, 0x0E, 0x20,
    0x00, 0x20, 0x01, 0xE0, 0x0E, 0x40, 0x00, 0x40, 0x01, 0xC0, 0x0E, 0x20, 0x00, 0x00, 0x00, 0x00,
    0x00, 0x00, 0x00, 0x00, 0x00, 0x00, 0x01, 0xF0, 0x1E, 0x10, 0x00, 0x10, 0x00, 0x10, 0x01, 0xE0,
    0x0E, 0x20, 0x00, 0x20, 0x00, 0x20, 0x00, 0x20, 0x01, 0xE0, 0x0E, 0x10, 0x00, 0x00, 0x00, 0x00,
    0x00, 0x00, 0x00, 0x00, 0x00, 0x00, 0x11, 0xC0, 0x0E, 0x00, 0x00, 0x70, 0x23, 0x90, 0x1C, 0x10,
    0x00, 0x10, 0x00, 0x20, 0x00, 0x20, 0x00, 0x40, 0x00, 0x80, 0x03, 0x00, 0x0C, 0x00, 0x00, 0x00,
    0x00, 0x00, 0x00, 0x00, 0x00, 0x40, 0x08, 0x20, 0x04, 0x20, 0x04, 0x20, 0x04, 0x20, 0x04, 0x20,
    0x04, 0x20, 0x04, 0x20, 0x00, 0x40, 0x00, 0x40, 0x00, 0x80, 0x01, 0x00, 0x02, 0x00, 0x00, 0x00,
    0x00, 0x00, 0x00, 0x00, 0x00, 0x00, 0x01, 0x00, 0x08, 0x80, 0x04, 0x80, 0x04, 0x80, 0x04, 0x88,
    0x04, 0x88, 0x04, 0x90, 0x08, 0x90, 0x08, 0xA0, 0x10, 0xC0, 0x20, 0x80, 0x00, 0x00, 0x00, 0x00,
    0x00, 0x00, 0x00, 0x00, 0x10, 0x00, 0x08, 0x00, 0x08, 0x00, 0x08, 0x00, 0x08, 0x00, 0x08, 0x00,
    0x08, 0x10, 0x08, 0x20, 0x08, 0x40, 0x08, 0x80, 0x0B, 0x00, 0x0C, 0x00, 0x00, 0x00, 0x00, 0x00,
    0x00, 0x00, 0x00, 0x00, 0x00, 0x00, 0x00, 0x00, 0x21, 0xF0, 0x1E, 0x10, 0x10, 0x10, 0x10, 0x10,
    0x08, 0x20, 0x08, 0x20, 0x09, 0xE0, 0x0E, 0x10, 0x08, 0x00, 0x00, 0x00, 0x00, 0x00, 0x00, 0x00,
    0x00, 0x00, 0x00, 0x00, 0x00, 0x00, 0x00, 0x00, 0x00, 0x00, 0x00, 0x00, 0x00, 0x00, 0x10, 0xF0,
    0x0F, 0x10, 0x08, 0x20, 0x04, 0x20, 0x04, 0x40, 0x00, 0x40, 0x00, 0x80, 0x01, 0x00, 0x00, 0x00,
    0x00, 0x00, 0x00, 0x00, 0x00, 0x00, 0x21, 0xF0, 0x1E, 0x10, 0x10, 0x10, 0x08, 0x10, 0x08, 0x20,
    0x08, 0x20, 0x00, 0x40, 0x00, 0x40, 0x00, 0x80, 0x01, 0x00, 0x02, 0x00, 0x04, 0x00, 0x00, 0x00,
    0x00, 0x00, 0x00, 0x00, 0x01, 0x00, 0x00, 0x80, 0x00, 0x80, 0x01, 0xF0, 0x1E, 0x80, 0x08, 0x80,
    0x04, 0x80, 0x05, 0xF0, 0x3E, 0x88, 0x00, 0x80, 0x00, 0x80, 0x00, 0x80, 0x00, 0x80, 0x00, 0x00,
    0x00, 0x00, 0x00, 0x00, 0x00, 0x00, 0x00, 0x00, 0x01, 0xE0, 0x1E, 0x20, 0x02, 0x40, 0x01, 0x80,
    0x01, 0x00, 0x01, 0x00, 0x01, 0xF0, 0x3E, 0x08, 0x00, 0x00, 0x00, 0x00, 0x00, 0x00, 0x00, 0x00,
    0x00, 0x00, 0x00, 0x00, 0x00, 0x00, 0x01, 0xF0, 0x1E, 0x10, 0x00, 0x10, 0x00, 0x20, 0x01, 0xE0,
    0x0E, 0x20, 0x00, 0x40, 0x00, 0x40, 0x00, 0x80, 0x01, 0x00, 0x06, 0x00, 0x18, 0x00, 0x00, 0x00,
    0x00, 0x00, 0x00, 0x00, 0x00, 0x00, 0x00, 0x00, 0x18, 0x00, 0x04, 0x08, 0x02, 0x08, 0x00, 0x10,
    0x00, 0x10, 0x00, 0x20, 0x00, 0x40, 0x00, 0x80, 0x13, 0x00, 0x0C, 0x00, 0x00, 0x00, 0x00, 0x00,
    0x00, 0x00, 0x00, 0x08, 0x04, 0x24, 0x02, 0x14, 0x02, 0x10, 0x43, 0xE0, 0x3C, 0x20, 0x20, 0x20,
    0x10, 0x40, 0x10, 0x40, 0x00, 0x80, 0x00, 0x80, 0x01, 0x00, 0x02, 0x00, 0x04, 0x00, 0x00, 0x00,
    0x00, 0x00, 0x00, 0x00, 0x00, 0x00, 0x00, 0x00, 0x00, 0x00, 0x00, 0x00, 0x02, 0x00, 0x01, 0x00,
    0x11, 0xE0, 0x0E, 0x20, 0x02, 0x20, 0x02, 0x20, 0x04, 0x20, 0x08, 0xC0, 0x10, 0x40, 0x00, 0x00,
    0x00, 0x00, 0x00, 0x00, 0x00, 0x00, 0x00, 0x00, 0x00, 0x00, 0x00, 0x00, 0x08, 0x00, 0x04, 0x00,
    0x04, 0x60, 0x07, 0x80, 0x08, 0x80, 0x10, 0x80, 0x01, 0x00, 0x02, 0x00, 0x04, 0x00, 0x00, 0x00,
    0x00, 0x04, 0x00, 0x12, 0x00, 0x08, 0x21, 0xF0, 0x1E, 0x10, 0x10, 0x10, 0x08, 0x10, 0x08, 0x20,
    0x08, 0x20, 0x00, 0x40, 0x00, 0x40, 0x00, 0x80, 0x01, 0x00, 0x02, 0x00, 0x04, 0x00, 0x00, 0x00,
    0x00, 0x00, 0x00, 0x08, 0x01, 0x04, 0x00, 0x90, 0x00, 0x88, 0x01, 0xF0, 0x1E, 0x80, 0x08, 0x80,
    0x04, 0x80, 0x05, 0xF0, 0x3E, 0x88, 0x00, 0x80, 0x00, 0x80, 0x00, 0x80, 0x00, 0x80, 0x00, 0x00,
    0x00, 0x00, 0x00, 0x08, 0x00, 0x04, 0x00, 0x10, 0x01, 0xE8, 0x1E, 0x20, 0x02, 0x40, 0x01, 0x80,
    0x01, 0x00, 0x01, 0x00, 0x01, 0xF0, 0x3E, 0x08, 0x00, 0x00, 0x00, 0x00, 0x00, 0x00, 0x00, 0x00,
    0x00, 0x04, 0x00, 0x02, 0x00, 0x08, 0x01, 0xF4, 0x1E, 0x10, 0x00, 0x10, 0x00, 0x20, 0x01, 0xE0,
    0x0E, 0x20, 0x00, 0x40, 0x00, 0x40, 0x00, 0x80, 0x01, 0x00, 0x06, 0x00, 0x18, 0x00, 0x00, 0x00,
    0x00, 0x00, 0x00, 0x00, 0x00, 0x00, 0x00, 0x00, 0x00, 0x00, 0x00, 0x00, 0x03, 0x00, 0x07, 0x80,
    0x07, 0x80, 0x03, 0x00, 0x00, 0x00, 0x00, 0x00, 0x00, 0x00, 0x00, 0x00, 0x00, 0x00, 0x00, 0x00,
    0x00, 0x00, 0x00, 0x00, 0x00, 0x00, 0x00, 0x00, 0x00, 0x00, 0x00, 0x00, 0x00, 0x00, 0x40, 0xF8,
    0x3F, 0x00, 0x00, 0x00, 0x00, 0x00, 0x00, 0x00, 0x00, 0x00, 0x00, 0x00, 0x00, 0x00, 0x00, 0x00,
    0x00, 0x00, 0x00, 0x00, 0x00, 0x00, 0x00, 0x00, 0x00, 0x00, 0x0C, 0x00, 0x03, 0x00, 0x00, 0x80,
    0x00, 0x40, 0x00, 0x20, 0x00, 0x00, 0x00, 0x00, 0x00, 0x00, 0x00, 0x00, 0x00, 0x00, 0x00, 0x00,
    0x00, 0x00, 0x00, 0x00, 0x00, 0x00, 0x00, 0x20, 0x00, 0x90, 0x0C, 0x40, 0x03, 0x00, 0x00, 0x80,
    0x00, 0x40, 0x00, 0x20, 0x00, 0x00, 0x00, 0x00, 0x00, 0x00, 0x00, 0x00, 0x00, 0x00, 0x00, 0x00,
    0x00, 0x00, 0x00, 0x00, 0x21, 0xE0, 0x1E, 0x10, 0x00, 0x10, 0x00, 0x10, 0x00, 0x10, 0x00, 0x10,
    0x00, 0x10, 0x00, 0x10, 0x00, 0x10, 0x00, 0x10, 0x00, 0x10, 0x00, 0x10, 0x00, 0x10, 0x00, 0x00,
    0x00, 0x00, 0x00, 0x00, 0x00, 0x00, 0x00, 0x00, 0x00, 0x00, 0x00, 0x00, 0x00, 0x00, 0xFF, 0xFE,
    0x00, 0x00, 0x00, 0x00, 0x00, 0x00, 0x00, 0x00, 0x00, 0x00, 0x00, 0x00, 0x00, 0x00, 0x00, 0x00,
    0x00, 0x00, 0x7F, 0xFC, 0x01, 0x00, 0x01, 0x00, 0x01, 0x00, 0x01, 0x00, 0x01, 0x00, 0x01, 0x00,
    0x01, 0x00, 0x01, 0x00, 0x01, 0x00, 0x01, 0x00, 0x01, 0x00, 0x01, 0x00, 0x05, 0x00, 0x02, 0x00,
    0x00, 0x00, 0xFF, 0xFE, 0x04, 0x00, 0x04, 0x00, 0x08, 0x00, 0x08, 0x00, 0x10, 0x00, 0x1F, 0xF0,
    0x00, 0x10, 0x00, 0x10, 0x00, 0x10, 0x00, 0x10, 0x00, 0x10, 0x00, 0x10, 0x00, 0xA0, 0x00, 0x40,
    0x02, 0x00, 0x02, 0x00, 0x02, 0x00, 0x02, 0x00, 0x02, 0x00, 0x02, 0x3C, 0x07, 0xC0, 0xFA, 0x00,
    0x02, 0x00, 0x02, 0x00, 0x02, 0x00, 0x02, 0x04, 0x02, 0x04, 0x02, 0x04, 0x01, 0xFC, 0x00, 0x00,
    0x01, 0x00, 0x01, 0x00, 0x01, 0x00, 0x01, 0x00, 0x01, 0x00, 0x01, 0x00, 0x01, 0x00, 0x01, 0x00,
    0x01, 0x00, 0x01, 0x00, 0x01, 0x00, 0x01, 0x00, 0x01, 0x00, 0x01, 0x00, 0xFF, 0xFE, 0x00, 0x00,
    0x00, 0x00, 0xFF, 0xFE, 0x01, 0x00, 0x01, 0x00, 0x01, 0x00, 0x01, 0x00, 0x01, 0x00, 0x01, 0x00,
    0x01, 0x00, 0x01, 0x00, 0x01, 0x00, 0x01, 0x00, 0x01, 0x00, 0x01, 0x00, 0x01, 0x00, 0x01, 0x00,
    0x00, 0x00, 0xFF, 0xFE, 0x02, 0x00, 0x02, 0x00, 0x04, 0x00, 0x04, 0x00, 0x08, 0x00, 0x08, 0x00,
    0x10, 0x00, 0x20, 0x00, 0x40, 0x00, 0x80, 0x00, 0x00, 0x00, 0x00, 0x00, 0x00, 0x00, 0x00, 0x00,
    0x00, 0x00, 0x00, 0x00, 0xFF, 0xFE, 0x04, 0x00, 0x04, 0x00, 0x04, 0x00, 0x07, 0xF0, 0x04, 0x10,
    0x04, 0x10, 0x08, 0x10, 0x08, 0x10, 0x10, 0x10, 0x10, 0x10, 0x20, 0x10, 0x40, 0xA0, 0x80, 0x40,
    0x00, 0x80, 0x00, 0x80, 0x00, 0x80, 0x00, 0x80, 0x7F, 0xFC, 0x00, 0x80, 0x10, 0x80, 0x10, 0x80,
    0x08, 0x80, 0x04, 0x80, 0x02, 0x80, 0x01, 0x00, 0x02, 0x80, 0x04, 0x40, 0x18, 0x30, 0xE0, 0x0E,
    0x00, 0x00, 0x00, 0x00, 0x7F, 0xFC, 0x00, 0x00, 0x00, 0x00, 0x00, 0x00, 0x00, 0x00, 0x3F, 0xF8,
    0x00, 0x00, 0x00, 0x00, 0x00, 0x00, 0x00, 0x00, 0x00, 0x00, 0xFF, 0xFE, 0x00, 0x00, 0x00, 0x00,
    0x02, 0x00, 0x02, 0x00, 0x02, 0x00, 0x02, 0x00, 0x02, 0x00, 0x02, 0x00, 0x03, 0xF8, 0x02, 0x00,
    0x02, 0x00, 0x02, 0x00, 0x02, 0x00, 0x02, 0x00, 0x02, 0x00, 0x02, 0x00, 0xFF, 0xFE, 0x00, 0x00,
    0x00, 0x00, 0xFF, 0xFE, 0x02, 0x00, 0x02, 0x00, 0x02, 0x00, 0x02, 0x00, 0x02, 0x40, 0x02, 0x20,
    0x02, 0x10, 0x02, 0x08, 0x02, 0x08, 0x02, 0x00, 0x02, 0x00, 0x02, 0x00, 0x02, 0x00, 0x02, 0x00,
    0x00, 0x00, 0xFF, 0xFE, 0x08, 0x20, 0x08, 0x20, 0x08, 0x20, 0x08, 0x20, 0x08, 0x20, 0x08, 0x20,
    0x08, 0x20, 0x08, 0x20, 0x08, 0x20, 0x10, 0x20, 0x10, 0x20, 0x20, 0x20, 0x40, 0x20, 0x80, 0x20,
    0x00, 0x00, 0x7F, 0xFC, 0x00, 0x80, 0x00, 0x80, 0x01, 0x00, 0x01, 0x00, 0x03, 0x40, 0x05, 0x20,
    0x09, 0x10, 0x11, 0x08, 0x21, 0x04, 0x41, 0x04, 0x81, 0x00, 0x01, 0x00, 0x01, 0x00, 0x01, 0x00,
    0x10, 0x00, 0x10, 0x00, 0x10, 0x00, 0x1F, 0xFC, 0x10, 0x00, 0x20, 0x00, 0x20, 0x00, 0x3F, 0xF8,
    0x00, 0x08, 0x00, 0x08, 0x00, 0x08, 0xFF, 0xC8, 0x00, 0x08, 0x00, 0x08, 0x00, 0x50, 0x00, 0x20,
    0x00, 0x00, 0xFF, 0xFE, 0x01, 0x00, 0x01, 0x00, 0x21, 0x00, 0x21, 0xFC, 0x21, 0x04, 0x21, 0x04,
    0x21, 0x04, 0x3F, 0xFC, 0x00, 0x04, 0x00, 0x04, 0x00, 0x04, 0x00, 0x04, 0x00, 0x28, 0x00, 0x10,
    0x00, 0x00, 0xFF, 0xFE, 0x01, 0x00, 0x01, 0x00, 0x21, 0x00, 0x21, 0xFC, 0x21, 0x00, 0x21, 0x00,
    0x21, 0x00, 0x3F, 0xFC, 0x00, 0x04, 0x00, 0x04, 0x00, 0x04, 0x00, 0x04, 0x00, 0x28, 0x00, 0x10,
    0x00, 0x00, 0x3F, 0xF0, 0x02, 0x10, 0x02, 0x10, 0x02, 0x10, 0x02, 0x10, 0x02, 0x10, 0x3F, 0xF0,
    0x04, 0x10, 0x04, 0x10, 0x04, 0x10, 0x04, 0x10, 0x04, 0x10, 0x04, 0x10, 0xFF, 0xFE, 0x00, 0x00,
    0x00, 0x00, 0x3F, 0xF8, 0x01, 0x08, 0x01, 0x08, 0x09, 0x08, 0x05, 0x08, 0x02, 0x08, 0x03, 0x08,
    0x04, 0x88, 0x04, 0x88, 0x08, 0x08, 0x10, 0x50, 0x20, 0x20, 0x00, 0x00, 0xFF, 0xFE, 0x00, 0x00,
    0x01, 0x00, 0x01, 0x00, 0x01, 0x00, 0x3F, 0xF8, 0x02, 0x00, 0x02, 0x00, 0xFF, 0xFE, 0x04, 0x00,
    0x08, 0x00, 0x0F, 0xF0, 0x00, 0x10, 0x00, 0x20, 0x06, 0x40, 0x01, 0x80, 0x00, 0x40, 0x00, 0x20,
    0x00, 0x00, 0x1F, 0xF0, 0x10, 0x10, 0x10, 0x10, 0x10, 0x10, 0x1F, 0xF0, 0x10, 0x10, 0x10, 0x10,
    0x10, 0x10, 0x1F, 0xF0, 0x10, 0x10, 0x10, 0x10, 0x10, 0x10, 0x10, 0x10, 0xFF, 0xFE, 0x00, 0x00,
    0x00, 0x00, 0x7F, 0xFC, 0x00, 0x80, 0x01, 0x00, 0x01, 0x00, 0x03, 0x40, 0x05, 0x20, 0x09, 0x10,
    0x31, 0x08, 0xC1, 0x04, 0x01, 0x00, 0x01, 0x00, 0x01, 0x00, 0x00, 0x00, 0xFF, 0xFE, 0x00, 0x00,
    0x02, 0x20, 0x12, 0x20, 0x12, 0x20, 0x12, 0x20, 0x12, 0x20, 0xFF, 0xFE, 0x12, 0x20, 0x12, 0x20,
    0x12, 0x20, 0x12, 0x20, 0x13, 0xE0, 0x10, 0x00, 0x10, 0x00, 0x10, 0x00, 0x1F, 0xFC, 0x00, 0x00,
    0x11, 0x10, 0x11, 0x10, 0x11, 0x10, 0x11, 0x10, 0x11, 0x10, 0x11, 0x10, 0xFF, 0xFE, 0x11, 0x10,
    0x11, 0x10, 0x11, 0x10, 0x11, 0x10, 0x11, 0x10, 0x11, 0x10, 0x11, 0x10, 0x1F, 0xF0, 0x10, 0x10,
    0x00, 0x10, 0x00, 0x78, 0x1F, 0x80, 0x10, 0x00, 0x10, 0x00, 0x10, 0x00, 0x10, 0x00, 0x1F, 0xFC,
    0x10, 0x40, 0x10, 0x40, 0x10, 0x40, 0x10, 0x40, 0x10, 0x40, 0x10, 0x40, 0xFF, 0xFE, 0x00, 0x00,
    0x00, 0x00, 0xFF, 0xFE, 0x01, 0x00, 0x01, 0x00, 0x01, 0x00, 0x7F, 0xFC, 0x41, 0x04, 0x41, 0x04,
    0x42, 0x84, 0x42, 0x44, 0x44, 0x24, 0x48, 0x24, 0x40, 0x04, 0x40, 0x04, 0x40, 0x14, 0x40, 0x08,
    0x04, 0x40, 0x04, 0x40, 0x04, 0x40, 0x04, 0x40, 0x44, 0x44, 0x24, 0x44, 0x24, 0x48, 0x14, 0x48,
    0x14, 0x50, 0x14, 0x60, 0x04, 0x40, 0x04, 0x40, 0x04, 0x40, 0x04, 0x40, 0xFF, 0xFE, 0x00, 0x00,
    0x08, 0x20, 0x08, 0x20, 0x08, 0x20, 0x08, 0x20, 0x08, 0x20, 0x08, 0x20, 0x08, 0x20, 0x14, 0x50,
    0x12, 0x50, 0x22, 0x88, 0x20, 0x88, 0x41, 0x04, 0x82, 0x02, 0x00, 0x00, 0xFF, 0xFE, 0x00, 0x00,
    0x02, 0x00, 0x02, 0x00, 0x02, 0x00, 0x7F, 0xFC, 0x04, 0x00, 0x09, 0x00, 0x11, 0x00, 0x21, 0x00,
    0x3F, 0xF8, 0x01, 0x00, 0x09, 0x20, 0x11, 0x10, 0x21, 0x08, 0x41, 0x04, 0x05, 0x00, 0x02, 0x00,
    0x08, 0x10, 0x08, 0x10, 0x10, 0x20, 0x10, 0x20, 0x22, 0x44, 0x42, 0x84, 0x7C, 0xF8, 0x04, 0x08,
    0x08, 0x10, 0x10, 0x20, 0x20, 0x40, 0x7E, 0xFC, 0x00, 0x00, 0x00, 0x00, 0xFF, 0xFE, 0x00, 0x00,
    0x00, 0x00, 0x3F, 0xF0, 0x00, 0x20, 0x00, 0x40, 0x00, 0x80, 0x7D, 0x04, 0x05, 0x88, 0x09, 0x50,
    0x09, 0x20, 0x11, 0x10, 0x21, 0x08, 0x41, 0x06, 0x85, 0x00, 0x02, 0x00, 0xFF, 0xFE, 0x00, 0x00,
    0x00, 0x00, 0x7F, 0xFC, 0x01, 0x00, 0x01, 0x00, 0x01, 0x00, 0x3F, 0xF8, 0x01, 0x00, 0x01, 0x00,
    0x01, 0x00, 0xFF, 0xFE, 0x02, 0x00, 0x04, 0x00, 0x08, 0x20, 0x10, 0x10, 0x3F, 0xF8, 0x10, 0x08,
    0x04, 0x40, 0x04, 0x40, 0x04, 0x40, 0x04, 0x44, 0x7C, 0x48, 0x04, 0x50, 0x04, 0x60, 0x04, 0x40,
    0x04, 0x42, 0x04, 0x42, 0x1C, 0x42, 0xE4, 0x3E, 0x44, 0x00, 0x00, 0x00, 0xFF, 0xFE, 0x00, 0x00,
    0x00, 0x00, 0xFF, 0xFE, 0x01, 0x00, 0x01, 0x00, 0x01, 0x00, 0x7F, 0xFC, 0x41, 0x04, 0x49, 0x24,
    0x49, 0x24, 0x49, 0x24, 0x49, 0x24, 0x4F, 0xE4, 0x40, 0x24, 0x40, 0x04, 0x40, 0x14, 0x40, 0x08,
    0x00, 0x10, 0x00, 0xF8, 0x3F, 0x00, 0x01, 0x00, 0x01, 0x00, 0x3F, 0xF8, 0x01, 0x00, 0x01, 0x00,
    0x01, 0x00, 0xFF, 0xFE, 0x02, 0x00, 0x04, 0x00, 0x08, 0x20, 0x10, 0x10, 0x3F, 0xF8, 0x10, 0x08,
    0x00, 0x00, 0xFF, 0xFE, 0x04, 0x40, 0x04, 0x40, 0x04, 0x40, 0x7C, 0x7C, 0x44, 0x44, 0x44, 0x44,
    0x44, 0x44, 0x7C, 0x7C, 0x04, 0x44, 0x08, 0x40, 0x08, 0x40, 0x10, 0x40, 0x20, 0x40, 0x40, 0x40,
    0x00, 0x00, 0xFF, 0xFE, 0x04, 0x40, 0x04, 0x40, 0x04, 0x40, 0x7F, 0xFC, 0x44, 0x44, 0x44, 0x44,
    0x44, 0x44, 0x4A, 0xA4, 0x4A, 0x94, 0x51, 0x14, 0x42, 0x04, 0x40, 0x04, 0x40, 0x14, 0x40, 0x08,
    0x00, 0x00, 0x7F, 0xFC, 0x02, 0x40, 0x12, 0x48, 0x0A, 0x50, 0x02, 0x40, 0x3F, 0xFE, 0x20, 0x00,
    0x20, 0x00, 0x20, 0x00, 0x20, 0x00, 0x20, 0x00, 0x20, 0x00, 0x40, 0x00, 0x40, 0x00, 0x80, 0x00,
    0x10, 0x10, 0x08, 0x20, 0x04, 0x40, 0x7F, 0xFC, 0x04, 0x40, 0x04, 0x40, 0x04, 0x40, 0x44, 0x44,
    0x24, 0x44, 0x14, 0x48, 0x14, 0x50, 0x04, 0x40, 0x04, 0x40, 0x04, 0x40, 0xFF, 0xFE, 0x00, 0x00,
    0x01, 0x00, 0x01, 0x00, 0x7F, 0xFC, 0x01, 0x00, 0x11, 0x10, 0x09, 0x10, 0x09, 0x20, 0x01, 0x00,
    0xFF, 0xFE, 0x12, 0x00, 0x11, 0x10, 0x10, 0xA0, 0x10, 0x40, 0x14, 0x30, 0x18, 0x0E, 0x10, 0x00,
    0x01, 0x00, 0x01, 0x00, 0x01, 0x00, 0x01, 0x00, 0x01, 0x00, 0x01, 0x00, 0x01, 0x00, 0x01, 0x00,
    0x01, 0x00, 0x01, 0x00, 0x01, 0x00, 0x01, 0x00, 0x01, 0x00, 0x01, 0x00, 0x01, 0x00, 0x01, 0x00,
    0x00, 0x40, 0x00, 0x40, 0x10, 0x40, 0x10, 0x40, 0x10, 0x40, 0x10, 0x40, 0x10, 0x40, 0x10, 0x40,
    0x10, 0xC0, 0x13, 0x40, 0x1C, 0x40, 0x10, 0x40, 0x00, 0x40, 0x00, 0x40, 0x00, 0x40, 0x00, 0x40,
    0x01, 0x00, 0x01, 0x00, 0x02, 0x80, 0x04, 0x40, 0x08, 0x20, 0x10, 0x10, 0x21, 0x08, 0xC1, 0x06,
    0x01, 0x00, 0x01, 0x00, 0x01, 0x00, 0x01, 0x00, 0x01, 0x00, 0x01, 0x00, 0x01, 0x00, 0x01, 0x00,
    0x00, 0x00, 0x20, 0x10, 0x10, 0x20, 0x08, 0x40, 0x04, 0x80, 0x01, 0x00, 0x01, 0x00, 0x01, 0x00,
    0x01, 0x00, 0x01, 0x00, 0x01, 0x00, 0x01, 0x00, 0x01, 0x00, 0x01, 0x00, 0x01, 0x00, 0x01, 0x00,
    0x01, 0x00, 0x01, 0x00, 0x01, 0x00, 0x11, 0x00, 0x09, 0x00, 0x09, 0x00, 0x01, 0x00, 0x03, 0x00,
    0x05, 0x00, 0x09, 0x00, 0x31, 0x00, 0x01, 0x00, 0x01, 0x00, 0x01, 0x00, 0x01, 0x00, 0x01, 0x00,
    0x01, 0x00, 0x01, 0x00, 0x01, 0x00, 0x01, 0x00, 0x3F, 0xF8, 0x21, 0x08, 0x21, 0x08, 0x21, 0x08,
    0x21, 0x08, 0x21, 0x08, 0x3F, 0xF8, 0x21, 0x08, 0x01, 0x00, 0x01, 0x00, 0x01, 0x00, 0x01, 0x00,
    0x00, 0x00, 0x7F, 0xF0, 0x04, 0x10, 0x04, 0x10, 0x04, 0x10, 0x7F, 0xD0, 0x04, 0x10, 0x04, 0x10,
    0x04, 0x10, 0xFF, 0xD0, 0x04, 0x12, 0x04, 0x0A, 0x04, 0x0A, 0x04, 0x06, 0x04, 0x02, 0x04, 0x00,
    0x01, 0x00, 0x01, 0x0C, 0x01, 0x70, 0x07, 0x80, 0x79, 0x00, 0x01, 0x0C, 0x01, 0x70, 0x07, 0x80,
    0x79, 0x00, 0x01, 0x0C, 0x01, 0x70, 0x07, 0x80, 0x79, 0x00, 0x01, 0x00, 0x01, 0x00, 0x01, 0x00,
    0x01, 0x00, 0x01, 0x00, 0x01, 0x00, 0x7F, 0xFC, 0x01, 0x00, 0x01, 0x00, 0x01, 0x00, 0x3F, 0xF8,
    0x01, 0x00, 0x01, 0x00, 0x01, 0x00, 0xFF, 0xFE, 0x01, 0x00, 0x01, 0x00, 0x01, 0x00, 0x01, 0x00,
    0x04, 0x40, 0x04, 0x40, 0x44, 0x44, 0x44, 0x44, 0x44, 0x44, 0x44, 0x44, 0x44, 0x44, 0x4C, 0x44,
    0x54, 0x7C, 0x64, 0x44, 0x04, 0x40, 0x08, 0x40, 0x08, 0x40, 0x10, 0x40, 0x20, 0x40, 0xC0, 0x40,
    0x01, 0x00, 0x01, 0x00, 0x3F, 0xF8, 0x21, 0x08, 0x21, 0x08, 0x3F, 0xF8, 0x01, 0x00, 0x01, 0x00,
    0x7F, 0xFC, 0x41, 0x04, 0x41, 0x04, 0x7F, 0xFC, 0x41, 0x04, 0x01, 0x00, 0x01, 0x00, 0x01, 0x00,
    0x04, 0x40, 0x04, 0x40, 0x3F, 0xF8, 0x24, 0x48, 0x24, 0x48, 0x3F, 0xF8, 0x04, 0x40, 0x04, 0x40,
    0x7F, 0xFC, 0x44, 0x44, 0x44, 0x44, 0x7F, 0xFC, 0x48, 0x44, 0x10, 0x40, 0x20, 0x40, 0x40, 0x40,
    0x08, 0x80, 0x08, 0x80, 0x08, 0x80, 0x49, 0xFE, 0x49, 0x40, 0x4A, 0x20, 0x4C, 0x20, 0x48, 0x00,
    0x49, 0xFC, 0x49, 0x24, 0x49, 0x24, 0x49, 0x24, 0x49, 0x24, 0x09, 0xFC, 0x09, 0x04, 0x08, 0x00,
    0x04, 0x40, 0x24, 0x48, 0x14, 0x50, 0x04, 0x40, 0xFF, 0xFE, 0x00, 0x00, 0x08, 0x20, 0x04, 0x40,
    0x3F, 0xF8, 0x01, 0x00, 0x01, 0x00, 0xFF, 0xFE, 0x01, 0x00, 0x01, 0x00, 0x01, 0x00, 0x01, 0x00,
    0x00, 0x00, 0x00, 0x00, 0x00, 0x00, 0x00, 0x00, 0x00, 0x00, 0x04, 0x00, 0x02, 0x00, 0x01, 0x00,
    0x00, 0x80, 0x00, 0x40, 0x00, 0x40, 0x00, 0x00, 0x00, 0x00, 0x00, 0x00, 0x00, 0x00, 0x00, 0x00,
    0x00, 0x00, 0x00, 0x00, 0x00, 0x00, 0x00, 0x08, 0x20, 0x08, 0x10, 0x10, 0x08, 0x10, 0x04, 0x20,
    0x04, 0x40, 0x00, 0x80, 0x00, 0x00, 0x00, 0x00, 0x00, 0x00, 0x00, 0x00, 0x00, 0x00, 0x00, 0x00,
    0x02, 0x00, 0x02, 0x00, 0x02, 0x00, 0x02, 0x00, 0x7F, 0xE0, 0x02, 0x20, 0x12, 0x20, 0x0A, 0x20,
    0x04, 0x20, 0x04, 0x20, 0x0A, 0x20, 0x09, 0x22, 0x11, 0x22, 0x20, 0x22, 0x40, 0x1E, 0x80, 0x00,
    0x00, 0x00, 0x1F, 0xF0, 0x10, 0x10, 0x10, 0x10, 0x12, 0x10, 0x11, 0x10, 0x11, 0x10, 0x10, 0x10,
    0xFF, 0xFE, 0x10, 0x10, 0x10, 0x10, 0x10, 0x10, 0x20, 0x10, 0x20, 0x10, 0x40, 0x50, 0x80, 0x20,
    0x01, 0x00, 0x21, 0x00, 0x11, 0x00, 0x11, 0x00, 0x01, 0x00, 0x7F, 0xF8, 0x02, 0x08, 0x02, 0x08,
    0x02, 0x88, 0x04, 0x48, 0x04, 0x48, 0x08, 0x08, 0x10, 0x08, 0x20, 0x08, 0x40, 0x50, 0x80, 0x20,
    0x02, 0x00, 0x01, 0x00, 0x00, 0x00, 0x7F, 0xFC, 0x01, 0x00, 0x01, 0x00, 0x01, 0x00, 0x01, 0x00,
    0x3F, 0xF8, 0x01, 0x00, 0x01, 0x00, 0x01, 0x00, 0x01, 0x00, 0x01, 0x00, 0xFF, 0xFE, 0x00, 0x00,
    0x08, 0x20, 0x08, 0x20, 0x08, 0x20, 0x08, 0x20, 0x7F, 0xFC, 0x08, 0x20, 0x0A, 0x20, 0x09, 0x20,
    0x08, 0x20, 0xFF, 0xFE, 0x08, 0x20, 0x08, 0x20, 0x10, 0x20, 0x10, 0x20, 0x20, 0x20, 0x40, 0x20,
    0x00, 0x00, 0xFF, 0xFE, 0x00, 0x00, 0x00, 0x00, 0x3E, 0xF8, 0x22, 0x88, 0x22, 0x88, 0x22, 0x88,
    0x32, 0xC8, 0x2A, 0xA8, 0x2A, 0xA8, 0x22, 0x88, 0x22, 0x88, 0x22, 0x88, 0x2A, 0xA8, 0x24, 0x90,
    0x22, 0x08, 0x11, 0x08, 0x11, 0x10, 0x00, 0x20, 0xFF, 0xFE, 0x08, 0x20, 0x11, 0x10, 0x21, 0x08,
    0xCF, 0xE6, 0x01, 0x00, 0x01, 0x00, 0x7F, 0xFC, 0x01, 0x00, 0x01, 0x00, 0x01, 0x00, 0x01, 0x00,
    0x01, 0x00, 0x01, 0x00, 0x01, 0x00, 0x01, 0x00, 0x01, 0x00, 0x01, 0x00, 0x01, 0x00, 0x01, 0x00,
    0x01, 0x00, 0x02, 0x00, 0x02, 0x00, 0x04, 0x00, 0x04, 0x00, 0x08, 0x00, 0x10, 0x00, 0x20, 0x00,
    0x00, 0x00, 0x00, 0x00, 0x00, 0x00, 0x08, 0x00, 0x08, 0x00, 0x14, 0x00, 0x14, 0x00, 0x24, 0x00,
    0x42, 0x00, 0x01, 0x00, 0x00, 0xC0, 0x00, 0x30, 0x00, 0x0E, 0x00, 0x00, 0x00, 0x00, 0x00, 0x00,
    0x00, 0x00, 0x00, 0x00, 0x3F, 0x00, 0x01, 0x00, 0x01, 0x00, 0x01, 0x00, 0x01, 0x00, 0x01, 0x00,
    0x01, 0x00, 0x00, 0x80, 0x00, 0x80, 0x00, 0x40, 0x00, 0x20, 0x00, 0x10, 0x00, 0x08, 0x00, 0x06,
    0x00, 0x00, 0x00, 0x10, 0x20, 0x10, 0x20, 0x10, 0x10, 0x20, 0x10, 0x20, 0x08, 0x20, 0x08, 0x40,
    0x04, 0x40, 0x02, 0x80, 0x01, 0x00, 0x02, 0x80, 0x04, 0x40, 0x08, 0x20, 0x30, 0x18, 0xC0, 0x06,
    0x00, 0x00, 0x3F, 0xF0, 0x04, 0x10, 0x04, 0x20, 0x04, 0x20, 0x04, 0x40, 0x04, 0x7C, 0x04, 0x04,
    0x08, 0x04, 0x08, 0x04, 0x08, 0x04, 0x10, 0x04, 0x10, 0x04, 0x20, 0x04, 0x40, 0x28, 0x80, 0x10,
    0x00, 0x00, 0x00, 0x10, 0x00, 0x10, 0x00, 0x10, 0x00, 0x10, 0x02, 0x20, 0x01, 0x20, 0x00, 0xC0,
    0x00, 0x40, 0x00, 0xA0, 0x01, 0x10, 0x22, 0x10, 0x24, 0x00, 0x38, 0x00, 0x20, 0x00, 0x00, 0x00,
    0x04, 0x00, 0x04, 0x00, 0x04, 0x00, 0x07, 0xE0, 0x08, 0x20, 0x08, 0x20, 0x10, 0x40, 0x20, 0x40,
    0x40, 0x80, 0x00, 0x80, 0x01, 0x40, 0x02, 0x40, 0x04, 0x20, 0x08, 0x10, 0x30, 0x08, 0xC0, 0x06,
    0x00, 0x10, 0x08, 0x10, 0x08, 0x10, 0x10, 0x20, 0x10, 0x20, 0x20, 0x40, 0x7F, 0xC0, 0x20, 0x80,
    0x00, 0x80, 0x01, 0x40, 0x01, 0x40, 0x02, 0x20, 0x04, 0x20, 0x08, 0x10, 0x30, 0x08, 0xC0, 0x06,
    0x00, 0x20, 0x03, 0xF0, 0x3E, 0x00, 0x02, 0x00, 0x02, 0x00, 0x02, 0x00, 0x02, 0x00, 0x03, 0xFC,
    0xFE, 0x00, 0x02, 0x00, 0x02, 0x00, 0x02, 0x04, 0x02, 0x04, 0x02, 0x04, 0x01, 0xFC, 0x00, 0x00,
    0x01, 0x00, 0x01, 0x00, 0x02, 0x00, 0x02, 0x00, 0x04, 0x40, 0x08, 0x40, 0x10, 0x80, 0x20, 0x80,
    0x41, 0x00, 0x02, 0x00, 0x04, 0x20, 0x08, 0x10, 0x10, 0x08, 0x3F, 0xFC, 0x10, 0x04, 0x00, 0x00,
    0x02, 0x00, 0x01, 0x10, 0x21, 0x10, 0x20, 0x10, 0x10, 0x20, 0x10, 0x20, 0x08, 0x20, 0x08, 0x40,
    0x04, 0x40, 0x02, 0x80, 0x01, 0x00, 0x02, 0x80, 0x04, 0x40, 0x08, 0x20, 0x30, 0x18, 0xC0, 0x06,
    0x00, 0x00, 0x00, 0x08, 0x01, 0xFC, 0x7E, 0x00, 0x00, 0x08, 0x20, 0x08, 0x10, 0x10, 0x10, 0x10,
    0x08, 0x20, 0x08, 0x40, 0x00, 0x00, 0x00, 0x00, 0x00, 0x00, 0x00, 0x00, 0x00, 0x00, 0x00, 0x00,
    0x02, 0x00, 0x01, 0x00, 0x01, 0x00, 0x00, 0x00, 0x7F, 0xF8, 0x00, 0x10, 0x00, 0x20, 0x00, 0x40,
    0x00, 0x80, 0x01, 0x00, 0x02, 0x00, 0x04, 0x00, 0x18, 0x00, 0x24, 0x00, 0x43, 0xFE, 0x00, 0x00,
    0x01, 0x00, 0x02, 0x00, 0x1F, 0xF0, 0x10, 0x10, 0x10, 0x10, 0x10, 0x10, 0x10, 0x50, 0x10, 0x20,
    0x10, 0x00, 0x1F, 0xFC, 0x00, 0x04, 0x00, 0x04, 0x7F, 0xE4, 0x00, 0x04, 0x00, 0x28, 0x00, 0x10,
    0x08, 0x00, 0x08, 0x00, 0x0F, 0xFE, 0x12, 0x00, 0x12, 0x00, 0x22, 0x00, 0x43, 0xF8, 0x82, 0x00,
    0x02, 0x00, 0x02, 0x00, 0x03, 0xFC, 0x02, 0x00, 0x02, 0x00, 0x02, 0x00, 0x02, 0x00, 0x02, 0x00,
    0x00, 0x10, 0x00, 0xF8, 0x3F, 0x00, 0x01, 0x00, 0x11, 0x10, 0x09, 0x10, 0x09, 0x20, 0x01, 0x00,
    0xFF, 0xFE, 0x01, 0x00, 0x01, 0x00, 0x01, 0x00, 0x01, 0x00, 0x01, 0x00, 0x05, 0x00, 0x02, 0x00,
    0x00, 0x10, 0x01, 0xF8, 0x7E, 0x00, 0x00, 0x00, 0x02, 0x00, 0x01, 0x00, 0x01, 0x00, 0x7F, 0xF8,
    0x00, 0x30, 0x00, 0xC0, 0x03, 0x00, 0x0C, 0x00, 0x30, 0x00, 0x48, 0x00, 0x87, 0xFE, 0x00, 0x00,
    0x00, 0x20, 0x00, 0xF0, 0x1F, 0x00, 0x10, 0x00, 0x11, 0x00, 0x21, 0x00, 0x21, 0x00, 0x3F, 0xFC,
    0x01, 0x00, 0x09, 0x20, 0x09, 0x10, 0x11, 0x08, 0x21, 0x04, 0x41, 0x04, 0x05, 0x00, 0x02, 0x00,
    0x00, 0x08, 0x01, 0xFC, 0x7F, 0x00, 0x01, 0x00, 0x09, 0x04, 0x09, 0x08, 0x11, 0x90, 0x21, 0xA0,
    0x45, 0x40, 0x85, 0x40, 0x09, 0x20, 0x11, 0x10, 0x21, 0x08, 0x41, 0x06, 0x81, 0x00, 0x01, 0x00,
    0x00, 0x20, 0x00, 0xF0, 0x1F, 0x00, 0x10, 0x00, 0x10, 0x00, 0x1F, 0xF8, 0x10, 0x80, 0x10, 0x80,
    0x10, 0x80, 0x10, 0x80, 0xFF, 0xFE, 0x00, 0x00, 0x08, 0x00, 0x10, 0x00, 0x20, 0x00, 0x40, 0x00,
    0x00, 0x20, 0x00, 0xF0, 0x1F, 0x00, 0x10, 0x00, 0x10, 0x00, 0x1F, 0xF8, 0x10, 0x80, 0x10, 0x80,
    0x10, 0x80, 0x10, 0x80, 0xFF, 0xFE, 0x00, 0x00, 0x00, 0x40, 0x00, 0x20, 0x00, 0x10, 0x00, 0x08,
    0x00, 0x10, 0x00, 0xF8, 0x3F, 0x00, 0x01, 0x00, 0x02, 0x00, 0x7F, 0xFC, 0x04, 0x40, 0x08, 0x20,
    0x30, 0x18, 0xC8, 0x26, 0x08, 0x20, 0x08, 0x20, 0x08, 0x20, 0x10, 0x20, 0x10, 0x20, 0x20, 0x20,
    0x00, 0x08, 0x00, 0xFC, 0x3F, 0x80, 0x20, 0x80, 0x2F, 0xF8, 0x20, 0x80, 0x20, 0x80, 0x3F, 0xFE,
    0x20, 0x80, 0x20, 0x80, 0x2F, 0xF8, 0x28, 0x88, 0x48, 0x88, 0x48, 0xA8, 0x88, 0x90, 0x00, 0x80,
    0x00, 0x70, 0x1F, 0x80, 0x01, 0x00, 0x01, 0x00, 0xFF, 0xFE, 0x01, 0x00, 0x09, 0x20, 0x09, 0x24,
    0x79, 0x28, 0x09, 0x30, 0x09, 0x22, 0x19, 0x22, 0xE9, 0x1E, 0x01, 0x00, 0x01, 0x00, 0x01, 0x00,
    0x00, 0xF8, 0x3F, 0x00, 0x01, 0x00, 0x7F, 0xFC, 0x09, 0x20, 0x09, 0x20, 0xFF, 0xFE, 0x09, 0x20,
    0x09, 0x20, 0x7F, 0xFC, 0x03, 0x80, 0x05, 0x40, 0x09, 0x20, 0x31, 0x18, 0xC1, 0x06, 0x01, 0x00,
    0x00, 0xF8, 0x3F, 0x00, 0x01, 0x00, 0x7F, 0xFC, 0x01, 0x00, 0x09, 0x24, 0xF9, 0x38, 0x09, 0x22,
    0x39, 0x22, 0xCB, 0x9E, 0x05, 0x40, 0x09, 0x20, 0x31, 0x18, 0xC1, 0x06, 0x01, 0x00, 0x01, 0x00,
    0x00, 0x00, 0x7F, 0xF0, 0x00, 0x20, 0x00, 0x40, 0x00, 0x80, 0x01, 0x00, 0x02, 0x00, 0x04, 0x00,
    0x08, 0x00, 0x10, 0x00, 0x10, 0x00, 0x20, 0x04, 0x20, 0x04, 0x20, 0x04, 0x1F, 0xFC, 0x00, 0x00,
    0x10, 0x00, 0x10, 0x00, 0x10, 0x00, 0x10, 0x00, 0x10, 0x00, 0x10, 0x00, 0x10, 0x00, 0x10, 0x00,
    0x10, 0x00, 0x10, 0x00, 0x10, 0x00, 0x10, 0x04, 0x10, 0x04, 0x10, 0x04, 0x0F, 0xFC, 0x00, 0x00,
    0x00, 0x00, 0x00, 0x00, 0xFF, 0xFC, 0x00, 0x04, 0x00, 0x08, 0x00, 0x10, 0x00, 0x00, 0x00, 0x00,
    0x00, 0x00, 0x00, 0x00, 0x00, 0x00, 0x00, 0x00, 0x00, 0x00, 0x00, 0x00, 0x00, 0x00, 0x00, 0x00,
    0x00, 0x00, 0x00, 0x00, 0x10, 0x00, 0x10, 0x30, 0x10, 0xD0, 0x17, 0x10, 0x38, 0x10, 0xD0, 0x10,
    0x10, 0x10, 0x10, 0x50, 0x10, 0x20, 0x10, 0x02, 0x10, 0x02, 0x10, 0x02, 0x0F, 0xFE, 0x00, 0x00,
    0x04, 0x00, 0x04, 0x00, 0x04, 0x00, 0x04, 0x00, 0x7F, 0xE0, 0x04, 0x20, 0x04, 0x20, 0x04, 0x20,
    0x08, 0x20, 0x08, 0x20, 0x08, 0x20, 0x10, 0x22, 0x10, 0x22, 0x20, 0x22, 0x40, 0x1E, 0x80, 0x00,
    0x08, 0x00, 0x08, 0x00, 0x1F, 0xFC, 0x10, 0x00, 0x20, 0x00, 0x40, 0x00, 0x9F, 0xE0, 0x00, 0x20,
    0x00, 0x40, 0x01, 0x80, 0x06, 0x00, 0x08, 0x04, 0x10, 0x04, 0x10, 0x04, 0x0F, 0xFC, 0x00, 0x00,
    0x01, 0x00, 0x01, 0x00, 0x11, 0x00, 0x11, 0x30, 0x11, 0xD0, 0x17, 0x10, 0x39, 0x10, 0xD1, 0x10,
    0x11, 0x10, 0x11, 0x50, 0x11, 0x20, 0x11, 0x02, 0x10, 0x02, 0x10, 0x02, 0x0F, 0xFE, 0x00, 0x00,
    0x00, 0x00, 0x7F, 0xF8, 0x00, 0x08, 0x00, 0x08, 0x08, 0x08, 0x04, 0x08, 0x02, 0x08, 0x02, 0x08,
    0x00, 0x68, 0x01, 0x88, 0x0E, 0x08, 0x70, 0x08, 0x20, 0x08, 0x00, 0x08, 0x00, 0x50, 0x00, 0x20,
    0x02, 0x00, 0x02, 0x00, 0x04, 0x20, 0x08, 0x20, 0x10, 0x40, 0x3F, 0x80, 0x01, 0x08, 0x02, 0x08,
    0x04, 0x10, 0x1F, 0xE0, 0x00, 0x40, 0x00, 0x80, 0x01, 0x00, 0x06, 0x00, 0x18, 0x00, 0xE0, 0x00,
    0x08, 0x20, 0x08, 0x20, 0x08, 0x20, 0x08, 0x20, 0x49, 0x20, 0x49, 0x20, 0x49, 0x20, 0x49, 0x20,
    0x49, 0x20, 0x49, 0x20, 0x49, 0x20, 0x4F, 0x22, 0x79, 0x22, 0x00, 0x22, 0x00, 0x1E, 0x00, 0x00,
    0x08, 0x40, 0x08, 0x40, 0x10, 0x40, 0x10, 0x40, 0x22, 0x40, 0x42, 0x40, 0xFC, 0x40, 0x04, 0x40,
    0x08, 0x40, 0x10, 0x40, 0x24, 0x40, 0x42, 0x42, 0xFE, 0x42, 0x42, 0x42, 0x00, 0x3E, 0x00, 0x00,
    0x00, 0x00, 0xFF, 0xFE, 0x02, 0x00, 0x02, 0x40, 0x02, 0x20, 0x02, 0x10, 0x02, 0x08, 0x02, 0x00,
    0x00, 0x00, 0x7F, 0xF0, 0x00, 0x60, 0x01, 0x80, 0x06, 0x00, 0x18, 0x04, 0x20, 0x04, 0x1F, 0xFC,
    0x00, 0x08, 0x01, 0xFC, 0x7E, 0x00, 0x00, 0x10, 0x10, 0x10, 0x08, 0x20, 0x04, 0x40, 0x00, 0x80,
    0x00, 0x00, 0x7F, 0xF0, 0x00, 0x60, 0x01, 0x80, 0x06, 0x00, 0x18, 0x04, 0x20, 0x04, 0x1F, 0xFC,
    0x02, 0x20, 0x02, 0x10, 0x02, 0x08, 0x3F, 0xE0, 0x02, 0x20, 0x02, 0x20, 0x02, 0x20, 0x02, 0x20,
    0xFF, 0xFC, 0x02, 0x04, 0x02, 0x04, 0x02, 0x04, 0x02, 0x04, 0x02, 0x28, 0x02, 0x10, 0x02, 0x00,
    0x00, 0x40, 0x04, 0x40, 0x02, 0x40, 0x12, 0x40, 0x08, 0x40, 0x09, 0xFC, 0x7E, 0x40, 0x00, 0x40,
    0x00, 0x40, 0x00, 0x00, 0x7F, 0xF0, 0x00, 0x60, 0x03, 0x80, 0x1C, 0x04, 0x20, 0x04, 0x1F, 0xFC,
    0x08, 0x20, 0x08, 0x20, 0x10, 0x20, 0x22, 0x20, 0x41, 0x20, 0xFF, 0xA0, 0x00, 0xA0, 0x00, 0x20,
    0x7F, 0x20, 0x41, 0x20, 0x41, 0x20, 0x41, 0x22, 0x41, 0x22, 0x41, 0x22, 0x7F, 0x1E, 0x41, 0x00,
    0x08, 0x20, 0x08, 0x20, 0x08, 0x20, 0x08, 0x20, 0x0F, 0xA0, 0x08, 0x20, 0x08, 0x20, 0x08, 0x20,
    0x7F, 0x20, 0x41, 0x20, 0x41, 0x20, 0x41, 0x22, 0x41, 0x22, 0x41, 0x22, 0x7F, 0x1E, 0x41, 0x00,
    0x00, 0x00, 0xFD, 0xFC, 0x05, 0x24, 0x05, 0x24, 0x09, 0x24, 0x09, 0x24, 0x11, 0xFC, 0x11, 0x24,
    0x21, 0x24, 0x21, 0x24, 0x41, 0x24, 0x41, 0xFC, 0x40, 0x02, 0x40, 0x02, 0x3F, 0xFE, 0x00, 0x00,
    0x10, 0x00, 0x10, 0x00, 0x7E, 0x7C, 0x12, 0x44, 0x12, 0x44, 0x12, 0x44, 0x22, 0x7C, 0x4A, 0x44,
    0x84, 0x00, 0x7F, 0xF0, 0x00, 0x60, 0x01, 0x80, 0x06, 0x00, 0x18, 0x04, 0x20, 0x04, 0x1F, 0xFC,
    0x00, 0x00, 0x3F, 0xFC, 0x20, 0x00, 0x3F, 0xF8, 0x20, 0x08, 0x3F, 0xF8, 0x20, 0x00, 0x3F, 0xFC,
    0x00, 0x00, 0x7F, 0xF0, 0x00, 0x60, 0x01, 0x80, 0x06, 0x00, 0x18, 0x04, 0x20, 0x04, 0x1F, 0xFC,
    0x00, 0x00, 0xFF, 0xFE, 0x04, 0x00, 0x08, 0x00, 0x1F, 0xF0, 0x28, 0x10, 0xC8, 0x10, 0x0F, 0xF0,
    0x00, 0x00, 0x7F, 0xF0, 0x00, 0x60, 0x01, 0x80, 0x06, 0x00, 0x18, 0x04, 0x20, 0x04, 0x1F, 0xFC,
    0x0C, 0x00, 0x70, 0xFC, 0x40, 0x84, 0x44, 0x84, 0x5C, 0x84, 0x64, 0x94, 0x44, 0x88, 0x08, 0x80,
    0x10, 0x80, 0x7F, 0xF0, 0x00, 0x60, 0x01, 0x80, 0x06, 0x00, 0x18, 0x04, 0x20, 0x04, 0x1F, 0xFC,
    0x00, 0xF8, 0x7F, 0x00, 0x11, 0x10, 0x09, 0x20, 0xFF, 0xFE, 0x01, 0x00, 0x01, 0x00, 0x05, 0x00,
    0x02, 0x00, 0x7F, 0xF0, 0x00, 0x60, 0x01, 0x80, 0x06, 0x00, 0x18, 0x04, 0x20, 0x04, 0x1F, 0xFC,
    0x00, 0x00, 0x7F, 0xFC, 0x00, 0x04, 0x08, 0x88, 0x04, 0x80, 0x24, 0x80, 0x10, 0x80, 0x10, 0x80,
    0x01, 0x00, 0xFF, 0xFE, 0x01, 0x00, 0x02, 0xC0, 0x04, 0x20, 0x08, 0x10, 0x30, 0x08, 0xC0, 0x04,
    0x04, 0x40, 0x0E, 0x40, 0x38, 0x40, 0x08, 0x40, 0x08, 0x40, 0xFF, 0x40, 0x08, 0x40, 0x08, 0x40,
    0x3E, 0x40, 0x22, 0x40, 0x22, 0x40, 0x22, 0x42, 0x22, 0x42, 0x3E, 0x42, 0x22, 0x3E, 0x00, 0x00,
    0x40, 0x80, 0x20, 0x80, 0x09, 0xFC, 0x12, 0x04, 0x24, 0x48, 0xE0, 0x40, 0x20, 0xA0, 0x23, 0x18,
    0x2C, 0x06, 0x00, 0x00, 0x7F, 0xF0, 0x00, 0x60, 0x03, 0x80, 0x1C, 0x04, 0x20, 0x04, 0x1F, 0xFC,
    0x02, 0x20, 0x0F, 0x20, 0xF0, 0x20, 0x01, 0x20, 0x91, 0x20, 0x4A, 0x20, 0x00, 0x20, 0xFE, 0x20,
    0x04, 0x20, 0x08, 0x20, 0x0F, 0x20, 0xF8, 0x22, 0x48, 0x22, 0x08, 0x22, 0x28, 0x1E, 0x10, 0x00,
    0x08, 0x0C, 0x08, 0xF0, 0x7E, 0x80, 0x08, 0x80, 0x0E, 0xFE, 0x78, 0x88, 0x08, 0x88, 0x29, 0x08,
    0x12, 0x08, 0x00, 0x00, 0x7F, 0xF0, 0x00, 0x60, 0x03, 0x80, 0x1C, 0x04, 0x20, 0x04, 0x1F, 0xFC,
    0x10, 0x20, 0x08, 0x20, 0x7F, 0x20, 0x00, 0x20, 0x22, 0x20, 0x14, 0x20, 0xFF, 0xA0, 0x08, 0x20,
    0x08, 0x20, 0x08, 0x20, 0x7F, 0x20, 0x08, 0x22, 0x08, 0x22, 0x08, 0x22, 0x08, 0x1E, 0x08, 0x00,
    0x01, 0x20, 0x01, 0x10, 0x7F, 0xFC, 0x01, 0x00, 0x3F, 0xF8, 0x21, 0x08, 0x3F, 0xF8, 0x21, 0x08,
    0x3F, 0xF8, 0x21, 0x08, 0x00, 0x00, 0x3F, 0xF0, 0x01, 0xC0, 0x1E, 0x04, 0x20, 0x04, 0x1F, 0xFC,
    0x10, 0x20, 0x08, 0x20, 0x40, 0xA8, 0x24, 0xA4, 0x09, 0x22, 0x12, 0x28, 0x70, 0x30, 0x10, 0xC0,
    0x17, 0x00, 0x00, 0x00, 0x7F, 0xF0, 0x00, 0x60, 0x03, 0x80, 0x1C, 0x04, 0x20, 0x04, 0x1F, 0xFC,
    0x08, 0x00, 0x08, 0x7C, 0x28, 0x44, 0x2E, 0x64, 0x3A, 0x54, 0xEA, 0xFE, 0x2A, 0x44, 0x2A, 0xA4,
    0x2A, 0x94, 0x2E, 0xFE, 0x28, 0x04, 0x28, 0x2A, 0x20, 0x12, 0x20, 0x02, 0x1F, 0xFE, 0x00, 0x00,
    0x08, 0x20, 0x08, 0x20, 0xFF, 0xA0, 0x08, 0x20, 0x7F, 0x20, 0x41, 0x20, 0x7F, 0x20, 0x41, 0x20,
    0x7F, 0x20, 0x49, 0x20, 0x08, 0x20, 0xFF, 0xA2, 0x08, 0x22, 0x08, 0x22, 0x08, 0x1E, 0x08, 0x00,
    0x06, 0x18, 0x38, 0xE0, 0x20, 0x80, 0x3E, 0xFC, 0x22, 0x90, 0x3E, 0x90, 0x20, 0x90, 0x41, 0x10,
    0x80, 0x00, 0x7F, 0xF0, 0x00, 0x60, 0x01, 0x80, 0x06, 0x00, 0x18, 0x04, 0x20, 0x04, 0x1F, 0xFC,
    0x10, 0x10, 0x08, 0x10, 0xFF, 0x28, 0x20, 0x44, 0x3E, 0x82, 0x22, 0x10, 0x22, 0x08, 0x42, 0x20,
    0x4A, 0x10, 0x84, 0x08, 0x7F, 0xF0, 0x00, 0x60, 0x03, 0x80, 0x1C, 0x04, 0x20, 0x04, 0x1F, 0xFC,
    0x20, 0x80, 0x10, 0x40, 0x87, 0xFC, 0x40, 0x40, 0x10, 0x40, 0x23, 0xF8, 0xE0, 0x40, 0x20, 0x40,
    0x27, 0xFC, 0x20, 0x00, 0x7F, 0xF0, 0x00, 0x60, 0x03, 0x80, 0x1C, 0x04, 0x20, 0x04, 0x1F, 0xFC,
    0x01, 0x08, 0x1F, 0xD0, 0x01, 0x20, 0x7F, 0xFC, 0x02, 0x00, 0x0F, 0xF0, 0x38, 0x10, 0xCF, 0xF0,
    0x08, 0x10, 0x0F, 0xF0, 0x00, 0x00, 0x3F, 0xF0, 0x01, 0xC0, 0x1E, 0x04, 0x20, 0x04, 0x1F, 0xFC,
    0x10, 0x40, 0x10, 0x40, 0x10, 0x80, 0xFE, 0xFE, 0x11, 0x00, 0x7E, 0x00, 0x44, 0xFC, 0x7C, 0x08,
    0x44, 0x10, 0x7C, 0x20, 0x10, 0x40, 0xFE, 0x80, 0x11, 0x02, 0x11, 0x02, 0x10, 0xFE, 0x10, 0x00,
    0x0F, 0x20, 0xF0, 0x20, 0x11, 0x20, 0x89, 0x20, 0x42, 0x20, 0x10, 0x20, 0x22, 0x20, 0x7C, 0x20,
    0x08, 0x20, 0x11, 0x20, 0xFF, 0xA0, 0x08, 0xA2, 0x4A, 0x22, 0x89, 0x22, 0x28, 0x1E, 0x10, 0x00,
    0x04, 0x00, 0x0F, 0xE0, 0x10, 0x40, 0x3F, 0xF0, 0x51, 0x10, 0x1F, 0xF0, 0x11, 0x10, 0x1F, 0xF0,
    0x01, 0x00, 0x3F, 0xF8, 0x21, 0x08, 0x3F, 0xF8, 0x21, 0x08, 0x3F, 0xFA, 0x01, 0x02, 0x00, 0xFE,
    0x08, 0x20, 0x08, 0x20, 0xFF, 0xA0, 0x08, 0x7E, 0x7F, 0x40, 0x41, 0x80, 0x7F, 0x7C, 0x41, 0x04,
    0x7F, 0x08, 0x00, 0x10, 0x7F, 0x20, 0x08, 0x40, 0xFF, 0xC2, 0x08, 0x42, 0x08, 0x3E, 0x08, 0x00,
    0x0F, 0x20, 0xF0, 0x20, 0x49, 0x20, 0x22, 0x20, 0xFE, 0x20, 0x14, 0x20, 0x08, 0x20, 0xFF, 0x20,
    0x95, 0x20, 0xBD, 0x20, 0x83, 0x20, 0xBD, 0x22, 0x95, 0x22, 0x89, 0x22, 0x95, 0x1E, 0xA3, 0x00,
    0x08, 0x20, 0x49, 0x20, 0x2A, 0x20, 0xFF, 0xA0, 0x2A, 0x20, 0x49, 0x20, 0x88, 0xA0, 0x41, 0x20,
    0x41, 0x20, 0x77, 0xA0, 0x91, 0x20, 0x55, 0x22, 0x27, 0xA2, 0x41, 0x22, 0x81, 0x1E, 0x01, 0x00,
    0x08, 0x20, 0xFF, 0xA0, 0x08, 0x20, 0x7F, 0x20, 0x00, 0x20, 0xFF, 0xA0, 0x80, 0xA0, 0x7F, 0x20,
    0x00, 0x20, 0x7F, 0x20, 0x41, 0x20, 0x7F, 0x22, 0x41, 0x22, 0x22, 0x22, 0x0F, 0x9E, 0xF0, 0x00,
    0x00, 0x10, 0x00, 0x10, 0x00, 0x10, 0x00, 0x10, 0x00, 0x10, 0x00, 0x10, 0x00, 0x10, 0x00, 0x10,
    0x00, 0x10, 0x00, 0x10, 0x00, 0x10, 0x00, 0x10, 0x00, 0x10, 0x00, 0x10, 0x00, 0x50, 0x00, 0x20,
    0x00, 0x00, 0x7F, 0xF8, 0x00, 0x10, 0x00, 0x20, 0x00, 0x40, 0x01, 0x80, 0x01, 0x00, 0x01, 0x00,
    0x01, 0x00, 0x01, 0x00, 0x01, 0x00, 0x01, 0x00, 0x01, 0x00, 0x01, 0x00, 0x05, 0x00, 0x02, 0x00,
    0x08, 0x00, 0x08, 0x00, 0x08, 0x00, 0x0F, 0xFC, 0x10, 0x04, 0x11, 0x08, 0x21, 0x10, 0x41, 0x00,
    0x01, 0x00, 0x01, 0x00, 0x01, 0x00, 0x01, 0x00, 0x01, 0x00, 0x01, 0x00, 0x05, 0x00, 0x02, 0x00,
    0x00, 0x00, 0x1F, 0xF0, 0x00, 0x10, 0x02, 0x20, 0x01, 0x40, 0x00, 0x80, 0x7F, 0xFE, 0x00, 0x82,
    0x00, 0x84, 0x00, 0x80, 0x00, 0x80, 0x00, 0x80, 0x00, 0x80, 0x00, 0x80, 0x02, 0x80, 0x01, 0x00,
    0x08, 0x00, 0x08, 0x00, 0x1F, 0xE0, 0x20, 0x20, 0x40, 0x40, 0xBF, 0xF8, 0x01, 0x08, 0x01, 0x08,
    0x7F, 0xFE, 0x01, 0x08, 0x01, 0x08, 0x3F, 0xF8, 0x01, 0x08, 0x01, 0x00, 0x05, 0x00, 0x02, 0x00,
    0x01, 0x00, 0x01, 0x00, 0x7F, 0xFC, 0x11, 0x10, 0x09, 0x20, 0x3F, 0xF8, 0x01, 0x08, 0x01, 0x08,
    0xFF, 0xFE, 0x01, 0x08, 0x01, 0x08, 0x3F, 0xF8, 0x01, 0x08, 0x01, 0x00, 0x05, 0x00, 0x02, 0x00,
    0x01, 0x00, 0x01, 0x00, 0xFF, 0xFE, 0x01, 0x00, 0x3F, 0xF8, 0x21, 0x08, 0x3F, 0xF8, 0x01, 0x00,
    0x3F, 0xF8, 0x01, 0x08, 0xFF, 0xFE, 0x01, 0x08, 0x3F, 0xF8, 0x01, 0x00, 0x05, 0x00, 0x02, 0x00,
    0x00, 0x00, 0x00, 0x00, 0x00, 0x00, 0x3F, 0xF8, 0x00, 0x00, 0x00, 0x00, 0x00, 0x00, 0x00, 0x00,
    0x00, 0x00, 0x00, 0x00, 0x00, 0x00, 0x00, 0x00, 0xFF, 0xFE, 0x00, 0x00, 0x00, 0x00, 0x00, 0x00,
    0x00, 0x00, 0x3F, 0xF8, 0x00, 0x00, 0x00, 0x00, 0x00, 0x00, 0x00, 0x00, 0xFF, 0xFE, 0x01, 0x00,
    0x01, 0x00, 0x01, 0x00, 0x01, 0x00, 0x01, 0x00, 0x01, 0x00, 0x01, 0x00, 0x05, 0x00, 0x02, 0x00,
    0x00, 0x00, 0x3F, 0xF8, 0x01, 0x00, 0x01, 0x00, 0x01, 0x00, 0x01, 0x00, 0xFF, 0xFE, 0x01, 0x00,
    0x01, 0x00, 0x01, 0x00, 0x01, 0x00, 0x01, 0x00, 0x01, 0x00, 0x01, 0x00, 0x05, 0x00, 0x02, 0x00,
    0x00, 0x00, 0x3F, 0xF8, 0x00, 0x00, 0x00, 0x00, 0x00, 0x00, 0xFF, 0xFE, 0x04, 0x00, 0x04, 0x00,
    0x08, 0x00, 0x0F, 0xF0, 0x00, 0x10, 0x00, 0x10, 0x00, 0x10, 0x00, 0x10, 0x00, 0xA0, 0x00, 0x40,
    0x00, 0x00, 0x3F, 0xF8, 0x02, 0x00, 0x02, 0x00, 0x02, 0x00, 0xFF, 0xFE, 0x04, 0x00, 0x04, 0x00,
    0x08, 0x00, 0x0F, 0xF0, 0x00, 0x10, 0x00, 0x10, 0x00, 0x10, 0x00, 0x10, 0x00, 0xA0, 0x00, 0x40,
    0x00, 0x00, 0x3F, 0xF8, 0x00, 0x00, 0x00, 0x00, 0x00, 0x00, 0x00, 0x00, 0xFF, 0xFE, 0x02, 0x00,
    0x04, 0x00, 0x04, 0x00, 0x08, 0x40, 0x10, 0x20, 0x20, 0x10, 0x7F, 0xF8, 0x20, 0x08, 0x00, 0x08,
    0x00, 0x00, 0x7F, 0xFC, 0x04, 0x00, 0x04, 0x00, 0x04, 0x00, 0x0F, 0xF0, 0x08, 0x10, 0x08, 0x10,
    0x10, 0x10, 0x10, 0x20, 0x1F, 0xE0, 0x00, 0x20, 0x00, 0x40, 0x00, 0x40, 0xFF, 0xFE, 0x00, 0x00,
    0x00, 0x00, 0x3F, 0xF8, 0x00, 0x00, 0x00, 0x00, 0x00, 0x00, 0xFF, 0xFE, 0x08, 0x20, 0x08, 0x20,
    0x08, 0x20, 0x08, 0x20, 0x08, 0x20, 0x10, 0x20, 0x10, 0x20, 0x20, 0x20, 0x40, 0x20, 0x80, 0x20,
    0x00, 0x00, 0x7F, 0xFC, 0x02, 0x00, 0x02, 0x00, 0x02, 0x00, 0x02, 0x00, 0x3F, 0xF0, 0x04, 0x10,
    0x04, 0x10, 0x04, 0x10, 0x04, 0x10, 0x08, 0x10, 0x08, 0x10, 0x08, 0x10, 0xFF, 0xFE, 0x00, 0x00,
    0x08, 0x20, 0x08, 0x20, 0x08, 0x20, 0x08, 0x20, 0x7F, 0xFC, 0x08, 0x20, 0x08, 0x20, 0x08, 0x20,
    0x08, 0x20, 0xFF, 0xFE, 0x08, 0x20, 0x08, 0x20, 0x10, 0x20, 0x10, 0x20, 0x20, 0x20, 0x40, 0x20,
    0x00, 0x00, 0x00, 0x00, 0x3F, 0xF8, 0x00, 0x00, 0x00, 0x00, 0x00, 0x00, 0xFF, 0xFE, 0x00, 0x00,
    0x00, 0x00, 0x00, 0x00, 0x3F, 0xF8, 0x00, 0x00, 0x00, 0x00, 0x00, 0x00, 0xFF, 0xFE, 0x00, 0x00,
    0x01, 0x00, 0x01, 0x00, 0x21, 0x08, 0x21, 0x08, 0x21, 0x08, 0x3F, 0xF8, 0x00, 0x00, 0x00, 0x00,
    0x00, 0x00, 0x3F, 0xF8, 0x00, 0x00, 0x00, 0x00, 0x00, 0x00, 0x00, 0x00, 0xFF, 0xFE, 0x00, 0x00,
    0x00, 0x00, 0x7F, 0xFC, 0x00, 0x00, 0x00, 0x00, 0x1F, 0xF0, 0x10, 0x10, 0x10, 0x10, 0x1F, 0xF0,
    0x10, 0x10, 0x10, 0x10, 0x1F, 0xF0, 0x10, 0x10, 0x00, 0x00, 0x00, 0x00, 0xFF, 0xFE, 0x00, 0x00,
    0x00, 0x00, 0x7F, 0xFC, 0x04, 0x00, 0x04, 0x00, 0x04, 0x00, 0x0F, 0xF0, 0x08, 0x10, 0x0A, 0x10,
    0x11, 0x10, 0x10, 0x20, 0x04, 0x20, 0x02, 0x20, 0x00, 0x40, 0x00, 0x40, 0xFF, 0xFE, 0x00, 0x00,
    0x00, 0x00, 0x7F, 0xFC, 0x04, 0x40, 0x04, 0x40, 0x04, 0x40, 0x04, 0x40, 0x44, 0x44, 0x24, 0x44,
    0x24, 0x48, 0x14, 0x48, 0x14, 0x50, 0x04, 0x40, 0x04, 0x40, 0x04, 0x40, 0xFF, 0xFE, 0x00, 0x00,
    0x04, 0x40, 0x04, 0x40, 0x24, 0x44, 0x27, 0x48, 0x24, 0x70, 0x24, 0x42, 0x24, 0x42, 0x2F, 0x42,
    0xF0, 0x3E, 0x40, 0x00, 0x00, 0x00, 0x1F, 0xF0, 0x00, 0x00, 0x00, 0x00, 0x7F, 0xFC, 0x00, 0x00,
    0x00, 0x00, 0x7F, 0xFC, 0x04, 0x40, 0x04, 0x40, 0x04, 0x40, 0x3F, 0xF8, 0x24, 0x48, 0x24, 0x48,
    0x24, 0x48, 0x24, 0x48, 0x3F, 0xF8, 0x04, 0x40, 0x04, 0x40, 0x04, 0x40, 0xFF, 0xFE, 0x00, 0x00,
    0x04, 0x00, 0x08, 0x20, 0x10, 0x10, 0x3F, 0xF8, 0x08, 0x10, 0x10, 0x20, 0x24, 0x48, 0x7E, 0xFC,
    0x02, 0x04, 0x00, 0x00, 0x3F, 0xF8, 0x00, 0x00, 0x00, 0x00, 0x00, 0x00, 0xFF, 0xFE, 0x00, 0x00,
    0x00, 0x00, 0x7F, 0xFC, 0x04, 0x40, 0x04, 0x40, 0x04, 0x40, 0x3C, 0x78, 0x20, 0x08, 0x20, 0x08,
    0x20, 0x08, 0x20, 0x08, 0x3C, 0x78, 0x04, 0x40, 0x04, 0x40, 0x04, 0x40, 0xFF, 0xFE, 0x00, 0x00,
    0x00, 0x00, 0x3F, 0xF0, 0x00, 0x20, 0x00, 0x40, 0x01, 0x80, 0x79, 0x3C, 0x49, 0x04, 0x49, 0x44,
    0x49, 0x28, 0x49, 0x10, 0x79, 0x28, 0x01, 0x44, 0x05, 0x00, 0x02, 0x00, 0xFF, 0xFE, 0x00, 0x00,
    0x02, 0x00, 0x01, 0x00, 0x01, 0x00, 0xFF, 0xFE, 0x00, 0x00, 0x00, 0x00, 0x00, 0x00, 0x00, 0x00,
    0x00, 0x00, 0x00, 0x00, 0x00, 0x00, 0x00, 0x00, 0x00, 0x00, 0x00, 0x00, 0x00, 0x00, 0x00, 0x00,
    0x02, 0x00, 0x01, 0x00, 0x01, 0x00, 0x00, 0x00, 0xFF, 0xFE, 0x10, 0x00, 0x10, 0x00, 0x10, 0x00,
    0x10, 0x00, 0x10, 0x00, 0x10, 0x00, 0x10, 0x00, 0x10, 0x00, 0x10, 0x00, 0x1F, 0xFC, 0x00, 0x00,
    0x02, 0x00, 0x01, 0x00, 0x01, 0x00, 0xFF, 0xFE, 0x00, 0x00, 0x00, 0x00, 0x0F, 0xE0, 0x08, 0x20,
    0x08, 0x20, 0x08, 0x20, 0x08, 0x20, 0x08, 0x22, 0x10, 0x22, 0x10, 0x22, 0x20, 0x1E, 0x40, 0x00,
    0x02, 0x00, 0x01, 0x00, 0x01, 0x00, 0xFF, 0xFE, 0x04, 0x20, 0x04, 0x20, 0x04, 0x20, 0x04, 0x20,
    0x04, 0x20, 0x04, 0x20, 0x04, 0x20, 0x08, 0x20, 0x08, 0x20, 0x10, 0x20, 0x20, 0x20, 0x40, 0x20,
    0x02, 0x00, 0x01, 0x00, 0x01, 0x00, 0xFF, 0xFE, 0x00, 0x00, 0x10, 0x10, 0x10, 0x08, 0x20, 0x24,
    0x48, 0x24, 0x04, 0x40, 0x02, 0x80, 0x01, 0x00, 0x02, 0x80, 0x0C, 0x40, 0x30, 0x30, 0xC0, 0x0E,
    0x02, 0x00, 0x01, 0x00, 0x00, 0x00, 0x7F, 0xFC, 0x02, 0x00, 0x04, 0x00, 0x08, 0x20, 0x10, 0x40,
    0x3F, 0x88, 0x01, 0x10, 0x06, 0x20, 0x18, 0x40, 0x60, 0xA0, 0x03, 0x10, 0x0C, 0x08, 0x70, 0x04,
    0x02, 0x00, 0x01, 0x00, 0x01, 0x00, 0xFF, 0xFE, 0x04, 0x40, 0x04, 0x40, 0x24, 0x50, 0x24, 0x48,
    0x24, 0x48, 0x44, 0x44, 0x44, 0x44, 0x88, 0x44, 0x08, 0x40, 0x10, 0x40, 0x21, 0x40, 0x40, 0x80,
    0x02, 0x00, 0x01, 0x00, 0x7F, 0xFC, 0x00, 0x00, 0x08, 0x20, 0x04, 0x20, 0x04, 0x40, 0x3F, 0xFE,
    0x20, 0x00, 0x20, 0x00, 0x20, 0x00, 0x20, 0x00, 0x20, 0x00, 0x40, 0x00, 0x40, 0x00, 0x80, 0x00,
    0x02, 0x00, 0x01, 0x00, 0xFF, 0xFE, 0x00, 0x00, 0x1F, 0xF0, 0x10, 0x10, 0x10, 0x10, 0x1F, 0xF0,
    0x00, 0x00, 0x3F, 0xF0, 0x00, 0x60, 0x01, 0x80, 0x01, 0x00, 0x01, 0x00, 0x05, 0x00, 0x02, 0x00,
    0x02, 0x00, 0x01, 0x00, 0x01, 0x00, 0xFF, 0xFE, 0x00, 0x00, 0x00, 0x00, 0x3F, 0xF8, 0x21, 0x08,
    0x21, 0x08, 0x21, 0x08, 0x3F, 0xF8, 0x21, 0x08, 0x21, 0x08, 0x21, 0x08, 0x3F, 0xF8, 0x20, 0x08,
    0x02, 0x00, 0x01, 0x00, 0xFF, 0xFE, 0x04, 0x40, 0x14, 0x50, 0x24, 0x48, 0x48, 0x44, 0x09, 0x40,
    0x10, 0x80, 0x7F, 0xE0, 0x00, 0x20, 0x00, 0x20, 0x00, 0x10, 0x00, 0x10, 0x00, 0x08, 0x00, 0x06,
    0x02, 0x00, 0x01, 0x00, 0x7F, 0xFC, 0x00, 0x00, 0x1F, 0xF0, 0x10, 0x10, 0x1F, 0xF0, 0x00, 0x00,
    0x1F, 0xE0, 0x00, 0x40, 0x01, 0x80, 0xFF, 0xFE, 0x01, 0x00, 0x01, 0x00, 0x05, 0x00, 0x02, 0x00,
    0x02, 0x00, 0x01, 0x00, 0xFF, 0xFE, 0x00, 0x00, 0x00, 0x00, 0x1F, 0xF0, 0x10, 0x10, 0x10, 0x10,
    0x10, 0x10, 0x1F, 0xF0, 0x01, 0x00, 0x11, 0x10, 0x11, 0x08, 0x21, 0x04, 0x45, 0x04, 0x02, 0x00,
    0x02, 0x00, 0x01, 0x00, 0x7F, 0xFC, 0x00, 0x00, 0x1F, 0xF0, 0x10, 0x10, 0x1F, 0xF0, 0x00, 0x00,
    0x7F, 0xFE, 0x40, 0x02, 0x9F, 0xF4, 0x01, 0x00, 0x01, 0x00, 0x01, 0x00, 0x05, 0x00, 0x02, 0x00,
    0x02, 0x00, 0x01, 0x00, 0x7F, 0xFC, 0x00, 0x00, 0x0F, 0xE0, 0x08, 0x20, 0x0F, 0xE0, 0x00, 0x00,
    0x7F, 0xFE, 0x40, 0x02, 0x87, 0xC4, 0x04, 0x40, 0x04, 0x40, 0x08, 0x42, 0x30, 0x42, 0xC0, 0x3E,
    0x02, 0x00, 0x01, 0x00, 0xFF, 0xFE, 0x00, 0x00, 0x1F, 0xF0, 0x10, 0x10, 0x1F, 0xF0, 0x00, 0x00,
    0x3F, 0xF8, 0x20, 0x08, 0x20, 0x08, 0x3F, 0xF8, 0x20, 0x08, 0x20, 0x08, 0x3F, 0xF8, 0x20, 0x08,
    0x02, 0x00, 0x01, 0x00, 0xFF, 0xFE, 0x00, 0x00, 0x00, 0x00, 0x1F, 0xF0, 0x10, 0x10, 0x1F, 0xF0,
    0x10, 0x10, 0x1F, 0xF0, 0x01, 0x00, 0x11, 0x10, 0x11, 0x08, 0x21, 0x04, 0x45, 0x04, 0x02, 0x00,
    0x02, 0x00, 0x01, 0x00, 0xFF, 0xFE, 0x08, 0x00, 0x08, 0x00, 0x13, 0xF8, 0x12, 0x08, 0x32, 0x08,
    0x53, 0xF8, 0x92, 0x08, 0x12, 0x08, 0x13, 0xF8, 0x12, 0x08, 0x10, 0x00, 0x17, 0xFC, 0x10, 0x00,
    0x02, 0x00, 0x01, 0x00, 0x3F, 0xF8, 0x00, 0x00, 0x08, 0x20, 0x04, 0x40, 0xFF, 0xFE, 0x01, 0x00,
    0x01, 0x00, 0x7F, 0xFC, 0x01, 0x00, 0x09, 0x20, 0x11, 0x10, 0x21, 0x08, 0x45, 0x04, 0x02, 0x00,
    0x01, 0x00, 0x7F, 0xFC, 0x00, 0x00, 0x1F, 0xF0, 0x10, 0x10, 0x1F, 0xF0, 0x00, 0x00, 0x7F, 0xFE,
    0x40, 0x02, 0x80, 0xF4, 0x3F, 0x00, 0x02, 0x00, 0x03, 0xF8, 0x7E, 0x02, 0x02, 0x02, 0x01, 0xFE,
    0x01, 0x00, 0x7F, 0xFC, 0x00, 0x00, 0x1F, 0xF0, 0x10, 0x10, 0x1F, 0xF0, 0x00, 0x00, 0x7F, 0xFE,
    0x41, 0x02, 0x9F, 0xF4, 0x01, 0x00, 0x7F, 0xFC, 0x02, 0x00, 0x3F, 0xE0, 0x08, 0x22, 0x70, 0x1E,
    0x01, 0x00, 0xFF, 0xFE, 0x00, 0x00, 0x08, 0x40, 0x7D, 0xF8, 0x08, 0x48, 0x0C, 0xC8, 0x78, 0x4A,
    0x08, 0xAA, 0x29, 0x06, 0x13, 0x02, 0x04, 0x88, 0x0C, 0x50, 0x35, 0x30, 0xC6, 0x0E, 0x04, 0x00,
    0x01, 0x00, 0xFF, 0xFE, 0x00, 0x00, 0x3F, 0xF8, 0x20, 0x08, 0x27, 0xC8, 0x24, 0x48, 0x3F, 0xF8,
    0x00, 0x00, 0x1F, 0xF0, 0x10, 0x10, 0x1F, 0xF0, 0x10, 0x10, 0x1F, 0xF0, 0x00, 0x00, 0xFF, 0xFE,
    0x01, 0x00, 0x00, 0x80, 0x3F, 0xFC, 0x04, 0x10, 0x02, 0x20, 0x3F, 0xFE, 0x22, 0x40, 0x2F, 0xF8,
    0x22, 0x48, 0x3F, 0xFE, 0x22, 0x48, 0x2F, 0xF8, 0x26, 0x60, 0x4A, 0x50, 0x52, 0x4C, 0x82, 0x40,
    0x20, 0x88, 0x10, 0x48, 0xFC, 0x50, 0x01, 0xFC, 0x7D, 0x24, 0x45, 0x24, 0x7D, 0xFC, 0x01, 0x24,
    0x7D, 0x24, 0x09, 0xFC, 0x10, 0x20, 0x1C, 0x20, 0xF3, 0xFE, 0x10, 0x20, 0x50, 0x20, 0x20, 0x20,
    0x01, 0x00, 0xFF, 0xFE, 0x00, 0x00, 0x2F, 0xEC, 0x48, 0x24, 0x6B, 0xAC, 0x48, 0x24, 0x6B, 0xAC,
    0x4A, 0xA4, 0xFF, 0xFE, 0x90, 0x12, 0x1F, 0xF0, 0x10, 0x10, 0x1F, 0xF0, 0x10, 0x10, 0xFF, 0xFE,
    0x01, 0x00, 0x01, 0x00, 0x01, 0x00, 0x01, 0x00, 0x01, 0x00, 0x01, 0x00, 0x02, 0x80, 0x02, 0x80,
    0x04, 0x40, 0x04, 0x40, 0x08, 0x20, 0x08, 0x20, 0x10, 0x10, 0x20, 0x08, 0x40, 0x04, 0x80, 0x02,
    0x08, 0x00, 0x08, 0x00, 0x08, 0x00, 0x10, 0x00, 0x10, 0x00, 0x30, 0x00, 0x30, 0x00, 0x50, 0x00,
    0x90, 0x00, 0x10, 0x00, 0x10, 0x00, 0x10, 0x00, 0x10, 0x00, 0x10, 0x00, 0x10, 0x00, 0x10, 0x00,
    0x01, 0x00, 0x01, 0x00, 0x01, 0x00, 0x01, 0x00, 0x02, 0x80, 0x02, 0x80, 0x04, 0x40, 0x04, 0x40,
    0x08, 0x20, 0x10, 0x10, 0x20, 0x08, 0xC0, 0x06, 0x00, 0x00, 0x00, 0x00, 0xFF, 0xFE, 0x00, 0x00,
    0x01, 0x00, 0x01, 0x00, 0x01, 0x00, 0x02, 0x80, 0x02, 0x80, 0x04, 0x40, 0x08, 0x20, 0x10, 0x10,
    0x20, 0x08, 0xC0, 0x06, 0x02, 0x00, 0x01, 0x00, 0x00, 0x80, 0x00, 0x80, 0x00, 0x00, 0x00, 0x00,
    0x00, 0x80, 0x00, 0x80, 0x00, 0x80, 0x20, 0x80, 0x20, 0x80, 0x21, 0x40, 0x21, 0x40, 0x22, 0x20,
    0x22, 0x20, 0x24, 0x10, 0x28, 0x08, 0x30, 0x06, 0x20, 0x00, 0x20, 0x00, 0x3F, 0xFE, 0x00, 0x00,
    0x08, 0x00, 0x08, 0x00, 0x0B, 0xFC, 0x10, 0x08, 0x10, 0x10, 0x30, 0x20, 0x30, 0x40, 0x50, 0x80,
    0x90, 0x80, 0x11, 0x00, 0x11, 0x00, 0x12, 0x02, 0x12, 0x02, 0x12, 0x02, 0x11, 0xFE, 0x10, 0x00,
    0x08, 0x20, 0x08, 0x20, 0x08, 0x20, 0x10, 0x20, 0x10, 0x20, 0x30, 0x20, 0x37, 0xFE, 0x50, 0x20,
    0x90, 0x20, 0x10, 0x20, 0x10, 0x20, 0x10, 0x20, 0x10, 0x20, 0x10, 0x20, 0x10, 0x20, 0x10, 0x20,
    0x08, 0x00, 0x08, 0x00, 0x08, 0x00, 0x13, 0xFC, 0x10, 0x00, 0x30, 0x00, 0x30, 0x00, 0x50, 0x00,
    0x90, 0x00, 0x10, 0x00, 0x10, 0x00, 0x10, 0x00, 0x17, 0xFE, 0x10, 0x00, 0x10, 0x00, 0x10, 0x00,
    0x08, 0x40, 0x08, 0x40, 0x08, 0x40, 0x10, 0x40, 0x13, 0xFC, 0x30, 0x44, 0x30, 0x44, 0x50, 0x44,
    0x90, 0x44, 0x10, 0x84, 0x10, 0x84, 0x10, 0x84, 0x11, 0x04, 0x11, 0x04, 0x12, 0x28, 0x14, 0x10,
    0x08, 0x00, 0x08, 0x00, 0x0B, 0xFE, 0x10, 0x20, 0x10, 0x20, 0x30, 0x20, 0x30, 0x20, 0x50, 0x20,
    0x90, 0x20, 0x10, 0x20, 0x10, 0x20, 0x10, 0x20, 0x10, 0x20, 0x10, 0x20, 0x10, 0xA0, 0x10, 0x40,
    0x00, 0x00, 0x3F, 0xFE, 0x20, 0x00, 0x20, 0x00, 0x20, 0x80, 0x20, 0x80, 0x20, 0x80, 0x20, 0x80,
    0x20, 0x80, 0x21, 0x40, 0x21, 0x40, 0x22, 0x20, 0x42, 0x20, 0x44, 0x10, 0x88, 0x08, 0x10, 0x06,
    0x08, 0x00, 0x0B, 0xFC, 0x09, 0x04, 0x11, 0x04, 0x11, 0x04, 0x30, 0x88, 0x30, 0x88, 0x50, 0x88,
    0x90, 0x50, 0x10, 0x50, 0x10, 0x20, 0x10, 0x20, 0x10, 0x50, 0x10, 0x88, 0x11, 0x04, 0x16, 0x02,
    0x08, 0x40, 0x08, 0x40, 0x08, 0x40, 0x10, 0x40, 0x10, 0x40, 0x30, 0x50, 0x30, 0x48, 0x50, 0x44,
    0x90, 0x44, 0x10, 0x40, 0x10, 0x40, 0x10, 0x40, 0x10, 0x40, 0x10, 0x40, 0x10, 0x40, 0x10, 0x40,
    0x09, 0x00, 0x09, 0x00, 0x09, 0x00, 0x11, 0x00, 0x17, 0xF0, 0x31, 0x10, 0x31, 0x10, 0x51, 0x10,
    0x91, 0x10, 0x11, 0x10, 0x11, 0x10, 0x12, 0x12, 0x12, 0x12, 0x14, 0x12, 0x18, 0x0E, 0x10, 0x00,
    0x08, 0x00, 0x08, 0x20, 0x09, 0x20, 0x11, 0x20, 0x11, 0x20, 0x31, 0x20, 0x31, 0x20, 0x51, 0x20,
    0x91, 0x20, 0x11, 0x10, 0x11, 0x10, 0x12, 0x10, 0x12, 0x08, 0x14, 0x08, 0x18, 0x04, 0x10, 0x02,
    0x08, 0x00, 0x09, 0xF0, 0x09, 0x10, 0x11, 0x10, 0x11, 0x10, 0x31, 0x10, 0x31, 0x10, 0x51, 0x10,
    0x91, 0x10, 0x11, 0x10, 0x11, 0x10, 0x11, 0x12, 0x11, 0x12, 0x12, 0x12, 0x12, 0x0E, 0x14, 0x00,
    0x01, 0x00, 0x01, 0x00, 0x02, 0x80, 0x04, 0x40, 0x08, 0x20, 0x12, 0x10, 0x21, 0x08, 0xC1, 0x06,
    0x00, 0x00, 0x1F, 0xF0, 0x00, 0x10, 0x00, 0x20, 0x00, 0x20, 0x00, 0x40, 0x00, 0x80, 0x01, 0x00,
    0x01, 0x00, 0x01, 0x00, 0x02, 0x80, 0x04, 0x40, 0x08, 0x20, 0x10, 0x10, 0x20, 0x08, 0xC8, 0x26,
    0x08, 0x20, 0x08, 0x20, 0x08, 0x20, 0x08, 0x20, 0x10, 0x20, 0x10, 0x20, 0x20, 0x20, 0x40, 0x20,
    0x01, 0x00, 0x01, 0x00, 0x02, 0x80, 0x02, 0x40, 0x04, 0x20, 0x08, 0x10, 0x11, 0x08, 0x61, 0x04,
    0x01, 0x00, 0x02, 0x80, 0x02, 0x80, 0x04, 0x40, 0x08, 0x20, 0x10, 0x10, 0x20, 0x08, 0xC0, 0x06,
    0x08, 0x00, 0x08, 0x00, 0x0B, 0xF8, 0x10, 0x88, 0x10, 0x90, 0x30, 0x90, 0x30, 0xA0, 0x50, 0xBC,
    0x90, 0x84, 0x10, 0x84, 0x11, 0x04, 0x11, 0x04, 0x11, 0x04, 0x12, 0x04, 0x12, 0x28, 0x14, 0x10,
    0x08, 0x20, 0x08, 0x20, 0x08, 0x20, 0x08, 0x20, 0x08, 0x20, 0x08, 0x20, 0x08, 0x20, 0x08, 0x20,
    0x08, 0x50, 0x14, 0x50, 0x12, 0x50, 0x12, 0x88, 0x20, 0x88, 0x21, 0x04, 0x42, 0x04, 0x84, 0x02,
    0x08, 0x40, 0x08, 0x40, 0x08, 0x40, 0x10, 0x40, 0x10, 0x40, 0x30, 0x80, 0x30, 0x80, 0x50, 0x80,
    0x91, 0x00, 0x11, 0x10, 0x11, 0x08, 0x12, 0x08, 0x17, 0xFC, 0x12, 0x04, 0x10, 0x04, 0x10, 0x00,
    0x01, 0x00, 0x01, 0x00, 0x02, 0x80, 0x04, 0x40, 0x08, 0x20, 0x10, 0x10, 0x21, 0x08, 0xC1, 0x06,
    0x01, 0x00, 0x01, 0x00, 0xFF, 0xFE, 0x01, 0x00, 0x01, 0x00, 0x01, 0x00, 0x01, 0x00, 0x01, 0x00,
    0x01, 0x00, 0x01, 0x00, 0x02, 0x80, 0x04, 0x40, 0x08, 0x20, 0x10, 0x10, 0x20, 0x08, 0xC8, 0x06,
    0x08, 0x30, 0x08, 0xC0, 0x0F, 0x00, 0x08, 0x08, 0x08, 0x08, 0x08, 0x08, 0x07, 0xF8, 0x00, 0x00,
    0x01, 0x00, 0x01, 0x00, 0x02, 0x80, 0x04, 0x40, 0x08, 0x20, 0x10, 0x10, 0x20, 0x08, 0xC6, 0x06,
    0x01, 0x80, 0x00, 0x40, 0x00, 0x00, 0x0C, 0x00, 0x03, 0x00, 0x00, 0xC0, 0x00, 0x20, 0x00, 0x00,
    0x01, 0x00, 0x01, 0x00, 0x02, 0x80, 0x04, 0x40, 0x08, 0x20, 0x30, 0x18, 0xC0, 0x06, 0x0F, 0xE0,
    0x08, 0x20, 0x08, 0x20, 0x08, 0xA0, 0x08, 0x44, 0x08, 0x04, 0x08, 0x04, 0x07, 0xFC, 0x00, 0x00,
    0x08, 0x00, 0x0B, 0xF8, 0x08, 0x08, 0x10, 0x10, 0x10, 0x20, 0x30, 0x40, 0x30, 0x40, 0x57, 0xFE,
    0x90, 0x40, 0x10, 0x40, 0x10, 0x40, 0x10, 0x40, 0x10, 0x40, 0x10, 0x40, 0x11, 0x40, 0x10, 0x80,
    0x08, 0x40, 0x08, 0x40, 0x08, 0x40, 0x10, 0x40, 0x10, 0x40, 0x3F, 0xFE, 0x30, 0x40, 0x50, 0x40,
    0x90, 0x40, 0x10, 0x40, 0x10, 0x40, 0x10, 0x40, 0x10, 0x40, 0x17, 0xFC, 0x10, 0x00, 0x10, 0x00,
    0x08, 0x40, 0x08, 0x40, 0x0A, 0x40, 0x12, 0x58, 0x12, 0x68, 0x32, 0xC8, 0x33, 0x48, 0x5E, 0x48,
    0x92, 0x48, 0x12, 0x48, 0x12, 0x58, 0x12, 0x42, 0x12, 0x02, 0x12, 0x02, 0x11, 0xFE, 0x10, 0x00,
    0x08, 0x10, 0x08, 0x10, 0x08, 0x10, 0x10, 0x10, 0x13, 0xFE, 0x30, 0x10, 0x30, 0x10, 0x51, 0x10,
    0x91, 0x10, 0x10, 0x90, 0x10, 0x90, 0x10, 0x50, 0x10, 0x20, 0x10, 0x50, 0x11, 0x88, 0x16, 0x06,
    0x08, 0x10, 0x08, 0x10, 0x08, 0x10, 0x10, 0x10, 0x17, 0xFE, 0x30, 0x10, 0x30, 0x10, 0x50, 0x10,
    0x91, 0x10, 0x10, 0x90, 0x10, 0x90, 0x10, 0x10, 0x10, 0x10, 0x10, 0x10, 0x10, 0x50, 0x10, 0x20,
    0x10, 0x40, 0x10, 0x40, 0x10, 0x40, 0x20, 0x40, 0x24, 0x44, 0x64, 0x44, 0x64, 0x44, 0xA4, 0x44,
    0x24, 0x44, 0x24, 0x44, 0x24, 0x44, 0x24, 0x44, 0x24, 0x44, 0x27, 0xFC, 0x20, 0x04, 0x20, 0x00,
    0x01, 0x00, 0x01, 0x00, 0x02, 0x80, 0x04, 0x40, 0x08, 0x20, 0x10, 0x10, 0x21, 0x08, 0xC1, 0x06,
    0x01, 0x00, 0x21, 0x08, 0x21, 0x08, 0x21, 0x08, 0x21, 0x08, 0x21, 0x08, 0x3F, 0xF8, 0x00, 0x08,
    0x08, 0x10, 0x08, 0x78, 0x0B, 0xC0, 0x10, 0x40, 0x10, 0x40, 0x30, 0x40, 0x30, 0x40, 0x50, 0x7E,
    0x97, 0xC0, 0x10, 0x40, 0x10, 0x40, 0x10, 0x42, 0x10, 0x42, 0x10, 0x42, 0x10, 0x3E, 0x10, 0x00,
    0x08, 0x00, 0x08, 0x00, 0x08, 0x00, 0x13, 0xFE, 0x10, 0x20, 0x30, 0x20, 0x30, 0x20, 0x50, 0x20,
    0x90, 0x20, 0x10, 0x20, 0x10, 0x20, 0x10, 0x20, 0x10, 0x20, 0x17, 0xFE, 0x10, 0x00, 0x10, 0x00,
    0x01, 0x00, 0x01, 0x00, 0x02, 0x80, 0x04, 0x40, 0x08, 0x20, 0x10, 0x10, 0x20, 0x08, 0xC0, 0x06,
    0x1F, 0xF0, 0x01, 0x00, 0x01, 0x00, 0x01, 0x00, 0x01, 0x00, 0x01, 0x00, 0x7F, 0xFC, 0x00, 0x00,
    0x08, 0x00, 0x08, 0x00, 0x0B, 0xFC, 0x10, 0x44, 0x10, 0x44, 0x32, 0x44, 0x32, 0x44, 0x52, 0x44,
    0x94, 0x84, 0x10, 0x84, 0x10, 0x84, 0x11, 0x04, 0x11, 0x04, 0x12, 0x04, 0x14, 0x28, 0x18, 0x10,
    0x08, 0x10, 0x08, 0x78, 0x0B, 0xC0, 0x10, 0x40, 0x10, 0x40, 0x30, 0x40, 0x30, 0x40, 0x57, 0xFE,
    0x90, 0x40, 0x10, 0x40, 0x10, 0x40, 0x10, 0x40, 0x10, 0x40, 0x10, 0x40, 0x10, 0x40, 0x10, 0x40,
    0x08, 0x00, 0x0B, 0xFC, 0x08, 0x40, 0x10, 0x40, 0x10, 0x40, 0x30, 0x40, 0x30, 0x40, 0x5F, 0xFE,
    0x90, 0x40, 0x10, 0x40, 0x10, 0x40, 0x10, 0x40, 0x10, 0x40, 0x10, 0x40, 0x10, 0x40, 0x10, 0x40,
    0x08, 0x80, 0x08, 0x80, 0x09, 0x00, 0x11, 0xFE, 0x12, 0x00, 0x34, 0x00, 0x31, 0xF8, 0x50, 0x08,
    0x90, 0x10, 0x10, 0x60, 0x10, 0x80, 0x11, 0x00, 0x12, 0x02, 0x12, 0x02, 0x11, 0xFE, 0x10, 0x00,
    0x08, 0x80, 0x08, 0x80, 0x09, 0x00, 0x11, 0xFC, 0x12, 0x04, 0x32, 0x04, 0x34, 0x04, 0x59, 0x04,
    0x90, 0x84, 0x10, 0x44, 0x10, 0x44, 0x10, 0x04, 0x10, 0x04, 0x10, 0x04, 0x10, 0x28, 0x10, 0x10,
    0x08, 0x90, 0x08, 0x88, 0x08, 0x88, 0x10, 0x80, 0x10, 0xBE, 0x37, 0xC0, 0x30, 0x80, 0x50, 0x40,
    0x90, 0x40, 0x10, 0x40, 0x10, 0x20, 0x10, 0x22, 0x10, 0x12, 0x10, 0x0A, 0x10, 0x06, 0x10, 0x02,
    0x01, 0x00, 0x01, 0x00, 0x02, 0x80, 0x04, 0x40, 0x0A, 0x20, 0x11, 0x10, 0x21, 0x08, 0xC0, 0x06,
    0x1F, 0xF0, 0x00, 0x10, 0x00, 0x20, 0x04, 0x40, 0x02, 0x80, 0x01, 0x00, 0x00, 0x80, 0x00, 0x80,
    0x00, 0x10, 0x04, 0x10, 0x22, 0x10, 0x21, 0x10, 0x21, 0x10, 0x20, 0x10, 0x20, 0x10, 0x20, 0x20,
    0x20, 0x20, 0x20, 0x20, 0x24, 0x40, 0x28, 0x50, 0x30, 0x88, 0x21, 0x04, 0x02, 0x02, 0x04, 0x02,
    0x08, 0x20, 0x08, 0x20, 0x08, 0x20, 0x10, 0x20, 0x10, 0x20, 0x31, 0x28, 0x31, 0x24, 0x51, 0x24,
    0x92, 0x22, 0x12, 0x22, 0x12, 0x22, 0x14, 0x22, 0x10, 0x20, 0x10, 0x20, 0x10, 0xA0, 0x10, 0x40,
    0x02, 0x00, 0x02, 0x00, 0x02, 0x00, 0x03, 0xF8, 0x02, 0x00, 0x02, 0x00, 0x02, 0x00, 0xFF, 0xFE,
    0x01, 0x00, 0x01, 0x00, 0x01, 0x00, 0x02, 0x80, 0x04, 0x40, 0x08, 0x20, 0x30, 0x18, 0xC0, 0x06,
    0x08, 0x00, 0x08, 0x00, 0x0B, 0xFC, 0x10, 0x00, 0x10, 0x00, 0x30, 0x00, 0x30, 0x00, 0x51, 0xF8,
    0x90, 0x00, 0x10, 0x00, 0x10, 0x00, 0x10, 0x00, 0x10, 0x00, 0x17, 0xFE, 0x10, 0x00, 0x10, 0x00,
    0x08, 0x40, 0x08, 0x40, 0x08, 0x40, 0x10, 0x40, 0x10, 0x40, 0x30, 0x40, 0x30, 0x7C, 0x50, 0x40,
    0x90, 0x40, 0x10, 0x40, 0x10, 0x40, 0x10, 0x40, 0x10, 0x40, 0x10, 0x40, 0x17, 0xFE, 0x10, 0x00,
    0x08, 0x80, 0x08, 0x48, 0x0A, 0x48, 0x12, 0x08, 0x12, 0x08, 0x31, 0x10, 0x31, 0x10, 0x51, 0x10,
    0x90, 0xA0, 0x10, 0xA0, 0x10, 0x40, 0x10, 0x40, 0x10, 0xA0, 0x11, 0x10, 0x12, 0x08, 0x14, 0x06,
    0x08, 0x40, 0x08, 0x40, 0x08, 0x80, 0x10, 0x80, 0x11, 0x00, 0x31, 0x10, 0x32, 0x10, 0x54, 0x20,
    0x90, 0x20, 0x10, 0x40, 0x10, 0x80, 0x11, 0x08, 0x12, 0x04, 0x17, 0xFE, 0x12, 0x02, 0x10, 0x00,
    0x09, 0x00, 0x08, 0x80, 0x08, 0xBC, 0x12, 0x04, 0x12, 0x04, 0x32, 0x04, 0x32, 0x04, 0x52, 0x04,
    0x92, 0x04, 0x12, 0x04, 0x12, 0x04, 0x12, 0x04, 0x12, 0x04, 0x12, 0x04, 0x12, 0x14, 0x12, 0x08,
    0x08, 0x00, 0x08, 0x00, 0x0B, 0xF8, 0x10, 0x88, 0x10, 0x88, 0x32, 0x88, 0x31, 0x88, 0x50, 0x88,
    0x90, 0xC8, 0x10, 0xA8, 0x10, 0x98, 0x11, 0x0E, 0x11, 0x08, 0x12, 0x08, 0x14, 0x50, 0x18, 0x20,
    0x08, 0x08, 0x08, 0x3C, 0x0B, 0xC0, 0x12, 0x00, 0x12, 0x00, 0x32, 0x00, 0x33, 0xF8, 0x52, 0x88,
    0x92, 0x88, 0x12, 0x88, 0x12, 0x50, 0x12, 0x50, 0x12, 0x20, 0x14, 0x50, 0x14, 0x88, 0x19, 0x06,
    0x08, 0x40, 0x08, 0x40, 0x08, 0x40, 0x11, 0x48, 0x11, 0x44, 0x32, 0x42, 0x32, 0x42, 0x54, 0x48,
    0x90, 0x48, 0x10, 0x48, 0x10, 0x10, 0x10, 0x10, 0x10, 0x20, 0x10, 0x40, 0x11, 0x80, 0x16, 0x00,
    0x08, 0x00, 0x08, 0x80, 0x0B, 0x3C, 0x12, 0x24, 0x12, 0x24, 0x32, 0x24, 0x32, 0x24, 0x52, 0x24,
    0x92, 0x24, 0x12, 0x24, 0x12, 0xB4, 0x13, 0x28, 0x12, 0x20, 0x10, 0x20, 0x10, 0x20, 0x10, 0x20,
    0x08, 0x40, 0x08, 0x40, 0x08, 0xA0, 0x10, 0xA0, 0x11, 0x10, 0x32, 0x88, 0x34, 0x46, 0x50, 0x40,
    0x90, 0x00, 0x13, 0xF8, 0x10, 0x08, 0x10, 0x10, 0x10, 0x10, 0x10, 0x20, 0x10, 0x20, 0x10, 0x40,
    0x08, 0x40, 0x08, 0x40, 0x08, 0x40, 0x10, 0x40, 0x17, 0xFC, 0x34, 0x44, 0x34, 0x44, 0x54, 0x44,
    0x94, 0x44, 0x14, 0x44, 0x17, 0xFC, 0x14, 0x44, 0x10, 0x40, 0x10, 0x40, 0x10, 0x40, 0x10, 0x40,
    0x08, 0x20, 0x0A, 0x20, 0x0A, 0x20, 0x12, 0x22, 0x12, 0x22, 0x32, 0x24, 0x33, 0xA8, 0x52, 0x30,
    0x92, 0x20, 0x12, 0x20, 0x12, 0x20, 0x12, 0x22, 0x12, 0xA2, 0x13, 0x22, 0x12, 0x1E, 0x10, 0x00,
    0x08, 0x00, 0x09, 0xFC, 0x09, 0x04, 0x11, 0x04, 0x11, 0x04, 0x31, 0xFC, 0x31, 0x04, 0x51, 0x04,
    0x91, 0x04, 0x11, 0xFC, 0x11, 0x04, 0x11, 0x04, 0x12, 0x04, 0x12, 0x04, 0x14, 0x14, 0x18, 0x08,
    0x11, 0x00, 0x11, 0x00, 0x11, 0x00, 0x23, 0xF8, 0x22, 0x40, 0x62, 0x40, 0x64, 0x40, 0xA0, 0x40,
    0x20, 0x40, 0x2F, 0xFE, 0x20, 0x40, 0x20, 0x40, 0x20, 0x40, 0x20, 0x40, 0x20, 0x40, 0x20, 0x40,
    0x08, 0x20, 0x08, 0x20, 0x09, 0x20, 0x11, 0x20, 0x11, 0xFC, 0x32, 0x20, 0x32, 0x20, 0x54, 0x20,
    0x90, 0x20, 0x17, 0xFE, 0x10, 0x20, 0x10, 0x20, 0x10, 0x20, 0x10, 0x20, 0x10, 0x20, 0x10, 0x20,
    0x08, 0x40, 0x08, 0x40, 0x08, 0xA0, 0x10, 0xA0, 0x11, 0x10, 0x32, 0x08, 0x34, 0x06, 0x51, 0x10,
    0x91, 0x10, 0x11, 0x10, 0x11, 0x10, 0x11, 0x10, 0x11, 0x10, 0x12, 0x10, 0x12, 0x10, 0x14, 0x10,
    0x08, 0x10, 0x08, 0x78, 0x0F, 0xC0, 0x10, 0x40, 0x10, 0x40, 0x30, 0x40, 0x30, 0x40, 0x57, 0xFE,
    0x90, 0x40, 0x10, 0xA0, 0x10, 0xA0, 0x11, 0x10, 0x11, 0x10, 0x12, 0x08, 0x14, 0x04, 0x18, 0x02,
    0x08, 0x40, 0x08, 0x40, 0x08, 0x40, 0x17, 0xFC, 0x10, 0x40, 0x30, 0x40, 0x30, 0x40, 0x53, 0xFC,
    0x90, 0x40, 0x10, 0x40, 0x10, 0x40, 0x1F, 0xFE, 0x10, 0x40, 0x10, 0x40, 0x10, 0x40, 0x10, 0x40,
    0x01, 0x00, 0x02, 0x80, 0x04, 0x40, 0x08, 0x20, 0x30, 0x18, 0xC0, 0x06, 0x1F, 0xF0, 0x10, 0x00,
    0x10, 0x00, 0x10, 0x00, 0x1F, 0xF0, 0x10, 0x00, 0x10, 0x00, 0x10, 0x00, 0x1F, 0xF8, 0x00, 0x00,
    0x08, 0x10, 0x08, 0x78, 0x0B, 0xC0, 0x10, 0x40, 0x10, 0x40, 0x30, 0x40, 0x30, 0x40, 0x5F, 0xFE,
    0x90, 0x40, 0x10, 0x40, 0x10, 0x40, 0x10, 0x40, 0x10, 0x40, 0x10, 0x40, 0x17, 0xFC, 0x10, 0x00,
    0x08, 0x00, 0x08, 0x00, 0x0B, 0xFE, 0x10, 0x20, 0x10, 0x20, 0x30, 0x20, 0x30, 0x20, 0x50, 0x20,
    0x91, 0xFC, 0x10, 0x20, 0x10, 0x20, 0x10, 0x20, 0x10, 0x20, 0x10, 0x20, 0x17, 0xFE, 0x10, 0x00,
    0x08, 0x10, 0x08, 0x90, 0x08, 0x90, 0x10, 0x88, 0x11, 0x08, 0x31, 0x04, 0x32, 0x04, 0x55, 0xFA,
    0x90, 0x88, 0x10, 0x88, 0x10, 0x88, 0x10, 0x88, 0x11, 0x08, 0x11, 0x08, 0x12, 0x28, 0x14, 0x10,
    0x08, 0x00, 0x0F, 0xFE, 0x08, 0x80, 0x10, 0x80, 0x10, 0x80, 0x30, 0xF8, 0x31, 0x08, 0x51, 0x08,
    0x91, 0x08, 0x12, 0x08, 0x13, 0xF8, 0x10, 0x10, 0x10, 0x10, 0x10, 0x10, 0x17, 0xFE, 0x10, 0x00,
    0x08, 0x80, 0x08, 0x40, 0x08, 0x40, 0x17, 0xFE, 0x11, 0x00, 0x31, 0x00, 0x31, 0x00, 0x51, 0xF8,
    0x91, 0x08, 0x11, 0x08, 0x11, 0x08, 0x11, 0x08, 0x12, 0x08, 0x12, 0x08, 0x14, 0x50, 0x18, 0x20,
    0x08, 0x20, 0x09, 0x20, 0x09, 0x20, 0x11, 0x10, 0x11, 0x10, 0x32, 0x48, 0x32, 0x48, 0x54, 0x44,
    0x98, 0x82, 0x10, 0x80, 0x11, 0x10, 0x11, 0x08, 0x12, 0x08, 0x17, 0xFC, 0x12, 0x04, 0x10, 0x00,
    0x01, 0x00, 0x01, 0x00, 0x02, 0x80, 0x04, 0x40, 0x08, 0x20, 0x31, 0x18, 0xC1, 0x06, 0x01, 0x00,
    0x11, 0x00, 0x11, 0xF8, 0x11, 0x00, 0x11, 0x00, 0x11, 0x00, 0x11, 0x00, 0xFF, 0xFE, 0x00, 0x00,
    0x10, 0x40, 0x10, 0x40, 0x10, 0x40, 0x2F, 0xFE, 0x20, 0x40, 0x60, 0x40, 0x67, 0xFC, 0xA4, 0x44,
    0x24, 0x44, 0x24, 0x44, 0x24, 0x44, 0x24, 0x54, 0x24, 0x48, 0x20, 0x40, 0x20, 0x40, 0x20, 0x40,
    0x08, 0x00, 0x0B, 0xF8, 0x08, 0x08, 0x11, 0x10, 0x10, 0xA0, 0x30, 0x40, 0x37, 0xFE, 0x50, 0x42,
    0x90, 0x44, 0x10, 0x40, 0x10, 0x40, 0x10, 0x40, 0x10, 0x40, 0x10, 0x40, 0x11, 0x40, 0x10, 0x80,
    0x08, 0x00, 0x0B, 0xFC, 0x08, 0x44, 0x10, 0x44, 0x10, 0x44, 0x33, 0xFC, 0x32, 0x40, 0x52, 0x40,
    0x94, 0x40, 0x17, 0xFE, 0x10, 0x42, 0x10, 0x42, 0x10, 0x4A, 0x10, 0x44, 0x10, 0x40, 0x10, 0x40,
    0x08, 0x40, 0x08, 0x40, 0x08, 0x40, 0x17, 0xFC, 0x10, 0x40, 0x32, 0x48, 0x32, 0x48, 0x52, 0x48,
    0x92, 0x48, 0x13, 0xF8, 0x10, 0x48, 0x10, 0x40, 0x10, 0x42, 0x10, 0x42, 0x10, 0x3E, 0x10, 0x00,
    0x09, 0x00, 0x09, 0x00, 0x09, 0x00, 0x11, 0xFC, 0x12, 0xA4, 0x34, 0xA4, 0x30, 0xA4, 0x51, 0x24,
    0x91, 0x24, 0x12, 0x44, 0x14, 0x44, 0x10, 0x84, 0x11, 0x04, 0x12, 0x04, 0x14, 0x28, 0x10, 0x10,
    0x08, 0x00, 0x09, 0xF0, 0x09, 0x10, 0x11, 0x10, 0x11, 0x10, 0x32, 0x0E, 0x34, 0x00, 0x53, 0xF8,
    0x91, 0x08, 0x11, 0x10, 0x10, 0x90, 0x10, 0xA0, 0x10, 0x40, 0x10, 0xA0, 0x13, 0x18, 0x1C, 0x06,
    0x08, 0x00, 0x08, 0x80, 0x08, 0x40, 0x10, 0x20, 0x11, 0x20, 0x31, 0x00, 0x31, 0x00, 0x55, 0x04,
    0x95, 0x02, 0x15, 0x02, 0x15, 0x02, 0x19, 0x08, 0x11, 0x08, 0x11, 0x08, 0x10, 0xF8, 0x10, 0x00,
    0x08, 0x80, 0x08, 0x40, 0x08, 0x40, 0x13, 0xFC, 0x10, 0x00, 0x30, 0x00, 0x31, 0xF0, 0x51, 0x10,
    0x91, 0x10, 0x11, 0x10, 0x11, 0x10, 0x11, 0x12, 0x11, 0x12, 0x12, 0x12, 0x12, 0x0E, 0x14, 0x00,
    0x08, 0x00, 0x0B, 0xF8, 0x08, 0x88, 0x10, 0x88, 0x10, 0x88, 0x37, 0xFE, 0x30, 0x88, 0x50, 0x88,
    0x90, 0x88, 0x13, 0xF8, 0x10, 0x88, 0x10, 0x80, 0x11, 0x00, 0x11, 0x00, 0x12, 0x00, 0x14, 0x00,
    0x10, 0x00, 0x17, 0xF8, 0x11, 0x08, 0x21, 0x10, 0x21, 0x10, 0x61, 0x20, 0x61, 0x3C, 0xA1, 0x04,
    0x21, 0x04, 0x22, 0x88, 0x22, 0x88, 0x22, 0x50, 0x24, 0x20, 0x24, 0x50, 0x28, 0x88, 0x23, 0x06,
    0x08, 0x00, 0x0B, 0xFE, 0x0A, 0x00, 0x12, 0x00, 0x12, 0xF8, 0x32, 0x88, 0x32, 0x88, 0x52, 0x88,
    0x92, 0x88, 0x12, 0xA8, 0x12, 0x90, 0x12, 0x82, 0x14, 0x82, 0x14, 0x82, 0x18, 0x7E, 0x10, 0x00,
    0x08, 0x00, 0x0B, 0xFC, 0x08, 0x40, 0x10, 0x40, 0x10, 0x40, 0x30, 0x40, 0x33, 0xF8, 0x50, 0x88,
    0x90, 0x88, 0x10, 0x88, 0x10, 0x88, 0x11, 0x08, 0x11, 0x08, 0x11, 0x08, 0x17, 0xFE, 0x10, 0x00,
    0x08, 0x40, 0x08, 0x40, 0x08, 0x40, 0x17, 0xFE, 0x10, 0x40, 0x30, 0x40, 0x30, 0x40, 0x57, 0xF8,
    0x92, 0x08, 0x12, 0x08, 0x11, 0x10, 0x10, 0xA0, 0x10, 0x40, 0x10, 0xA0, 0x11, 0x18, 0x16, 0x06,
    0x08, 0x40, 0x08, 0x50, 0x08, 0x48, 0x10, 0x48, 0x10, 0x40, 0x37, 0xFE, 0x30, 0x40, 0x50, 0x40,
    0x90, 0xA0, 0x10, 0xA0, 0x10, 0xA0, 0x11, 0x10, 0x11, 0x10, 0x12, 0x08, 0x14, 0x04, 0x18, 0x02,
    0x08, 0x90, 0x08, 0x88, 0x08, 0x88, 0x10, 0x80, 0x10, 0xBE, 0x37, 0xC0, 0x30, 0x80, 0x50, 0x44,
    0x90, 0x44, 0x10, 0x48, 0x10, 0x30, 0x10, 0x22, 0x10, 0x52, 0x11, 0x8A, 0x16, 0x06, 0x10, 0x02,
    0x08, 0x40, 0x08, 0x40, 0x08, 0x40, 0x10, 0x40, 0x17, 0xFE, 0x30, 0x40, 0x30, 0xE0, 0x50, 0xE0,
    0x91, 0x50, 0x11, 0x50, 0x12, 0x48, 0x14, 0x44, 0x18, 0x42, 0x10, 0x40, 0x10, 0x40, 0x10, 0x40,
    0x08, 0x08, 0x08, 0x1C, 0x09, 0xE0, 0x11, 0x00, 0x11, 0x00, 0x31, 0x00, 0x31, 0xFE, 0x51, 0x10,
    0x91, 0x10, 0x11, 0x10, 0x11, 0x10, 0x11, 0x10, 0x11, 0x10, 0x12, 0x10, 0x12, 0x10, 0x14, 0x10,
    0x08, 0x00, 0x08, 0x00, 0x0B, 0xFE, 0x10, 0x20, 0x10, 0x20, 0x30, 0x40, 0x30, 0x40, 0x50, 0xD0,
    0x91, 0x48, 0x12, 0x44, 0x14, 0x44, 0x10, 0x40, 0x10, 0x40, 0x10, 0x40, 0x10, 0x40, 0x10, 0x40,
    0x08, 0x00, 0x08, 0x00, 0x0B, 0xFE, 0x12, 0x02, 0x14, 0x04, 0x30, 0x00, 0x31, 0xF0, 0x51, 0x10,
    0x91, 0x10, 0x11, 0x10, 0x11, 0x10, 0x11, 0x12, 0x12, 0x12, 0x12, 0x12, 0x14, 0x0E, 0x18, 0x00,
    0x08, 0x40, 0x08, 0x40, 0x08, 0x40, 0x13, 0xFC, 0x10, 0x40, 0x30, 0x40, 0x30, 0x40, 0x57, 0xFE,
    0x90, 0x40, 0x10, 0xA0, 0x10, 0xA0, 0x11, 0x10, 0x11, 0x10, 0x12, 0x08, 0x14, 0x04, 0x18, 0x02,
    0x08, 0x80, 0x08, 0x80, 0x08, 0x80, 0x10, 0x80, 0x17, 0xFE, 0x30, 0x80, 0x31, 0x00, 0x51, 0xFC,
    0x91, 0x44, 0x12, 0x44, 0x12, 0x48, 0x14, 0x50, 0x14, 0x20, 0x18, 0x50, 0x10, 0x88, 0x13, 0x06,
    0x01, 0x00, 0x01, 0x00, 0x02, 0x80, 0x04, 0x40, 0x08, 0x20, 0x10, 0x10, 0x28, 0x28, 0xC8, 0x26,
    0x08, 0x20, 0x08, 0x20, 0x08, 0x20, 0x14, 0x50, 0x12, 0x50, 0x22, 0x88, 0x41, 0x04, 0x82, 0x02,
    0x08, 0x90, 0x08, 0x88, 0x08, 0x88, 0x10, 0x80, 0x17, 0xFE, 0x30, 0xA0, 0x30, 0xA0, 0x50, 0xA0,
    0x90, 0xA0, 0x10, 0xA0, 0x11, 0x20, 0x11, 0x22, 0x11, 0x22, 0x12, 0x22, 0x12, 0x1E, 0x14, 0x00,
    0x08, 0x40, 0x08, 0x40, 0x08, 0x40, 0x10, 0x40, 0x12, 0x44, 0x32, 0x44, 0x32, 0x48, 0x54, 0x50,
    0x90, 0x40, 0x10, 0xA0, 0x10, 0xA0, 0x11, 0x10, 0x11, 0x10, 0x12, 0x08, 0x14, 0x04, 0x18, 0x02,
    0x01, 0x00, 0x01, 0x00, 0x02, 0x80, 0x04, 0x40, 0x08, 0x20, 0x30, 0x18, 0xCF, 0xE6, 0x00, 0x00,
    0x00, 0x00, 0x7F, 0xFC, 0x02, 0x00, 0x04, 0x00, 0x08, 0x20, 0x10, 0x10, 0x3F, 0xF8, 0x10, 0x08,
    0x08, 0x00, 0x0B, 0xFC, 0x0A, 0x00, 0x12, 0x08, 0x12, 0x88, 0x32, 0x50, 0x32, 0x50, 0x52, 0x20,
    0x92, 0x20, 0x12, 0x50, 0x12, 0x50, 0x12, 0x88, 0x13, 0x08, 0x12, 0x00, 0x13, 0xFE, 0x10, 0x00,
    0x08, 0x80, 0x08, 0x80, 0x0B, 0xF0, 0x10, 0x90, 0x10, 0x90, 0x31, 0x12, 0x31, 0x12, 0x52, 0x4E,
    0x94, 0x40, 0x10, 0x40, 0x1F, 0xFE, 0x10, 0x40, 0x10, 0x40, 0x10, 0x40, 0x10, 0x40, 0x10, 0x40,
    0x08, 0x00, 0x08, 0x00, 0x0B, 0xFC, 0x10, 0x00, 0x10, 0x00, 0x30, 0x00, 0x37, 0xFE, 0x50, 0x40,
    0x90, 0x40, 0x10, 0x80, 0x10, 0x80, 0x11, 0x08, 0x12, 0x04, 0x17, 0xFE, 0x12, 0x02, 0x10, 0x00,
    0x01, 0x00, 0x01, 0x00, 0x02, 0x80, 0x04, 0x40, 0x08, 0x20, 0x30, 0x18, 0xC1, 0x06, 0x11, 0x10,
    0x09, 0x10, 0x09, 0x20, 0x01, 0x00, 0xFF, 0xFE, 0x01, 0x00, 0x01, 0x00, 0x01, 0x00, 0x01, 0x00,
    0x08, 0x40, 0x08, 0x40, 0x08, 0x40, 0x17, 0xFE, 0x10, 0x40, 0x30, 0x40, 0x33, 0xFC, 0x50, 0x40,
    0x90, 0x40, 0x17, 0xFE, 0x10, 0x42, 0x10, 0x42, 0x10, 0x4A, 0x10, 0x44, 0x10, 0x40, 0x10, 0x40,
    0x08, 0x40, 0x08, 0x40, 0x08, 0x40, 0x13, 0xF8, 0x10, 0x40, 0x30, 0x80, 0x37, 0xFE, 0x50, 0x80,
    0x91, 0x00, 0x13, 0xF8, 0x10, 0x08, 0x11, 0x10, 0x10, 0xA0, 0x10, 0x40, 0x10, 0x20, 0x10, 0x20,
    0x08, 0x40, 0x08, 0x40, 0x08, 0x40, 0x17, 0xFE, 0x10, 0x80, 0x30, 0xA0, 0x31, 0x20, 0x53, 0xFC,
    0x90, 0x20, 0x10, 0x20, 0x10, 0x20, 0x17, 0xFE, 0x10, 0x20, 0x10, 0x20, 0x10, 0x20, 0x10, 0x20,
    0x08, 0x00, 0x0B, 0xFC, 0x08, 0x10, 0x11, 0x10, 0x11, 0x10, 0x31, 0x10, 0x32, 0x10, 0x53, 0xFE,
    0x90, 0x30, 0x10, 0x50, 0x10, 0x90, 0x11, 0x10, 0x12, 0x10, 0x14, 0x10, 0x10, 0x50, 0x10, 0x20,
    0x08, 0x00, 0x0B, 0xF8, 0x0A, 0x08, 0x12, 0x08, 0x12, 0x48, 0x32, 0x48, 0x32, 0x48, 0x52, 0x48,
    0x92, 0x48, 0x12, 0xA8, 0x12, 0xA8, 0x11, 0x20, 0x11, 0x20, 0x12, 0x22, 0x14, 0x22, 0x18, 0x1E,
    0x08, 0x80, 0x08, 0x80, 0x09, 0x00, 0x11, 0xFE, 0x12, 0x00, 0x34, 0x40, 0x30, 0x40, 0x53, 0xFC,
    0x90, 0x44, 0x10, 0x44, 0x10, 0x84, 0x10, 0x84, 0x11, 0x04, 0x11, 0x04, 0x12, 0x28, 0x14, 0x10,
    0x09, 0x00, 0x09, 0x08, 0x09, 0x08, 0x11, 0x10, 0x11, 0x20, 0x31, 0x40, 0x31, 0x00, 0x57, 0xFE,
    0x91, 0x40, 0x11, 0x20, 0x11, 0x20, 0x11, 0x10, 0x11, 0x08, 0x11, 0x44, 0x11, 0x82, 0x11, 0x00,
    0x08, 0x40, 0x08, 0x40, 0x08, 0xA0, 0x10, 0xA0, 0x11, 0x10, 0x32, 0x08, 0x34, 0x06, 0x51, 0x10,
    0x91, 0x20, 0x11, 0x40, 0x11, 0x80, 0x11, 0x00, 0x11, 0x04, 0x11, 0x04, 0x10, 0xFC, 0x10, 0x00,
    0x08, 0x40, 0x08, 0x40, 0x08, 0xA0, 0x11, 0x10, 0x12, 0x08, 0x34, 0x04, 0x3B, 0xF2, 0x52, 0x10,
    0x92, 0x10, 0x12, 0x10, 0x12, 0x50, 0x12, 0x20, 0x12, 0x04, 0x12, 0x04, 0x11, 0xFC, 0x10, 0x00,
    0x09, 0x00, 0x09, 0x00, 0x09, 0xFC, 0x12, 0x04, 0x12, 0x04, 0x35, 0x04, 0x38, 0x84, 0x50, 0x84,
    0x90, 0x14, 0x10, 0x24, 0x10, 0x44, 0x13, 0x84, 0x11, 0x04, 0x10, 0x04, 0x10, 0x28, 0x10, 0x10,
    0x08, 0x80, 0x08, 0x40, 0x08, 0x40, 0x17, 0xFC, 0x11, 0x10, 0x31, 0x10, 0x31, 0x10, 0x51, 0x10,
    0x91, 0x10, 0x10, 0xA0, 0x10, 0xA0, 0x10, 0x40, 0x10, 0xA0, 0x11, 0x10, 0x12, 0x08, 0x1C, 0x06,
    0x08, 0x40, 0x0A, 0x40, 0x09, 0x40, 0x11, 0x40, 0x10, 0x40, 0x37, 0xFC, 0x30, 0x44, 0x50, 0x44,
    0x90, 0x84, 0x10, 0xA4, 0x10, 0x94, 0x11, 0x14, 0x11, 0x04, 0x12, 0x04, 0x14, 0x28, 0x18, 0x10,
    0x08, 0x40, 0x08, 0x20, 0x08, 0x20, 0x10, 0x00, 0x13, 0xFE, 0x32, 0x02, 0x34, 0x04, 0x50, 0x00,
    0x90, 0x00, 0x10, 0x00, 0x10, 0x00, 0x10, 0x00, 0x10, 0x00, 0x13, 0xFE, 0x10, 0x00, 0x10, 0x00,
    0x08, 0x00, 0x09, 0xFC, 0x09, 0x04, 0x11, 0x04, 0x11, 0x04, 0x31, 0x04, 0x31, 0xFC, 0x51, 0x24,
    0x91, 0x20, 0x11, 0x20, 0x11, 0x10, 0x11, 0x10, 0x12, 0x08, 0x12, 0x08, 0x14, 0x04, 0x18, 0x02,
    0x08, 0x80, 0x08, 0x40, 0x08, 0x40, 0x17, 0xFE, 0x10, 0x40, 0x30, 0x80, 0x31, 0x08, 0x52, 0x10,
    0x97, 0xE0, 0x10, 0x40, 0x10, 0x80, 0x11, 0x08, 0x12, 0x04, 0x17, 0xFE, 0x12, 0x02, 0x10, 0x00,
    0x12, 0x00, 0x12, 0x00, 0x12, 0x7C, 0x22, 0x24, 0x2F, 0xA4, 0x64, 0xA4, 0x64, 0xA4, 0xA4, 0xA8,
    0x24, 0xA8, 0x29, 0x28, 0x25, 0x10, 0x22, 0x10, 0x25, 0x28, 0x29, 0x48, 0x30, 0x84, 0x21, 0x02,
    0x08, 0x40, 0x08, 0x40, 0x08, 0x80, 0x13, 0xFC, 0x12, 0x04, 0x32, 0x04, 0x32, 0x04, 0x52, 0x04,
    0x93, 0xFC, 0x12, 0x04, 0x12, 0x04, 0x12, 0x04, 0x12, 0x04, 0x12, 0x04, 0x13, 0xFC, 0x12, 0x04,
    0x08, 0x40, 0x08, 0x40, 0x08, 0x40, 0x10, 0x40, 0x17, 0xFE, 0x30, 0x40, 0x30, 0x40, 0x50, 0x40,
    0x93, 0xF8, 0x12, 0x08, 0x12, 0x08, 0x12, 0x08, 0x12, 0x08, 0x12, 0x08, 0x13, 0xF8, 0x12, 0x08,
    0x08, 0x40, 0x08, 0x40, 0x08, 0xA0, 0x10, 0xA0, 0x11, 0x10, 0x32, 0x08, 0x34, 0x46, 0x50, 0x40,
    0x91, 0x50, 0x11, 0x48, 0x12, 0x48, 0x12, 0x44, 0x14, 0x44, 0x10, 0x40, 0x11, 0x40, 0x10, 0x80,
    0x08, 0x00, 0x0B, 0xFC, 0x0A, 0x04, 0x12, 0x04, 0x12, 0x04, 0x33, 0xFC, 0x32, 0x00, 0x52, 0x40,
    0x92, 0x44, 0x12, 0x48, 0x12, 0x70, 0x12, 0x40, 0x14, 0x42, 0x14, 0x42, 0x18, 0x3E, 0x10, 0x00,
    0x08, 0x48, 0x0A, 0x48, 0x0A, 0x48, 0x12, 0x48, 0x12, 0x48, 0x37, 0xFE, 0x32, 0x48, 0x52, 0x48,
    0x92, 0x48, 0x12, 0x48, 0x12, 0x78, 0x12, 0x00, 0x12, 0x00, 0x12, 0x00, 0x13, 0xFE, 0x10, 0x00,
    0x08, 0x40, 0x0A, 0x44, 0x09, 0x48, 0x11, 0x50, 0x10, 0x40, 0x37, 0xFC, 0x30, 0x40, 0x50, 0x40,
    0x90, 0x40, 0x1F, 0xFE, 0x10, 0x40, 0x10, 0x40, 0x10, 0x40, 0x10, 0x40, 0x10, 0x40, 0x10, 0x40,
    0x10, 0x00, 0x10, 0x00, 0x17, 0xFC, 0x24, 0xA4, 0x24, 0xA4, 0x64, 0xA4, 0x64, 0xA4, 0xA4, 0xA4,
    0x24, 0xA4, 0x25, 0x24, 0x25, 0x1C, 0x26, 0x04, 0x24, 0x04, 0x24, 0x04, 0x27, 0xFC, 0x24, 0x04,
    0x08, 0x40, 0x08, 0x40, 0x08, 0xA0, 0x10, 0xA0, 0x11, 0x10, 0x32, 0x48, 0x34, 0x26, 0x50, 0x20,
    0x93, 0xF8, 0x10, 0x08, 0x10, 0x10, 0x11, 0x10, 0x10, 0xA0, 0x10, 0x40, 0x10, 0x20, 0x10, 0x20,
    0x10, 0x40, 0x10, 0x40, 0x10, 0x40, 0x20, 0x40, 0x27, 0xFC, 0x64, 0x44, 0x64, 0x44, 0xA4, 0x44,
    0x24, 0x44, 0x27, 0xFC, 0x24, 0x44, 0x24, 0x44, 0x24, 0x44, 0x24, 0x44, 0x27, 0xFC, 0x24, 0x04,
    0x08, 0x40, 0x08, 0x40, 0x08, 0x40, 0x17, 0xFC, 0x14, 0x44, 0x34, 0x44, 0x34, 0x44, 0x57, 0xFC,
    0x94, 0x44, 0x14, 0x44, 0x14, 0x44, 0x17, 0xFC, 0x14, 0x44, 0x10, 0x40, 0x10, 0x40, 0x10, 0x40,
    0x08, 0x00, 0x09, 0xF8, 0x09, 0x08, 0x11, 0x08, 0x11, 0x08, 0x31, 0xF8, 0x31, 0x08, 0x51, 0x08,
    0x91, 0x08, 0x11, 0xF8, 0x11, 0x08, 0x11, 0x08, 0x11, 0x08, 0x11, 0x08, 0x17, 0xFE, 0x10, 0x00,
    0x08, 0x00, 0x0B, 0xFC, 0x08, 0x04, 0x10, 0x04, 0x17, 0xF4, 0x30, 0x04, 0x30, 0x04, 0x53, 0xE4,
    0x92, 0x24, 0x12, 0x24, 0x12, 0x24, 0x13, 0xE4, 0x10, 0x04, 0x10, 0x04, 0x10, 0x14, 0x10, 0x08,
    0x08, 0x00, 0x0B, 0xF8, 0x08, 0x40, 0x10, 0x40, 0x12, 0x48, 0x31, 0x48, 0x31, 0x50, 0x50, 0x40,
    0x97, 0xFE, 0x10, 0x40, 0x10, 0x40, 0x10, 0x40, 0x10, 0x40, 0x10, 0x40, 0x10, 0x40, 0x10, 0x40,
    0x10, 0x08, 0x11, 0x08, 0x10, 0x88, 0x24, 0x48, 0x24, 0x48, 0x64, 0x08, 0x64, 0x08, 0xA4, 0x08,
    0x24, 0x10, 0x24, 0x10, 0x24, 0x10, 0x25, 0x28, 0x26, 0x24, 0x24, 0x44, 0x20, 0x82, 0x21, 0x02,
    0x14, 0x00, 0x14, 0x00, 0x14, 0x00, 0x24, 0x3C, 0x2F, 0xA4, 0x64, 0xA4, 0x64, 0xA4, 0xA4, 0xA4,
    0x24, 0xA4, 0x24, 0xA4, 0x24, 0xA4, 0x24, 0xA4, 0x28, 0xA4, 0x28, 0xBC, 0x32, 0xA4, 0x21, 0x00,
    0x08, 0x00, 0x0B, 0xFC, 0x08, 0x20, 0x10, 0x20, 0x10, 0x40, 0x30, 0x40, 0x30, 0xD0, 0x51, 0x48,
    0x92, 0x44, 0x14, 0x44, 0x10, 0x40, 0x10, 0x40, 0x10, 0x40, 0x10, 0x00, 0x17, 0xFE, 0x10, 0x00,
    0x08, 0x00, 0x08, 0x00, 0x0B, 0xFC, 0x12, 0x04, 0x12, 0x04, 0x32, 0x04, 0x32, 0x04, 0x52, 0x04,
    0x93, 0xFC, 0x12, 0x04, 0x10, 0x00, 0x10, 0x90, 0x10, 0x88, 0x11, 0x04, 0x12, 0x02, 0x14, 0x02,
    0x08, 0x00, 0x0B, 0xF8, 0x0A, 0x08, 0x12, 0x08, 0x12, 0x08, 0x32, 0x08, 0x33, 0xF8, 0x52, 0x00,
    0x92, 0x00, 0x13, 0xFC, 0x12, 0x04, 0x12, 0x04, 0x12, 0x04, 0x12, 0x04, 0x13, 0xFC, 0x12, 0x04,
    0x08, 0x40, 0x08, 0x40, 0x08, 0x80, 0x10, 0x80, 0x11, 0x10, 0x32, 0x08, 0x37, 0xFC, 0x50, 0x04,
    0x90, 0x00, 0x13, 0xF8, 0x12, 0x08, 0x12, 0x08, 0x12, 0x08, 0x12, 0x08, 0x13, 0xF8, 0x12, 0x08,
    0x08, 0x00, 0x08, 0x00, 0x0B, 0xFE, 0x10, 0x20, 0x10, 0x20, 0x30, 0x20, 0x31, 0x20, 0x51, 0x20,
    0x91, 0x3C, 0x11, 0x20, 0x11, 0x20, 0x11, 0x20, 0x11, 0x20, 0x11, 0x20, 0x17, 0xFE, 0x10, 0x00,
    0x10, 0x00, 0x10, 0x00, 0x17, 0xFC, 0x24, 0x44, 0x24, 0x44, 0x64, 0x44, 0x64, 0x44, 0xA7, 0xFC,
    0x24, 0x44, 0x24, 0x44, 0x24, 0x44, 0x24, 0x44, 0x24, 0x44, 0x27, 0xFC, 0x24, 0x04, 0x20, 0x00,
    0x09, 0x08, 0x09, 0x08, 0x09, 0x08, 0x11, 0x08, 0x17, 0xFE, 0x31, 0x08, 0x31, 0x08, 0x51, 0x08,
    0x91, 0x08, 0x11, 0xF8, 0x11, 0x08, 0x11, 0x08, 0x11, 0x08, 0x11, 0x08, 0x11, 0xF8, 0x11, 0x08,
    0x08, 0x40, 0x08, 0x40, 0x08, 0x40, 0x13, 0xFC, 0x10, 0x40, 0x30, 0x40, 0x30, 0x40, 0x57, 0xFE,
    0x90, 0xE0, 0x11, 0x50, 0x11, 0x50, 0x12, 0x48, 0x14, 0x44, 0x18, 0x42, 0x10, 0x40, 0x10, 0x40,
    0x08, 0x00, 0x08, 0x00, 0x0B, 0xFC, 0x12, 0x04, 0x12, 0x04, 0x32, 0x04, 0x33, 0xFC, 0x52, 0x04,
    0x92, 0x04, 0x12, 0x04, 0x13, 0xFC, 0x12, 0x04, 0x10, 0x00, 0x10, 0x00, 0x17, 0xFE, 0x10, 0x00,
    0x08, 0x40, 0x08, 0x20, 0x08, 0x20, 0x13, 0xFE, 0x12, 0x02, 0x34, 0x04, 0x30, 0x00, 0x50, 0x00,
    0x93, 0xFE, 0x10, 0x20, 0x10, 0x20, 0x10, 0x20, 0x10, 0x20, 0x10, 0x20, 0x10, 0xA0, 0x10, 0x40,
    0x08, 0x40, 0x08, 0x40, 0x08, 0x40, 0x17, 0xFE, 0x10, 0x80, 0x30, 0xA0, 0x31, 0x20, 0x51, 0xFC,
    0x93, 0x24, 0x15, 0x24, 0x11, 0x24, 0x11, 0x24, 0x11, 0x34, 0x11, 0x28, 0x10, 0x20, 0x10, 0x20,
    0x08, 0x40, 0x08, 0x40, 0x08, 0x40, 0x10, 0x40, 0x13, 0xFC, 0x30, 0x40, 0x30, 0x40, 0x50, 0x40,
    0x97, 0xFE, 0x10, 0x40, 0x10, 0x80, 0x10, 0x80, 0x11, 0x10, 0x12, 0x08, 0x17, 0xFC, 0x12, 0x04,
    0x08, 0x20, 0x08, 0x20, 0x08, 0x20, 0x13, 0xFE, 0x12, 0x22, 0x32, 0x24, 0x32, 0x20, 0x53, 0xFC,
    0x92, 0x84, 0x12, 0x88, 0x12, 0x48, 0x12, 0x50, 0x12, 0x20, 0x14, 0x50, 0x14, 0x88, 0x19, 0x06,
    0x08, 0x00, 0x0B, 0xFC, 0x08, 0x84, 0x10, 0x84, 0x10, 0x84, 0x31, 0x04, 0x31, 0x14, 0x52, 0x08,
    0x94, 0x00, 0x11, 0xFC, 0x11, 0x04, 0x11, 0x04, 0x11, 0x04, 0x11, 0x04, 0x11, 0xFC, 0x11, 0x04,
    0x11, 0x20, 0x11, 0x20, 0x11, 0x20, 0x25, 0x22, 0x25, 0x22, 0x65, 0xE4, 0x65, 0x28, 0xA5, 0x30,
    0x25, 0x20, 0x25, 0x20, 0x25, 0x20, 0x25, 0x22, 0x25, 0xE2, 0x3E, 0x22, 0x28, 0x1E, 0x20, 0x00,
    0x08, 0x80, 0x08, 0x40, 0x08, 0x40, 0x10, 0x00, 0x17, 0xFC, 0x30, 0x00, 0x30, 0x08, 0x52, 0x08,
    0x92, 0x08, 0x11, 0x10, 0x11, 0x10, 0x11, 0x10, 0x11, 0x20, 0x10, 0x20, 0x1F, 0xFE, 0x10, 0x00,
    0x08, 0x08, 0x08, 0x3C, 0x0B, 0xE0, 0x12, 0x20, 0x12, 0x20, 0x32, 0x20, 0x32, 0x20, 0x53, 0xFE,
    0x92, 0x20, 0x12, 0x10, 0x12, 0x10, 0x12, 0x12, 0x12, 0x0A, 0x12, 0x8A, 0x13, 0x26, 0x12, 0x12,
    0x08, 0x80, 0x08, 0x40, 0x08, 0x00, 0x17, 0xFC, 0x10, 0x40, 0x30, 0x40, 0x30, 0x40, 0x50, 0x40,
    0x97, 0xFC, 0x10, 0x40, 0x10, 0x40, 0x10, 0x40, 0x10, 0x40, 0x10, 0x40, 0x1F, 0xFE, 0x10, 0x00,
    0x08, 0x80, 0x08, 0x80, 0x08, 0x80, 0x10, 0x80, 0x17, 0xFE, 0x30, 0x80, 0x31, 0x00, 0x51, 0x00,
    0x91, 0xFC, 0x12, 0x20, 0x12, 0x20, 0x14, 0x20, 0x14, 0x20, 0x18, 0x20, 0x13, 0xFE, 0x10, 0x00,
    0x08, 0x40, 0x08, 0x40, 0x08, 0x40, 0x10, 0x40, 0x17, 0xFE, 0x30, 0x80, 0x30, 0x80, 0x51, 0x00,
    0x93, 0xFC, 0x15, 0x04, 0x19, 0x04, 0x11, 0x04, 0x11, 0x04, 0x11, 0x04, 0x11, 0xFC, 0x11, 0x04,
    0x08, 0x40, 0x08, 0x40, 0x08, 0x40, 0x13, 0xF8, 0x12, 0x48, 0x32, 0x48, 0x32, 0x48, 0x52, 0x48,
    0x92, 0x48, 0x17, 0xFE, 0x10, 0x40, 0x10, 0xA0, 0x10, 0xA0, 0x11, 0x10, 0x12, 0x08, 0x14, 0x06,
    0x08, 0x40, 0x08, 0x40, 0x08, 0x40, 0x10, 0x40, 0x17, 0xFC, 0x30, 0x40, 0x30, 0xE0, 0x50, 0xE0,
    0x91, 0x50, 0x11, 0x50, 0x12, 0x48, 0x15, 0xF4, 0x18, 0x42, 0x10, 0x40, 0x10, 0x40, 0x10, 0x40,
    0x08, 0x40, 0x08, 0x40, 0x08, 0x40, 0x10, 0x7E, 0x10, 0x40, 0x30, 0x40, 0x30, 0x40, 0x50, 0x40,
    0x93, 0xFC, 0x12, 0x04, 0x12, 0x04, 0x12, 0x04, 0x12, 0x04, 0x12, 0x04, 0x13, 0xFC, 0x12, 0x04,
    0x08, 0x00, 0x08, 0x00, 0x17, 0xFE, 0x10, 0x08, 0x20, 0x08, 0x33, 0xC8, 0x52, 0x48, 0x92, 0x48,
    0x12, 0x48, 0x12, 0x48, 0x13, 0xC8, 0x12, 0x48, 0x10, 0x08, 0x10, 0x08, 0x10, 0x28, 0x10, 0x10,
    0x10, 0x00, 0x10, 0x80, 0x10, 0x40, 0x20, 0x28, 0x21, 0x28, 0x61, 0x08, 0x61, 0x10, 0xA5, 0x14,
    0x25, 0x22, 0x25, 0x22, 0x25, 0x42, 0x29, 0x88, 0x21, 0x08, 0x23, 0x08, 0x24, 0xF8, 0x28, 0x00,
    0x08, 0x40, 0x08, 0x20, 0x08, 0x20, 0x13, 0xFE, 0x12, 0x02, 0x34, 0x04, 0x31, 0x00, 0x51, 0x08,
    0x91, 0x10, 0x11, 0x20, 0x11, 0xC0, 0x11, 0x02, 0x11, 0x02, 0x11, 0x02, 0x10, 0xFE, 0x10, 0x00,
    0x01, 0x00, 0x01, 0x00, 0x02, 0x80, 0x04, 0x40, 0x08, 0x20, 0x30, 0x18, 0xCF, 0xE6, 0x00, 0x00,
    0x00, 0x00, 0x7F, 0xFC, 0x01, 0x00, 0x11, 0x10, 0x11, 0x08, 0x21, 0x04, 0x45, 0x04, 0x02, 0x00,
    0x01, 0x00, 0x01, 0x00, 0x02, 0x80, 0x04, 0x40, 0x08, 0x20, 0x10, 0x10, 0x2F, 0xE8, 0xC1, 0x06,
    0x01, 0x00, 0x3F, 0xF8, 0x01, 0x00, 0x11, 0x10, 0x11, 0x08, 0x21, 0x04, 0x45, 0x04, 0x02, 0x00,
    0x10, 0x40, 0x10, 0x40, 0x12, 0x40, 0x22, 0x40, 0x23, 0xFC, 0x62, 0x40, 0x64, 0x40, 0xA0, 0x40,
    0x2F, 0xFE, 0x20, 0x40, 0x20, 0xA0, 0x20, 0xA0, 0x21, 0x10, 0x22, 0x08, 0x24, 0x04, 0x28, 0x02,
    0x11, 0x20, 0x11, 0x20, 0x11, 0x20, 0x2F, 0xFC, 0x21, 0x24, 0x61, 0x24, 0x67, 0xFC, 0xA5, 0x20,
    0x29, 0x20, 0x2F, 0xFE, 0x21, 0x22, 0x21, 0x22, 0x22, 0x2A, 0x22, 0x24, 0x24, 0x20, 0x28, 0x20,
    0x09, 0x00, 0x09, 0x00, 0x09, 0x00, 0x11, 0xFE, 0x12, 0x80, 0x32, 0x80, 0x34, 0x80, 0x50, 0xF8,
    0x90, 0x80, 0x10, 0x80, 0x10, 0x80, 0x10, 0xFC, 0x10, 0x80, 0x10, 0x80, 0x10, 0x80, 0x10, 0x80,
    0x11, 0x00, 0x11, 0x00, 0x12, 0x00, 0x23, 0xFC, 0x24, 0x04, 0x68, 0x04, 0x63, 0xE4, 0xA2, 0x24,
    0x22, 0x24, 0x22, 0x24, 0x22, 0x24, 0x23, 0xE4, 0x22, 0x24, 0x20, 0x04, 0x20, 0x28, 0x20, 0x10,
    0x10, 0x00, 0x13, 0xF8, 0x10, 0x00, 0x20, 0x00, 0x2F, 0xFE, 0x60, 0x80, 0x60, 0x80, 0xAF, 0xFE,
    0x21, 0x08, 0x22, 0x10, 0x26, 0x10, 0x21, 0xA0, 0x20, 0x60, 0x20, 0x90, 0x23, 0x08, 0x2C, 0x04,
    0x08, 0x80, 0x08, 0x80, 0x08, 0xF8, 0x11, 0x08, 0x13, 0x10, 0x34, 0xA0, 0x30, 0x40, 0x50, 0xA0,
    0x93, 0x18, 0x1C, 0x06, 0x10, 0xC0, 0x10, 0x20, 0x10, 0x10, 0x11, 0x80, 0x10, 0x60, 0x10, 0x10,
    0x08, 0x80, 0x08, 0x80, 0x08, 0x80, 0x11, 0xFE, 0x11, 0x02, 0x32, 0x04, 0x34, 0x20, 0x50, 0x20,
    0x91, 0x28, 0x11, 0x24, 0x12, 0x24, 0x12, 0x22, 0x14, 0x22, 0x10, 0x20, 0x10, 0xA0, 0x10, 0x40,
    0x10, 0x40, 0x10, 0x40, 0x10, 0xA0, 0x20, 0xA0, 0x21, 0x10, 0x62, 0x08, 0x64, 0x44, 0xA8, 0x42,
    0x20, 0x40, 0x24, 0x44, 0x24, 0x44, 0x24, 0x44, 0x24, 0x44, 0x24, 0x44, 0x27, 0xFC, 0x20, 0x04,
    0x08, 0x00, 0x0B, 0xFE, 0x0A, 0x00, 0x12, 0x00, 0x12, 0x00, 0x33, 0xFC, 0x32, 0x04, 0x52, 0x04,
    0x92, 0x04, 0x12, 0x04, 0x13, 0xFC, 0x12, 0x00, 0x12, 0x00, 0x12, 0x00, 0x13, 0xFE, 0x10, 0x00,
    0x10, 0x00, 0x17, 0xFC, 0x14, 0x44, 0x24, 0x44, 0x24, 0x44, 0x67, 0xFC, 0x64, 0x44, 0xA4, 0x44,
    0x24, 0x44, 0x27, 0xFC, 0x24, 0x44, 0x24, 0x44, 0x24, 0x44, 0x28, 0x44, 0x28, 0x54, 0x30, 0x08,
    0x08, 0x00, 0x08, 0x00, 0x0F, 0xFC, 0x11, 0x00, 0x11, 0x00, 0x31, 0xF0, 0x31, 0x10, 0x51, 0x10,
    0x91, 0x90, 0x12, 0x50, 0x12, 0x50, 0x12, 0x10, 0x12, 0x12, 0x12, 0x92, 0x13, 0x12, 0x12, 0x0E,
    0x01, 0x00, 0x01, 0x00, 0x02, 0x80, 0x04, 0x40, 0x08, 0x20, 0x10, 0x10, 0x2F, 0xE8, 0xC0, 0x06,
    0x02, 0x10, 0x11, 0x10, 0x09, 0x10, 0x09, 0x20, 0x08, 0x20, 0x00, 0x40, 0x7F, 0xFC, 0x00, 0x00,
    0x08, 0x00, 0x08, 0x00, 0x0F, 0xFE, 0x10, 0x40, 0x10, 0x40, 0x30, 0x80, 0x30, 0x80, 0x51, 0xF8,
    0x93, 0x08, 0x15, 0x08, 0x19, 0x08, 0x11, 0x08, 0x11, 0x08, 0x11, 0x08, 0x11, 0xF8, 0x11, 0x08,
    0x08, 0x40, 0x08, 0x40, 0x08, 0x40, 0x10, 0x7C, 0x10, 0x40, 0x30, 0x40, 0x30, 0x40, 0x57, 0xFE,
    0x90, 0x40, 0x10, 0x40, 0x10, 0x50, 0x10, 0x48, 0x10, 0x44, 0x10, 0x40, 0x10, 0x40, 0x10, 0x40,
    0x08, 0x80, 0x08, 0x80, 0x09, 0xFC, 0x11, 0x04, 0x12, 0x04, 0x35, 0xF4, 0x31, 0x14, 0x51, 0x14,
    0x91, 0x14, 0x11, 0xF4, 0x11, 0x04, 0x11, 0x28, 0x11, 0x12, 0x11, 0x02, 0x10, 0xFE, 0x10, 0x00,
    0x10, 0x00, 0x17, 0xFC, 0x14, 0x04, 0x24, 0x04, 0x25, 0xF4, 0x64, 0x44, 0x64, 0x44, 0xA5, 0xF4,
    0x25, 0x54, 0x25, 0x54, 0x25, 0x54, 0x25, 0x54, 0x25, 0x74, 0x24, 0x46, 0x24, 0x46, 0x28, 0x42,
    0x08, 0x00, 0x08, 0x00, 0x0B, 0xFC, 0x12, 0x04, 0x12, 0x04, 0x32, 0xF4, 0x32, 0x94, 0x52, 0x94,
    0x92, 0x94, 0x12, 0x94, 0x12, 0xF4, 0x12, 0x04, 0x12, 0x04, 0x13, 0xFC, 0x12, 0x04, 0x10, 0x00,
    0x08, 0x80, 0x08, 0x80, 0x09, 0xF8, 0x12, 0x08, 0x15, 0x10, 0x30, 0xA0, 0x30, 0x40, 0x50, 0xA0,
    0x93, 0x18, 0x1C, 0x06, 0x13, 0xF8, 0x12, 0x08, 0x12, 0x08, 0x12, 0x08, 0x13, 0xF8, 0x12, 0x08,
    0x08, 0x40, 0x08, 0x40, 0x08, 0x44, 0x13, 0xF4, 0x10, 0x48, 0x30, 0x50, 0x37, 0xFE, 0x50, 0x40,
    0x90, 0x80, 0x11, 0x84, 0x12, 0x98, 0x14, 0xE0, 0x18, 0x82, 0x10, 0x82, 0x10, 0x7E, 0x10, 0x00,
    0x09, 0x00, 0x09, 0x00, 0x09, 0xF8, 0x13, 0x10, 0x14, 0xA0, 0x30, 0x40, 0x31, 0xB0, 0x56, 0x4E,
    0x90, 0x40, 0x13, 0xFC, 0x10, 0x40, 0x14, 0x40, 0x17, 0xFE, 0x10, 0x40, 0x10, 0x40, 0x10, 0x40,
    0x08, 0x40, 0x08, 0x40, 0x08, 0xA0, 0x11, 0x10, 0x12, 0x08, 0x34, 0x06, 0x33, 0xF8, 0x50, 0x00,
    0x90, 0x00, 0x13, 0xF8, 0x12, 0x08, 0x12, 0x08, 0x12, 0x08, 0x12, 0x08, 0x13, 0xF8, 0x12, 0x08,
    0x0A, 0x08, 0x09, 0x08, 0x09, 0x10, 0x10, 0x00, 0x17, 0xFC, 0x30, 0x40, 0x30, 0x40, 0x53, 0xF8,
    0x90, 0x40, 0x10, 0x40, 0x17, 0xFE, 0x10, 0x40, 0x10, 0x40, 0x10, 0x40, 0x10, 0x40, 0x10, 0x40,
    0x08, 0x00, 0x0B, 0xFE, 0x08, 0x20, 0x10, 0x20, 0x10, 0x40, 0x31, 0xFC, 0x31, 0x04, 0x51, 0x04,
    0x91, 0x04, 0x11, 0xFC, 0x11, 0x04, 0x11, 0x04, 0x11, 0x04, 0x11, 0x04, 0x11, 0xFC, 0x11, 0x04,
    0x01, 0x00, 0x01, 0x00, 0x02, 0x80, 0x04, 0x40, 0x08, 0x20, 0x10, 0x10, 0xEF, 0xEE, 0x00, 0x00,
    0x00, 0x00, 0x7F, 0xFC, 0x01, 0x00, 0x01, 0x00, 0x11, 0xF8, 0x11, 0x00, 0x11, 0x00, 0xFF, 0xFE,
    0x08, 0x80, 0x08, 0x80, 0x08, 0xFC, 0x11, 0x04, 0x12, 0x88, 0x34, 0x50, 0x30, 0x20, 0x50, 0x40,
    0x91, 0xFC, 0x13, 0x04, 0x1D, 0x04, 0x11, 0x04, 0x11, 0x04, 0x11, 0x04, 0x11, 0xFC, 0x11, 0x04,
    0x08, 0x40, 0x08, 0x40, 0x0B, 0xFC, 0x10, 0x40, 0x10, 0x40, 0x30, 0x40, 0x3F, 0xFE, 0x50, 0x00,
    0x90, 0x40, 0x10, 0x40, 0x13, 0xFC, 0x10, 0x40, 0x10, 0x40, 0x10, 0x40, 0x1F, 0xFE, 0x10, 0x00,
    0x08, 0x00, 0x0B, 0xFE, 0x09, 0x08, 0x11, 0x08, 0x11, 0x08, 0x31, 0xF8, 0x31, 0x08, 0x51, 0x08,
    0x91, 0xF8, 0x11, 0x08, 0x11, 0x08, 0x11, 0x1E, 0x17, 0xE8, 0x10, 0x08, 0x10, 0x08, 0x10, 0x08,
    0x09, 0x04, 0x08, 0x84, 0x08, 0x88, 0x10, 0x00, 0x13, 0xFE, 0x30, 0x88, 0x30, 0x88, 0x50, 0x88,
    0x90, 0x88, 0x17, 0xFE, 0x10, 0x88, 0x10, 0x88, 0x11, 0x08, 0x11, 0x08, 0x12, 0x08, 0x14, 0x08,
    0x08, 0x40, 0x08, 0x40, 0x08, 0x40, 0x1F, 0xFE, 0x10, 0x40, 0x30, 0x40, 0x37, 0xFC, 0x50, 0x00,
    0x90, 0x00, 0x13, 0xF8, 0x12, 0x08, 0x12, 0x08, 0x12, 0x08, 0x12, 0x08, 0x13, 0xF8, 0x12, 0x08,
    0x08, 0x00, 0x0B, 0xF8, 0x0A, 0x08, 0x12, 0x08, 0x13, 0xF8, 0x32, 0x08, 0x32, 0x08, 0x53, 0xF8,
    0x92, 0x44, 0x12, 0x48, 0x12, 0x30, 0x12, 0x20, 0x12, 0x10, 0x12, 0x88, 0x13, 0x06, 0x12, 0x00,
    0x08, 0x10, 0x08, 0x78, 0x0B, 0xC0, 0x10, 0x40, 0x10, 0x40, 0x37, 0xFE, 0x30, 0x40, 0x50, 0x40,
    0x90, 0x40, 0x13, 0xF8, 0x12, 0x08, 0x12, 0x08, 0x12, 0x08, 0x12, 0x08, 0x13, 0xF8, 0x12, 0x08,
    0x11, 0x00, 0x11, 0x00, 0x13, 0xF8, 0x22, 0x08, 0x24, 0x10, 0x6B, 0xFE, 0x62, 0x00, 0xA2, 0xF8,
    0x22, 0x88, 0x22, 0x88, 0x22, 0xA8, 0x22, 0x90, 0x22, 0x82, 0x24, 0x82, 0x24, 0x7E, 0x28, 0x00,
    0x08, 0x40, 0x08, 0x40, 0x08, 0xA0, 0x11, 0x10, 0x12, 0x08, 0x34, 0x06, 0x33, 0xF8, 0x50, 0x40,
    0x90, 0x40, 0x10, 0x40, 0x13, 0xF8, 0x10, 0x40, 0x10, 0x40, 0x10, 0x40, 0x17, 0xFE, 0x10, 0x00,
    0x08, 0x90, 0x08, 0x90, 0x08, 0x90, 0x14, 0x92, 0x12, 0x94, 0x30, 0x98, 0x30, 0x90, 0x51, 0x98,
    0x92, 0x94, 0x14, 0x92, 0x10, 0x90, 0x10, 0x90, 0x11, 0x12, 0x11, 0x12, 0x12, 0x12, 0x14, 0x0E,
    0x10, 0x80, 0x10, 0x40, 0x10, 0x40, 0x27, 0xFC, 0x20, 0x00, 0x61, 0x10, 0x62, 0x08, 0xA4, 0x04,
    0x21, 0x10, 0x21, 0x10, 0x20, 0xA0, 0x20, 0x40, 0x20, 0xA0, 0x21, 0x10, 0x22, 0x08, 0x2C, 0x06,
    0x10, 0x20, 0x10, 0x20, 0x14, 0x20, 0x22, 0x7E, 0x22, 0x42, 0x60, 0x84, 0x60, 0x10, 0xA1, 0x10,
    0x21, 0x10, 0x2E, 0x10, 0x22, 0x28, 0x22, 0x28, 0x22, 0x48, 0x22, 0x44, 0x20, 0x84, 0x21, 0x02,
    0x08, 0x10, 0x09, 0x10, 0x09, 0x08, 0x12, 0x08, 0x14, 0x04, 0x3B, 0xFA, 0x32, 0x08, 0x52, 0x08,
    0x93, 0xF8, 0x12, 0x08, 0x12, 0x08, 0x13, 0xF8, 0x12, 0x08, 0x12, 0x08, 0x12, 0x28, 0x12, 0x10,
    0x10, 0x40, 0x10, 0x40, 0x1F, 0xFE, 0x20, 0x40, 0x20, 0x40, 0x67, 0xFC, 0x64, 0x44, 0xA4, 0x44,
    0x27, 0xFC, 0x20, 0x40, 0x22, 0x40, 0x21, 0x40, 0x20, 0x80, 0x21, 0x40, 0x22, 0x30, 0x2C, 0x0E,
    0x10, 0x04, 0x1F, 0xC4, 0x14, 0x84, 0x24, 0x94, 0x24, 0x94, 0x64, 0x94, 0x64, 0x94, 0xAF, 0xD4,
    0x24, 0x94, 0x24, 0x94, 0x24, 0x94, 0x24, 0x94, 0x24, 0x84, 0x28, 0x84, 0x28, 0x94, 0x30, 0x88,
    0x10, 0x40, 0x12, 0x40, 0x12, 0x40, 0x23, 0xFC, 0x24, 0x40, 0x68, 0x40, 0x60, 0x40, 0xA7, 0xFE,
    0x21, 0x20, 0x21, 0x20, 0x21, 0x20, 0x21, 0x20, 0x22, 0x22, 0x22, 0x22, 0x24, 0x1E, 0x28, 0x00,
    0x08, 0x40, 0x08, 0x20, 0x0B, 0xFE, 0x12, 0x00, 0x12, 0x00, 0x32, 0x0C, 0x32, 0xF0, 0x52, 0x20,
    0x92, 0x20, 0x12, 0x3E, 0x13, 0xE0, 0x12, 0x20, 0x14, 0x22, 0x14, 0x22, 0x18, 0x1E, 0x10, 0x00,
    0x10, 0x00, 0x17, 0xFC, 0x14, 0x04, 0x24, 0x04, 0x24, 0x04, 0x67, 0xFC, 0x60, 0x00, 0xA2, 0x48,
    0x22, 0x48, 0x22, 0x48, 0x22, 0x48, 0x22, 0x48, 0x22, 0x4A, 0x24, 0x4A, 0x24, 0x4A, 0x28, 0x06,
    0x10, 0x00, 0x17, 0xFE, 0x10, 0x40, 0x20, 0x80, 0x21, 0x10, 0x62, 0x08, 0x67, 0xFC, 0xA0, 0x44,
    0x20, 0x40, 0x20, 0x40, 0x27, 0xFC, 0x20, 0x40, 0x20, 0x40, 0x20, 0x40, 0x2F, 0xFE, 0x20, 0x00,
    0x08, 0x40, 0x08, 0x20, 0x08, 0x20, 0x17, 0xFE, 0x10, 0x40, 0x30, 0x84, 0x31, 0x08, 0x53, 0xF0,
    0x90, 0x22, 0x10, 0x44, 0x11, 0x88, 0x16, 0x10, 0x10, 0x20, 0x10, 0x50, 0x11, 0x88, 0x16, 0x04,
    0x01, 0x00, 0x01, 0x00, 0x01, 0x00, 0x7F, 0xFC, 0x01, 0x00, 0x11, 0x10, 0x11, 0x10, 0x29, 0x28,
    0x45, 0x44, 0x03, 0x80, 0x05, 0x40, 0x09, 0x20, 0x31, 0x18, 0xC1, 0x06, 0x01, 0x00, 0x01, 0x00,
    0x10, 0x40, 0x10, 0x40, 0x17, 0xFE, 0x20, 0x40, 0x27, 0xFC, 0x60, 0x44, 0x63, 0xFC, 0xA2, 0x40,
    0x24, 0x40, 0x27, 0xFE, 0x20, 0x42, 0x20, 0xAA, 0x20, 0xA4, 0x21, 0x10, 0x22, 0x08, 0x2C, 0x06,
    0x10, 0x80, 0x10, 0x80, 0x11, 0xF8, 0x22, 0x10, 0x25, 0x20, 0x60, 0xC0, 0x60, 0x90, 0xA3, 0x20,
    0x2C, 0x7C, 0x20, 0x84, 0x21, 0x08, 0x26, 0x90, 0x20, 0x60, 0x20, 0x40, 0x21, 0x80, 0x2E, 0x00,
    0x10, 0x40, 0x10, 0x40, 0x17, 0xFC, 0x20, 0xA0, 0x21, 0x10, 0x62, 0x08, 0x6D, 0xF6, 0xA0, 0x00,
    0x27, 0xFC, 0x20, 0x80, 0x21, 0x00, 0x23, 0xF8, 0x20, 0x08, 0x20, 0x08, 0x20, 0x50, 0x20, 0x20,
    0x08, 0x40, 0x08, 0x44, 0x0A, 0x44, 0x11, 0x48, 0x11, 0x50, 0x30, 0x40, 0x37, 0xFE, 0x50, 0x90,
    0x90, 0x90, 0x10, 0x90, 0x10, 0x90, 0x10, 0x92, 0x11, 0x12, 0x11, 0x12, 0x12, 0x0E, 0x14, 0x00,
    0x10, 0x04, 0x10, 0x04, 0x17, 0xC4, 0x22, 0x14, 0x22, 0x14, 0x63, 0xD4, 0x62, 0x54, 0xA4, 0x54,
    0x26, 0x54, 0x25, 0x54, 0x28, 0x94, 0x20, 0x94, 0x21, 0x04, 0x22, 0x04, 0x24, 0x14, 0x28, 0x08,
    0x01, 0x00, 0x02, 0x80, 0x04, 0x40, 0x09, 0x20, 0x30, 0x98, 0xCF, 0xE6, 0x00, 0x40, 0x00, 0x80,
    0x3F, 0xF8, 0x00, 0x00, 0x00, 0x00, 0xFF, 0xFE, 0x08, 0x20, 0x10, 0x10, 0x3F, 0xF8, 0x00, 0x08,
    0x08, 0x40, 0x08, 0x40, 0x08, 0x40, 0x13, 0xFC, 0x10, 0x40, 0x30, 0x40, 0x37, 0xFE, 0x50, 0x10,
    0x90, 0x10, 0x17, 0xFE, 0x10, 0x10, 0x12, 0x10, 0x11, 0x10, 0x11, 0x10, 0x10, 0x50, 0x10, 0x20,
    0x08, 0x40, 0x08, 0x40, 0x0A, 0x48, 0x11, 0x48, 0x11, 0x50, 0x30, 0x40, 0x37, 0xFE, 0x50, 0x40,
    0x90, 0xE0, 0x11, 0x50, 0x11, 0x50, 0x12, 0x48, 0x14, 0x44, 0x18, 0x42, 0x10, 0x40, 0x10, 0x40,
    0x08, 0x40, 0x0A, 0x40, 0x0A, 0x40, 0x13, 0xFC, 0x14, 0x40, 0x30, 0x40, 0x30, 0x40, 0x57, 0xFE,
    0x90, 0xE0, 0x11, 0x50, 0x11, 0x50, 0x12, 0x48, 0x14, 0x44, 0x18, 0x42, 0x10, 0x40, 0x10, 0x40,
    0x08, 0x40, 0x08, 0x40, 0x08, 0x80, 0x11, 0x00, 0x13, 0xFC, 0x32, 0x94, 0x32, 0x94, 0x52, 0x94,
    0x92, 0x94, 0x12, 0x94, 0x12, 0x94, 0x12, 0x94, 0x12, 0x94, 0x12, 0x94, 0x1F, 0xFE, 0x10, 0x00,
    0x08, 0x40, 0x08, 0x40, 0x0F, 0xFE, 0x10, 0x80, 0x11, 0x00, 0x31, 0xFC, 0x33, 0x04, 0x55, 0x04,
    0x99, 0xFC, 0x11, 0x04, 0x11, 0x04, 0x11, 0xFC, 0x11, 0x04, 0x11, 0x04, 0x11, 0x14, 0x11, 0x08,
    0x08, 0x40, 0x08, 0x20, 0x08, 0x20, 0x13, 0xFE, 0x12, 0x02, 0x34, 0x44, 0x30, 0x40, 0x53, 0xFE,
    0x90, 0x88, 0x10, 0x88, 0x11, 0x08, 0x10, 0xD0, 0x10, 0x20, 0x10, 0x50, 0x10, 0x88, 0x13, 0x04,
    0x08, 0x40, 0x08, 0x40, 0x0B, 0xF8, 0x10, 0x48, 0x17, 0xFE, 0x30, 0x48, 0x33, 0xF8, 0x50, 0x40,
    0x90, 0x40, 0x17, 0xFC, 0x10, 0x40, 0x10, 0x40, 0x1F, 0xFE, 0x10, 0x40, 0x10, 0x40, 0x10, 0x40,
    0x08, 0x40, 0x08, 0x40, 0x08, 0x90, 0x11, 0x08, 0x13, 0xFC, 0x30, 0x24, 0x31, 0x20, 0x51, 0x20,
    0x91, 0xFC, 0x12, 0x20, 0x10, 0x20, 0x17, 0xFE, 0x10, 0x20, 0x10, 0x20, 0x10, 0x20, 0x10, 0x20,
    0x10, 0x00, 0x17, 0xFC, 0x10, 0x40, 0x20, 0x40, 0x20, 0x80, 0x67, 0xFC, 0x64, 0xA4, 0xA4, 0xA4,
    0x24, 0xA4, 0x24, 0xA4, 0x24, 0xA4, 0x24, 0xA4, 0x24, 0xA4, 0x24, 0x84, 0x24, 0x14, 0x24, 0x08,
    0x01, 0x00, 0x02, 0x80, 0x04, 0x40, 0x08, 0x20, 0x37, 0xD8, 0xC0, 0x06, 0x00, 0x00, 0x3F, 0xF8,
    0x24, 0x88, 0x24, 0x88, 0x24, 0x88, 0x3F, 0xF8, 0x24, 0x88, 0x24, 0x88, 0x24, 0xA8, 0x20, 0x10,
    0x10, 0x00, 0x17, 0xFC, 0x14, 0x04, 0x24, 0x04, 0x25, 0xF4, 0x64, 0x04, 0x64, 0x04, 0xA5, 0xF4,
    0x25, 0x14, 0x25, 0x14, 0x25, 0x14, 0x25, 0xF4, 0x24, 0x04, 0x24, 0x04, 0x24, 0x14, 0x24, 0x08,
    0x08, 0x40, 0x08, 0x20, 0x08, 0x20, 0x13, 0xFE, 0x12, 0x02, 0x34, 0x04, 0x30, 0x38, 0x53, 0xC0,
    0x90, 0x40, 0x10, 0x40, 0x10, 0x7E, 0x17, 0xC0, 0x10, 0x40, 0x10, 0x42, 0x10, 0x42, 0x10, 0x3E,
    0x08, 0x28, 0x08, 0x24, 0x08, 0x24, 0x10, 0x20, 0x17, 0xFE, 0x30, 0x20, 0x30, 0x20, 0x57, 0xE0,
    0x91, 0x20, 0x11, 0x10, 0x11, 0x10, 0x11, 0x10, 0x11, 0xCA, 0x17, 0x0A, 0x12, 0x06, 0x10, 0x02,
    0x08, 0x80, 0x08, 0x80, 0x09, 0x00, 0x11, 0xFC, 0x12, 0x04, 0x34, 0x04, 0x33, 0xE4, 0x52, 0x24,
    0x92, 0x24, 0x13, 0xE4, 0x12, 0x24, 0x12, 0x24, 0x13, 0xE4, 0x10, 0x04, 0x10, 0x28, 0x10, 0x10,
    0x09, 0x10, 0x09, 0x10, 0x09, 0x10, 0x11, 0x10, 0x13, 0xFC, 0x31, 0x10, 0x31, 0x10, 0x51, 0x10,
    0x91, 0x10, 0x17, 0xFE, 0x10, 0x00, 0x11, 0x10, 0x11, 0x08, 0x12, 0x08, 0x14, 0x04, 0x18, 0x04,
    0x08, 0x80, 0x09, 0x00, 0x0B, 0xF8, 0x12, 0x08, 0x12, 0x88, 0x32, 0x48, 0x32, 0x48, 0x5F, 0xFE,
    0x92, 0x08, 0x12, 0x88, 0x12, 0x48, 0x12, 0x48, 0x12, 0x08, 0x12, 0x08, 0x14, 0x28, 0x18, 0x10,
    0x08, 0x80, 0x08, 0x40, 0x08, 0x40, 0x17, 0xFE, 0x10, 0x80, 0x30, 0x80, 0x31, 0x40, 0x51, 0x44,
    0x93, 0x48, 0x15, 0x30, 0x19, 0x20, 0x11, 0x10, 0x11, 0x08, 0x11, 0x44, 0x11, 0x82, 0x11, 0x00,
    0x09, 0x00, 0x09, 0x00, 0x09, 0x00, 0x11, 0x1E, 0x17, 0xD2, 0x32, 0x52, 0x32, 0x52, 0x52, 0x52,
    0x92, 0x52, 0x14, 0x92, 0x12, 0x92, 0x11, 0x12, 0x12, 0x92, 0x12, 0x5E, 0x14, 0x52, 0x18, 0x00,
    0x08, 0x40, 0x08, 0x40, 0x08, 0x40, 0x17, 0xFE, 0x10, 0x80, 0x30, 0x80, 0x31, 0x7C, 0x51, 0x08,
    0x93, 0x10, 0x15, 0x10, 0x11, 0xFE, 0x11, 0x10, 0x11, 0x10, 0x11, 0x10, 0x11, 0x50, 0x11, 0x20,
    0x08, 0x40, 0x08, 0x40, 0x08, 0x40, 0x17, 0xFC, 0x10, 0x40, 0x32, 0x48, 0x31, 0x50, 0x50, 0x40,
    0x9F, 0xFE, 0x10, 0xA0, 0x10, 0xA0, 0x11, 0x10, 0x11, 0x10, 0x12, 0x08, 0x14, 0x04, 0x18, 0x02,
    0x10, 0x00, 0x17, 0xFE, 0x10, 0xA0, 0x20, 0xA0, 0x20, 0xA0, 0x67, 0xFC, 0x64, 0xA4, 0xA4, 0xA4,
    0x24, 0xA4, 0x24, 0xA4, 0x24, 0xA4, 0x24, 0xA4, 0x24, 0xA4, 0x27, 0xFC, 0x24, 0x04, 0x20, 0x00,
    0x08, 0x00, 0x0F, 0xFC, 0x08, 0x40, 0x10, 0x40, 0x13, 0xF8, 0x32, 0x48, 0x32, 0x48, 0x53, 0xF8,
    0x92, 0x48, 0x12, 0x48, 0x1F, 0xFE, 0x12, 0x08, 0x12, 0x08, 0x12, 0x08, 0x12, 0x28, 0x12, 0x10,
    0x10, 0x00, 0x13, 0xF8, 0x12, 0x08, 0x22, 0x08, 0x22, 0x08, 0x62, 0x08, 0x63, 0xF8, 0xA0, 0x00,
    0x20, 0x00, 0x27, 0xFC, 0x24, 0x04, 0x24, 0x04, 0x24, 0x04, 0x24, 0x04, 0x27, 0xFC, 0x24, 0x04,
    0x08, 0x80, 0x08, 0x88, 0x0B, 0xE8, 0x10, 0x90, 0x10, 0xA0, 0x37, 0xFE, 0x30, 0x80, 0x51, 0x00,
    0x93, 0xFC, 0x14, 0x80, 0x19, 0x00, 0x11, 0xF8, 0x10, 0x08, 0x10, 0x08, 0x10, 0x50, 0x10, 0x20,
    0x08, 0x80, 0x08, 0x80, 0x08, 0xBC, 0x13, 0xC0, 0x10, 0x50, 0x30, 0x24, 0x30, 0xD4, 0x53, 0x0C,
    0x90, 0x00, 0x17, 0xFE, 0x10, 0x90, 0x10, 0x90, 0x11, 0x12, 0x11, 0x12, 0x12, 0x0E, 0x14, 0x00,
    0x08, 0x40, 0x08, 0x40, 0x08, 0x7E, 0x10, 0x40, 0x10, 0x40, 0x33, 0xF8, 0x32, 0x08, 0x52, 0x48,
    0x92, 0x48, 0x12, 0x48, 0x12, 0x48, 0x12, 0x48, 0x10, 0xA0, 0x11, 0x10, 0x12, 0x08, 0x14, 0x04,
    0x10, 0x04, 0x17, 0xC4, 0x14, 0x44, 0x24, 0x54, 0x25, 0x54, 0x65, 0x54, 0x65, 0x54, 0xA5, 0x54,
    0x25, 0x54, 0x25, 0x54, 0x25, 0x54, 0x21, 0x04, 0x22, 0x84, 0x22, 0x44, 0x24, 0x14, 0x28, 0x08,
    0x08, 0x10, 0x08, 0x78, 0x0B, 0xC0, 0x10, 0x40, 0x10, 0x40, 0x37, 0xFE, 0x30, 0xA0, 0x51, 0x10,
    0x92, 0x08, 0x15, 0x16, 0x11, 0x10, 0x11, 0x10, 0x11, 0x10, 0x12, 0x10, 0x12, 0x10, 0x14, 0x10,
    0x08, 0x40, 0x08, 0x40, 0x08, 0xA0, 0x11, 0x10, 0x12, 0x08, 0x34, 0x06, 0x31, 0xF0, 0x50, 0x00,
    0x90, 0x00, 0x17, 0xFC, 0x10, 0x40, 0x10, 0x80, 0x11, 0x10, 0x12, 0x08, 0x17, 0xFC, 0x12, 0x04,
    0x08, 0x80, 0x08, 0x40, 0x0F, 0xFE, 0x12, 0x08, 0x11, 0x10, 0x30, 0xA0, 0x30, 0x40, 0x51, 0xB0,
    0x96, 0x0E, 0x11, 0x10, 0x11, 0x10, 0x11, 0x10, 0x11, 0x10, 0x12, 0x10, 0x12, 0x10, 0x14, 0x10,
    0x08, 0x80, 0x08, 0x40, 0x1F, 0xFE, 0x12, 0x00, 0x12, 0x00, 0x32, 0x00, 0x33, 0xFC, 0x50, 0x80,
    0x90, 0x80, 0x1F, 0xFE, 0x11, 0x08, 0x12, 0x08, 0x13, 0x90, 0x10, 0x60, 0x11, 0x98, 0x16, 0x04,
    0x10, 0x40, 0x10, 0x40, 0x10, 0x40, 0x27, 0xFC, 0x24, 0x84, 0x68, 0x88, 0x61, 0x40, 0xA1, 0x44,
    0x23, 0x48, 0x25, 0x30, 0x29, 0x20, 0x21, 0x10, 0x21, 0x08, 0x21, 0x44, 0x21, 0x82, 0x21, 0x00,
    0x08, 0x00, 0x0B, 0xF8, 0x0A, 0x08, 0x12, 0x08, 0x13, 0xF8, 0x32, 0x20, 0x32, 0x20, 0x52, 0x10,
    0x92, 0x08, 0x14, 0xC6, 0x14, 0x20, 0x18, 0x00, 0x11, 0xC0, 0x10, 0x30, 0x10, 0x08, 0x10, 0x00,
    0x09, 0x00, 0x09, 0x00, 0x09, 0xFC, 0x12, 0x00, 0x15, 0xF8, 0x31, 0x08, 0x31, 0x48, 0x51, 0x28,
    0x97, 0xFE, 0x11, 0x08, 0x12, 0x48, 0x12, 0x28, 0x13, 0xFC, 0x10, 0x08, 0x10, 0x50, 0x10, 0x20,
    0x08, 0x00, 0x0B, 0xF8, 0x08, 0x08, 0x10, 0x08, 0x17, 0xFE, 0x31, 0x00, 0x31, 0x00, 0x53, 0xF8,
    0x94, 0x40, 0x10, 0x40, 0x1F, 0xFE, 0x10, 0x40, 0x10, 0xA0, 0x11, 0x10, 0x12, 0x08, 0x1C, 0x06,
    0x08, 0x00, 0x0B, 0xF8, 0x08, 0x88, 0x10, 0x88, 0x17, 0xFE, 0x30, 0x88, 0x30, 0x88, 0x53, 0xF8,
    0x91, 0x00, 0x11, 0x00, 0x13, 0xF8, 0x15, 0x08, 0x19, 0x08, 0x11, 0x08, 0x11, 0xF8, 0x11, 0x08,
    0x08, 0x00, 0x0B, 0xF8, 0x0A, 0x08, 0x12, 0x08, 0x12, 0x08, 0x33, 0xF8, 0x30, 0x00, 0x50, 0x00,
    0x97, 0xFC, 0x10, 0x40, 0x10, 0x40, 0x13, 0xF8, 0x10, 0x40, 0x10, 0x40, 0x1F, 0xFE, 0x10, 0x00,
    0x08, 0x00, 0x0B, 0xFC, 0x0A, 0x00, 0x12, 0x00, 0x12, 0xF8, 0x32, 0x00, 0x32, 0x00, 0x53, 0xFC,
    0x92, 0xA0, 0x12, 0xA4, 0x12, 0xA8, 0x12, 0x90, 0x12, 0x90, 0x14, 0x88, 0x14, 0xA4, 0x18, 0xC2,
    0x08, 0x40, 0x08, 0x40, 0x0A, 0x48, 0x12, 0x48, 0x12, 0x48, 0x35, 0x54, 0x38, 0xE2, 0x50, 0x40,
    0x90, 0x40, 0x17, 0xFC, 0x10, 0x40, 0x10, 0x40, 0x10, 0x40, 0x10, 0x40, 0x1F, 0xFE, 0x10, 0x00,
    0x01, 0x00, 0x02, 0x80, 0x04, 0x40, 0x08, 0x20, 0x30, 0x18, 0xCF, 0xE6, 0x00, 0x00, 0x3F, 0x04,
    0x09, 0x24, 0x09, 0x24, 0x3F, 0x24, 0x11, 0x24, 0x11, 0x24, 0x17, 0xA4, 0x78, 0x04, 0x20, 0x0C,
    0x08, 0x00, 0x0B, 0xF8, 0x08, 0x08, 0x11, 0xF8, 0x10, 0x08, 0x33, 0xF8, 0x30, 0x00, 0x57, 0xFC,
    0x94, 0x04, 0x13, 0xF0, 0x11, 0x10, 0x11, 0x10, 0x10, 0xA0, 0x10, 0x40, 0x11, 0xB0, 0x16, 0x0E,
    0x08, 0x00, 0x09, 0xF8, 0x09, 0x08, 0x11, 0x08, 0x11, 0x08, 0x31, 0x08, 0x31, 0xF8, 0x50, 0x40,
    0x90, 0x80, 0x13, 0xFC, 0x12, 0x04, 0x12, 0x04, 0x12, 0x04, 0x12, 0x04, 0x13, 0xFC, 0x12, 0x04,
    0x08, 0x00, 0x0B, 0xF8, 0x0A, 0x08, 0x12, 0x08, 0x13, 0xF8, 0x32, 0x00, 0x32, 0x00, 0x53, 0xFC,
    0x92, 0x04, 0x12, 0xF4, 0x12, 0x94, 0x12, 0x94, 0x14, 0xF4, 0x14, 0x04, 0x18, 0x28, 0x10, 0x10,
    0x08, 0x00, 0x0F, 0xFC, 0x08, 0x00, 0x10, 0x00, 0x13, 0xF8, 0x32, 0x08, 0x32, 0x08, 0x52, 0x08,
    0x92, 0x08, 0x13, 0xF8, 0x10, 0x00, 0x12, 0x08, 0x11, 0x08, 0x11, 0x10, 0x1F, 0xFE, 0x10, 0x00,
    0x10, 0x00, 0x10, 0x0C, 0x17, 0x70, 0x21, 0x10, 0x21, 0x10, 0x62, 0x10, 0x62, 0x7C, 0xA7, 0x10,
    0x21, 0x10, 0x25, 0x10, 0x25, 0x10, 0x22, 0x7C, 0x22, 0x00, 0x25, 0x00, 0x28, 0xFE, 0x30, 0x00,
    0x08, 0x40, 0x0A, 0x48, 0x0A, 0x48, 0x12, 0x48, 0x13, 0xF8, 0x30, 0x40, 0x30, 0xA0, 0x51, 0x10,
    0x92, 0x88, 0x14, 0x46, 0x10, 0x40, 0x13, 0xF0, 0x10, 0x10, 0x10, 0x20, 0x10, 0x20, 0x10, 0x40,
    0x0A, 0x08, 0x09, 0x08, 0x09, 0x10, 0x10, 0x20, 0x13, 0xF8, 0x32, 0x08, 0x32, 0x08, 0x52, 0x08,
    0x93, 0xF8, 0x10, 0xA0, 0x10, 0xA0, 0x11, 0x20, 0x11, 0x22, 0x12, 0x22, 0x14, 0x1E, 0x18, 0x00,
    0x08, 0x20, 0x08, 0x20, 0x0B, 0xFE, 0x10, 0x20, 0x10, 0x20, 0x33, 0xFE, 0x32, 0x02, 0x54, 0x04,
    0x91, 0xF8, 0x10, 0x10, 0x10, 0x20, 0x13, 0xFE, 0x10, 0x20, 0x10, 0x20, 0x10, 0xA0, 0x10, 0x40,
    0x0B, 0xF8, 0x0A, 0x48, 0x0A, 0x48, 0x13, 0xF8, 0x12, 0x48, 0x32, 0x48, 0x33, 0xF8, 0x50, 0x80,
    0x90, 0x80, 0x17, 0xFC, 0x10, 0x84, 0x11, 0x04, 0x11, 0x04, 0x12, 0x04, 0x14, 0x28, 0x18, 0x10,
    0x08, 0x40, 0x08, 0x44, 0x0B, 0xF4, 0x10, 0x48, 0x10, 0x48, 0x37, 0xFE, 0x30, 0x20, 0x50, 0x40,
    0x93, 0xF8, 0x11, 0x10, 0x12, 0x20, 0x15, 0xFE, 0x18, 0x20, 0x10, 0x20, 0x10, 0xA0, 0x10, 0x40,
    0x10, 0x00, 0x17, 0xFE, 0x10, 0x40, 0x27, 0xFC, 0x24, 0x44, 0x64, 0x44, 0x67, 0xFC, 0xA4, 0x44,
    0x24, 0x44, 0x27, 0xFC, 0x22, 0x40, 0x21, 0x40, 0x20, 0x80, 0x21, 0x40, 0x22, 0x30, 0x2C, 0x0E,
    0x08, 0x08, 0x08, 0x3C, 0x0B, 0xC0, 0x10, 0x44, 0x12, 0x24, 0x31, 0x28, 0x31, 0x00, 0x50, 0x40,
    0x93, 0xFE, 0x10, 0x88, 0x11, 0x08, 0x13, 0x90, 0x10, 0x60, 0x10, 0x50, 0x11, 0x88, 0x16, 0x04,
    0x08, 0x00, 0x08, 0xF8, 0x08, 0x88, 0x10, 0x88, 0x12, 0xF8, 0x32, 0x00, 0x32, 0x00, 0x53, 0xFC,
    0x90, 0x44, 0x10, 0x44, 0x17, 0xFE, 0x10, 0x40, 0x10, 0xA0, 0x11, 0x10, 0x12, 0x08, 0x14, 0x06,
    0x08, 0x04, 0x08, 0x1E, 0x0B, 0xE0, 0x10, 0x80, 0x11, 0x08, 0x33, 0xF0, 0x30, 0x20, 0x50, 0x48,
    0x91, 0x84, 0x17, 0xFE, 0x10, 0x22, 0x11, 0x28, 0x11, 0x24, 0x12, 0x22, 0x14, 0xA2, 0x10, 0x40,
    0x08, 0x00, 0x0B, 0xF8, 0x0A, 0x08, 0x12, 0x08, 0x12, 0x08, 0x32, 0x08, 0x33, 0xF8, 0x50, 0x40,
    0x90, 0x40, 0x12, 0x40, 0x12, 0x7C, 0x12, 0x40, 0x12, 0x40, 0x15, 0x40, 0x18, 0xFE, 0x10, 0x00,
    0x10, 0x28, 0x11, 0xA4, 0x17, 0x24, 0x21, 0x20, 0x21, 0x20, 0x6F, 0xFE, 0x61, 0x20, 0xA1, 0x24,
    0x21, 0xA4, 0x23, 0x28, 0x2D, 0x28, 0x21, 0x10, 0x21, 0x12, 0x21, 0x2A, 0x25, 0x46, 0x22, 0x82,
    0x08, 0x50, 0x08, 0x48, 0x08, 0x48, 0x10, 0x40, 0x17, 0xFE, 0x30, 0x40, 0x32, 0x44, 0x51, 0x64,
    0x91, 0x68, 0x10, 0xD0, 0x11, 0x50, 0x12, 0x48, 0x14, 0x44, 0x10, 0x42, 0x11, 0x40, 0x10, 0x80,
    0x08, 0x40, 0x08, 0x40, 0x08, 0xA0, 0x11, 0x10, 0x12, 0x08, 0x35, 0xF6, 0x30, 0x40, 0x50, 0x40,
    0x97, 0xFC, 0x10, 0x40, 0x12, 0x50, 0x12, 0x48, 0x14, 0x44, 0x18, 0x44, 0x11, 0x40, 0x10, 0x80,
    0x08, 0x00, 0x0C, 0x40, 0x0A, 0xBE, 0x11, 0x08, 0x12, 0x88, 0x34, 0x88, 0x30, 0x88, 0x50, 0xBE,
    0x91, 0x88, 0x12, 0x88, 0x14, 0x88, 0x10, 0x88, 0x10, 0x88, 0x10, 0x88, 0x15, 0x3E, 0x12, 0x00,
    0x08, 0x40, 0x0A, 0x40, 0x0A, 0x40, 0x13, 0xFC, 0x14, 0x40, 0x38, 0x40, 0x30, 0x40, 0x57, 0xFE,
    0x90, 0x00, 0x10, 0x00, 0x13, 0xF8, 0x12, 0x08, 0x12, 0x08, 0x12, 0x08, 0x13, 0xF8, 0x12, 0x08,
    0x08, 0x00, 0x0F, 0xFC, 0x08, 0x80, 0x10, 0x80, 0x13, 0xF8, 0x31, 0x08, 0x31, 0x08, 0x57, 0xFE,
    0x90, 0x00, 0x10, 0x00, 0x13, 0xF8, 0x12, 0x08, 0x12, 0x08, 0x12, 0x08, 0x13, 0xF8, 0x12, 0x08,
    0x08, 0x40, 0x08, 0x40, 0x08, 0x88, 0x11, 0x04, 0x13, 0xFE, 0x30, 0x02, 0x30, 0x88, 0x51, 0x44,
    0x92, 0x42, 0x10, 0xF8, 0x11, 0x88, 0x12, 0x50, 0x10, 0x20, 0x10, 0x50, 0x11, 0x88, 0x16, 0x06,
    0x08, 0x00, 0x0B, 0xF8, 0x0A, 0x08, 0x12, 0x08, 0x13, 0xF8, 0x30, 0x00, 0x37, 0xFC, 0x54, 0x44,
    0x94, 0x44, 0x14, 0x44, 0x17, 0xFC, 0x14, 0x00, 0x14, 0x02, 0x14, 0x02, 0x13, 0xFE, 0x10, 0x00,
    0x10, 0x48, 0x10, 0x44, 0x17, 0xFE, 0x20, 0x40, 0x20, 0x40, 0x67, 0xFC, 0x64, 0x44, 0xA4, 0x44,
    0x27, 0xFC, 0x24, 0x44, 0x24, 0x44, 0x27, 0xFC, 0x24, 0x44, 0x24, 0x44, 0x24, 0x54, 0x24, 0x08,
    0x08, 0x80, 0x08, 0x40, 0x0B, 0xF8, 0x12, 0x08, 0x12, 0x08, 0x33, 0xF8, 0x32, 0x08, 0x52, 0x08,
    0x93, 0xF8, 0x12, 0x40, 0x12, 0x44, 0x12, 0x28, 0x12, 0x10, 0x12, 0x88, 0x13, 0x06, 0x12, 0x00,
    0x10, 0x00, 0x11, 0xF8, 0x11, 0x08, 0x29, 0x08, 0x25, 0x08, 0x45, 0xF8, 0x91, 0x08, 0x11, 0x08,
    0x11, 0x08, 0x11, 0xF8, 0x29, 0x08, 0x25, 0x08, 0x45, 0x08, 0x81, 0x08, 0x07, 0xFE, 0x00, 0x00,
    0x08, 0x40, 0x0A, 0x48, 0x09, 0x48, 0x11, 0x50, 0x10, 0x40, 0x33, 0xF8, 0x32, 0x08, 0x52, 0x08,
    0x93, 0xF8, 0x12, 0x08, 0x12, 0x08, 0x13, 0xF8, 0x12, 0x08, 0x12, 0x08, 0x12, 0x28, 0x12, 0x10,
    0x10, 0x84, 0x11, 0xC4, 0x17, 0x04, 0x21, 0x14, 0x21, 0x14, 0x61, 0x14, 0x6F, 0xD4, 0xA1, 0x14,
    0x23, 0x14, 0x23, 0x94, 0x25, 0x54, 0x25, 0x04, 0x29, 0x04, 0x21, 0x04, 0x21, 0x14, 0x21, 0x08,
    0x10, 0x00, 0x17, 0xF8, 0x10, 0x10, 0x21, 0xA0, 0x20, 0x40, 0x67, 0xFC, 0x64, 0x44, 0xA4, 0x44,
    0x27, 0xFC, 0x24, 0x44, 0x24, 0x44, 0x27, 0xFC, 0x24, 0x44, 0x24, 0x44, 0x24, 0x54, 0x24, 0x08,
    0x08, 0x40, 0x08, 0x20, 0x0B, 0xFE, 0x12, 0x02, 0x14, 0x04, 0x31, 0xF8, 0x30, 0x00, 0x50, 0x00,
    0x93, 0xFE, 0x10, 0x90, 0x10, 0x90, 0x10, 0x90, 0x11, 0x12, 0x11, 0x12, 0x12, 0x0E, 0x14, 0x00,
    0x08, 0x00, 0x0B, 0xFC, 0x08, 0x00, 0x11, 0x24, 0x12, 0x48, 0x34, 0x90, 0x32, 0x48, 0x51, 0x24,
    0x90, 0x00, 0x13, 0xFC, 0x10, 0x40, 0x10, 0x40, 0x10, 0x40, 0x10, 0x40, 0x17, 0xFE, 0x10, 0x00,
    0x08, 0x00, 0x0B, 0xF8, 0x0A, 0x08, 0x12, 0x08, 0x13, 0xF8, 0x32, 0x08, 0x32, 0x08, 0x53, 0xF8,
    0x92, 0x08, 0x12, 0x08, 0x13, 0xF8, 0x11, 0x20, 0x11, 0x20, 0x12, 0x22, 0x14, 0x22, 0x18, 0x1E,
    0x10, 0x80, 0x10, 0x40, 0x17, 0xFE, 0x24, 0x02, 0x28, 0x44, 0x60, 0x40, 0x60, 0x40, 0xA7, 0xFC,
    0x20, 0xE0, 0x21, 0x50, 0x21, 0x50, 0x22, 0x48, 0x24, 0x44, 0x28, 0x42, 0x20, 0x40, 0x20, 0x40,
    0x10, 0x00, 0x17, 0xFC, 0x10, 0x20, 0x20, 0x40, 0x20, 0xD0, 0x61, 0x48, 0x66, 0x44, 0xA0, 0x40,
    0x20, 0x00, 0x23, 0xF8, 0x22, 0x08, 0x22, 0x08, 0x22, 0x08, 0x22, 0x08, 0x23, 0xF8, 0x22, 0x08,
    0x09, 0x10, 0x09, 0x08, 0x0A, 0x04, 0x14, 0x44, 0x10, 0x40, 0x30, 0xA0, 0x31, 0x10, 0x52, 0x08,
    0x9C, 0x06, 0x13, 0xF8, 0x12, 0x08, 0x12, 0x08, 0x12, 0x08, 0x12, 0x08, 0x13, 0xF8, 0x12, 0x08,
    0x08, 0x08, 0x08, 0x3C, 0x0B, 0xC0, 0x10, 0x04, 0x12, 0x44, 0x31, 0x28, 0x30, 0x00, 0x53, 0xF8,
    0x90, 0x10, 0x10, 0x20, 0x17, 0xFE, 0x10, 0x20, 0x10, 0x20, 0x10, 0x20, 0x10, 0xA0, 0x10, 0x40,
    0x12, 0x08, 0x11, 0x10, 0x10, 0xE0, 0x21, 0x10, 0x22, 0x08, 0x60, 0x80, 0x6F, 0xFE, 0xA1, 0x40,
    0x22, 0x40, 0x27, 0xFC, 0x2A, 0x44, 0x22, 0x44, 0x22, 0x54, 0x22, 0x48, 0x20, 0x40, 0x20, 0x40,
    0x10, 0x00, 0x17, 0xFC, 0x14, 0x44, 0x24, 0x44, 0x27, 0xFC, 0x64, 0x44, 0x64, 0x44, 0xA7, 0xFC,
    0x20, 0x40, 0x20, 0x40, 0x27, 0xFC, 0x20, 0x40, 0x20, 0x40, 0x20, 0x40, 0x2F, 0xFE, 0x20, 0x00,
    0x09, 0x00, 0x09, 0x00, 0x09, 0xF0, 0x12, 0x10, 0x12, 0x20, 0x37, 0xFC, 0x3A, 0x44, 0x52, 0x44,
    0x92, 0x44, 0x13, 0xFC, 0x12, 0xA4, 0x10, 0xA0, 0x11, 0x20, 0x12, 0x22, 0x14, 0x22, 0x18, 0x1E,
    0x10, 0x40, 0x10, 0x40, 0x17, 0xFC, 0x24, 0x44, 0x27, 0xFC, 0x64, 0x44, 0x67, 0xFC, 0xA0, 0x00,
    0x3F, 0xFE, 0x21, 0x00, 0x22, 0x00, 0x23, 0xFC, 0x20, 0x04, 0x20, 0x04, 0x20, 0x28, 0x20, 0x10,
    0x08, 0x00, 0x0B, 0xF8, 0x0A, 0x08, 0x12, 0x08, 0x12, 0x08, 0x33, 0xF8, 0x30, 0x40, 0x50, 0x40,
    0x97, 0xFC, 0x10, 0xE0, 0x11, 0x50, 0x12, 0x48, 0x14, 0x44, 0x18, 0x42, 0x10, 0x40, 0x10, 0x40,
    0x01, 0x00, 0x02, 0x80, 0x04, 0x40, 0x08, 0x20, 0x30, 0x18, 0xCF, 0xE6, 0x00, 0x00, 0x3E, 0x08,
    0x22, 0x48, 0x3E, 0x48, 0x22, 0x48, 0x3E, 0x48, 0x22, 0x48, 0x22, 0x08, 0x2A, 0x28, 0x24, 0x10,
    0x10, 0x40, 0x10, 0x80, 0x11, 0x10, 0x22, 0x08, 0x27, 0xFC, 0x61, 0x04, 0x61, 0x00, 0xA3, 0xF8,
    0x24, 0x40, 0x20, 0x40, 0x2F, 0xFE, 0x20, 0x40, 0x20, 0xA0, 0x21, 0x10, 0x22, 0x08, 0x2C, 0x06,
    0x08, 0x40, 0x08, 0x40, 0x08, 0x40, 0x17, 0xFE, 0x10, 0x40, 0x32, 0x48, 0x32, 0x48, 0x52, 0x48,
    0x95, 0x54, 0x18, 0xA2, 0x10, 0xA0, 0x11, 0x10, 0x11, 0x10, 0x12, 0x08, 0x14, 0x04, 0x18, 0x02,
    0x08, 0x40, 0x08, 0x20, 0x0B, 0xFE, 0x10, 0x00, 0x10, 0x00, 0x31, 0xFC, 0x30, 0x00, 0x50, 0x00,
    0x91, 0xFC, 0x10, 0x00, 0x10, 0x00, 0x11, 0xFC, 0x11, 0x04, 0x11, 0x04, 0x11, 0xFC, 0x11, 0x04,
    0x08, 0x80, 0x08, 0x80, 0x09, 0xF8, 0x13, 0x10, 0x14, 0xA0, 0x30, 0x40, 0x31, 0xB0, 0x5E, 0x4E,
    0x90, 0x80, 0x13, 0x20, 0x10, 0x44, 0x11, 0x88, 0x16, 0x10, 0x10, 0x20, 0x10, 0xC0, 0x17, 0x00,
    0x08, 0x00, 0x0B, 0xF8, 0x0A, 0x08, 0x12, 0x08, 0x13, 0xF8, 0x30, 0x00, 0x30, 0x00, 0x57, 0xFC,
    0x90, 0x40, 0x10, 0x40, 0x1F, 0xFE, 0x10, 0x40, 0x10, 0xA0, 0x11, 0x10, 0x12, 0x08, 0x14, 0x06,
    0x09, 0x08, 0x08, 0x88, 0x08, 0x90, 0x13, 0xFC, 0x10, 0x24, 0x30, 0x24, 0x33, 0xFC, 0x52, 0x20,
    0x92, 0x20, 0x13, 0xFE, 0x10, 0x62, 0x10, 0xA2, 0x11, 0x2A, 0x12, 0x24, 0x14, 0x20, 0x10, 0x20,
    0x10, 0x40, 0x10, 0x40, 0x1F, 0xFE, 0x20, 0x40, 0x27, 0xFC, 0x64, 0x44, 0x64, 0x44, 0xA7, 0xFC,
    0x24, 0x44, 0x24, 0x44, 0x27, 0xFC, 0x20, 0x40, 0x3F, 0xFE, 0x20, 0x40, 0x20, 0x40, 0x20, 0x40,
    0x10, 0x40, 0x10, 0x40, 0x17, 0xFC, 0x20, 0x40, 0x23, 0xF8, 0x60, 0x80, 0x67, 0xFE, 0xA0, 0x90,
    0x21, 0x10, 0x21, 0xFE, 0x22, 0x10, 0x22, 0x90, 0x24, 0x50, 0x28, 0x10, 0x20, 0x50, 0x20, 0x20,
    0x08, 0x20, 0x08, 0x20, 0x08, 0x20, 0x13, 0xFE, 0x10, 0x20, 0x30, 0x20, 0x30, 0x20, 0x51, 0xFC,
    0x90, 0x40, 0x10, 0x20, 0x10, 0xA4, 0x12, 0x82, 0x12, 0x8A, 0x12, 0x8A, 0x14, 0x78, 0x10, 0x00,
    0x08, 0x00, 0x0B, 0xFC, 0x08, 0x90, 0x12, 0x94, 0x11, 0x98, 0x30, 0x90, 0x33, 0xFE, 0x52, 0x00,
    0x92, 0x00, 0x12, 0x00, 0x12, 0x00, 0x12, 0x00, 0x12, 0x00, 0x14, 0x00, 0x14, 0x00, 0x18, 0x00,
    0x10, 0x00, 0x1F, 0xFE, 0x11, 0x20, 0x21, 0x20, 0x21, 0x20, 0x6F, 0xFC, 0x69, 0x24, 0xA9, 0x24,
    0x29, 0x24, 0x2A, 0xA4, 0x2A, 0x54, 0x2C, 0x4C, 0x28, 0x84, 0x28, 0x04, 0x28, 0x14, 0x28, 0x08,
    0x10, 0x00, 0x1F, 0xFE, 0x10, 0x00, 0x20, 0x00, 0x27, 0xBC, 0x64, 0xA4, 0x64, 0xA4, 0xA4, 0xA4,
    0x26, 0xB4, 0x25, 0xAC, 0x24, 0xA4, 0x24, 0xA4, 0x24, 0xA4, 0x24, 0xA4, 0x24, 0xA4, 0x25, 0xAC,
    0x08, 0x40, 0x08, 0x40, 0x08, 0x40, 0x17, 0xFC, 0x10, 0x40, 0x32, 0x48, 0x31, 0x48, 0x51, 0x50,
    0x9F, 0xFE, 0x10, 0xE0, 0x11, 0x50, 0x11, 0x50, 0x12, 0x48, 0x14, 0x44, 0x18, 0x42, 0x10, 0x40,
    0x10, 0x88, 0x11, 0xC8, 0x1F, 0x08, 0x21, 0x08, 0x21, 0x08, 0x6F, 0xD0, 0x61, 0x10, 0xA3, 0x10,
    0x23, 0x90, 0x25, 0x54, 0x25, 0x64, 0x29, 0x22, 0x21, 0x7E, 0x21, 0x22, 0x21, 0x02, 0x21, 0x00,
    0x08, 0x40, 0x08, 0x40, 0x08, 0xA0, 0x10, 0xA0, 0x11, 0x10, 0x32, 0x08, 0x35, 0xF6, 0x50, 0x00,
    0x90, 0x88, 0x10, 0x48, 0x12, 0x48, 0x11, 0x50, 0x11, 0x10, 0x10, 0x20, 0x17, 0xFE, 0x10, 0x00,
    0x10, 0x80, 0x10, 0x80, 0x11, 0xF8, 0x21, 0x08, 0x2A, 0x90, 0x6C, 0x60, 0xA9, 0x98, 0x2E, 0x26,
    0x28, 0xC0, 0x2B, 0x10, 0x28, 0x20, 0x28, 0xC8, 0x2B, 0x10, 0x20, 0x60, 0x21, 0x80, 0x26, 0x00,
    0x10, 0x40, 0x10, 0x20, 0x17, 0xFE, 0x24, 0x00, 0x24, 0x88, 0x64, 0x88, 0x65, 0x08, 0xA5, 0x7E,
    0x27, 0x08, 0x25, 0x48, 0x25, 0x28, 0x25, 0x28, 0x29, 0x08, 0x29, 0x08, 0x31, 0x28, 0x21, 0x10,
    0x10, 0x00, 0x11, 0x80, 0x17, 0x00, 0x21, 0x1E, 0x21, 0x12, 0x6F, 0xD2, 0x61, 0x12, 0xA3, 0x12,
    0x23, 0x92, 0x23, 0x52, 0x25, 0x52, 0x25, 0x12, 0x29, 0x1E, 0x21, 0x12, 0x21, 0x00, 0x21, 0x00,
    0x08, 0x00, 0x0B, 0xF8, 0x0A, 0x08, 0x12, 0x08, 0x13, 0xF8, 0x32, 0x08, 0x33, 0xF8, 0x52, 0x08,
    0x93, 0xF8, 0x12, 0x08, 0x12, 0x08, 0x1F, 0xFE, 0x10, 0x00, 0x11, 0x10, 0x12, 0x08, 0x14, 0x04,
    0x12, 0x10, 0x11, 0x10, 0x11, 0x10, 0x27, 0xD0, 0x20, 0x3E, 0x62, 0x92, 0x62, 0x52, 0xA4, 0x52,
    0x28, 0x92, 0x22, 0x92, 0x21, 0x12, 0x21, 0x12, 0x22, 0xA2, 0x24, 0xA2, 0x28, 0x4A, 0x20, 0x84,
    0x08, 0x90, 0x08, 0x90, 0x08, 0x90, 0x17, 0x9E, 0x10, 0x90, 0x30, 0x90, 0x30, 0x90, 0x53, 0x9C,
    0x90, 0x90, 0x10, 0x90, 0x10, 0x90, 0x17, 0x9E, 0x10, 0x90, 0x10, 0x90, 0x10, 0x90, 0x10, 0x90,
    0x10, 0xA0, 0x10, 0x90, 0x10, 0xBC, 0x27, 0xC8, 0x20, 0x50, 0x60, 0x64, 0x61, 0x94, 0xAE, 0x0C,
    0x20, 0xA0, 0x20, 0x90, 0x20, 0xBC, 0x27, 0xC8, 0x20, 0x50, 0x20, 0x64, 0x21, 0x94, 0x2E, 0x0C,
    0x10, 0x40, 0x10, 0x40, 0x17, 0xFC, 0x20, 0x40, 0x20, 0x40, 0x63, 0xF8, 0x60, 0x40, 0xA0, 0x40,
    0x2F, 0xFE, 0x20, 0x88, 0x21, 0x50, 0x23, 0x20, 0x25, 0x10, 0x29, 0x48, 0x21, 0x86, 0x21, 0x00,
    0x09, 0x00, 0x09, 0x00, 0x09, 0xDC, 0x11, 0x14, 0x11, 0x14, 0x31, 0x14, 0x37, 0xD4, 0x50, 0x14,
    0x91, 0x14, 0x11, 0x14, 0x15, 0x88, 0x15, 0x48, 0x19, 0x48, 0x11, 0x14, 0x15, 0x14, 0x12, 0x22,
    0x10, 0x00, 0x17, 0xBE, 0x14, 0xAA, 0x24, 0xAA, 0x24, 0xAA, 0x67, 0xAA, 0x64, 0xAA, 0xA4, 0xAA,
    0x24, 0xBE, 0x27, 0xA0, 0x24, 0xA0, 0x24, 0xA0, 0x24, 0xA2, 0x28, 0xA2, 0x2A, 0xA2, 0x31, 0x1E,
    0x08, 0x40, 0x08, 0x40, 0x0F, 0xFC, 0x10, 0x40, 0x13, 0xF8, 0x30, 0x80, 0x37, 0xFC, 0x51, 0x10,
    0x92, 0x48, 0x14, 0x46, 0x11, 0xF0, 0x10, 0x40, 0x17, 0xFC, 0x10, 0x40, 0x10, 0x40, 0x10, 0x40,
    0x08, 0x00, 0x0F, 0xFE, 0x08, 0x90, 0x10, 0x90, 0x10, 0x90, 0x33, 0x9C, 0x32, 0x04, 0x52, 0x04,
    0x92, 0x04, 0x13, 0x9C, 0x10, 0x90, 0x10, 0x90, 0x10, 0x90, 0x10, 0x90, 0x17, 0xFE, 0x10, 0x00,
    0x08, 0x40, 0x08, 0x80, 0x0B, 0xFC, 0x11, 0x10, 0x12, 0x48, 0x34, 0x46, 0x33, 0xF8, 0x52, 0x48,
    0x92, 0x48, 0x13, 0xF8, 0x12, 0x48, 0x12, 0x48, 0x13, 0xF8, 0x10, 0x42, 0x10, 0x42, 0x10, 0x3E,
    0x08, 0x80, 0x08, 0x80, 0x09, 0xF8, 0x12, 0x08, 0x15, 0x10, 0x30, 0xE0, 0x33, 0x18, 0x5C, 0x06,
    0x93, 0xF8, 0x12, 0x48, 0x12, 0x48, 0x13, 0xF8, 0x12, 0x48, 0x12, 0x48, 0x13, 0xF8, 0x12, 0x08,
    0x08, 0x80, 0x08, 0x40, 0x0F, 0xFE, 0x11, 0x00, 0x12, 0x08, 0x37, 0xFC, 0x30, 0x04, 0x53, 0xF8,
    0x92, 0x08, 0x13, 0xF8, 0x12, 0x08, 0x13, 0xF8, 0x12, 0x08, 0x12, 0x08, 0x12, 0x28, 0x12, 0x10,
    0x10, 0x10, 0x10, 0x90, 0x17, 0x10, 0x24, 0x3E, 0x24, 0x22, 0x64, 0x44, 0x67, 0x90, 0xA5, 0x10,
    0x25, 0x10, 0x25, 0x10, 0x25, 0x28, 0x25, 0x28, 0x25, 0x28, 0x29, 0x44, 0x29, 0x44, 0x30, 0x82,
    0x08, 0x40, 0x08, 0x80, 0x0B, 0xFC, 0x12, 0x24, 0x12, 0x24, 0x33, 0xFC, 0x32, 0x24, 0x52, 0x44,
    0x93, 0xFC, 0x10, 0x90, 0x11, 0x10, 0x17, 0xFE, 0x10, 0x10, 0x10, 0x10, 0x10, 0x10, 0x10, 0x10,
    0x08, 0x40, 0x08, 0x40, 0x08, 0x7C, 0x10, 0x40, 0x13, 0xFC, 0x32, 0x44, 0x32, 0x70, 0x53, 0xC0,
    0x92, 0x44, 0x12, 0x3C, 0x12, 0x00, 0x12, 0xF0, 0x14, 0x90, 0x14, 0x92, 0x19, 0x12, 0x12, 0x0E,
    0x08, 0x00, 0x09, 0xFC, 0x09, 0x00, 0x11, 0xF8, 0x11, 0x00, 0x31, 0xF8, 0x31, 0x00, 0x5F, 0xFE,
    0x92, 0x80, 0x12, 0x48, 0x12, 0x50, 0x12, 0x20, 0x12, 0x10, 0x12, 0x88, 0x13, 0x06, 0x12, 0x00,
    0x09, 0x00, 0x09, 0x00, 0x09, 0x00, 0x13, 0xDE, 0x12, 0x92, 0x34, 0x92, 0x30, 0x92, 0x50, 0x92,
    0x93, 0xF2, 0x10, 0x92, 0x10, 0x92, 0x11, 0x52, 0x11, 0x5E, 0x12, 0x20, 0x14, 0x20, 0x18, 0x00,
    0x08, 0x84, 0x08, 0x84, 0x09, 0x08, 0x13, 0xDE, 0x11, 0x08, 0x31, 0x08, 0x31, 0x08, 0x51, 0x08,
    0x97, 0xBE, 0x11, 0x08, 0x11, 0x08, 0x11, 0x08, 0x11, 0x08, 0x12, 0x08, 0x12, 0x08, 0x14, 0x08,
    0x11, 0x10, 0x11, 0x10, 0x13, 0xD8, 0x22, 0x54, 0x24, 0x52, 0x6A, 0x90, 0x61, 0x10, 0xA2, 0xFE,
    0x2C, 0x00, 0x20, 0x00, 0x23, 0xF8, 0x22, 0x08, 0x22, 0x08, 0x22, 0x08, 0x23, 0xF8, 0x22, 0x08,
    0x09, 0x08, 0x08, 0x90, 0x08, 0x60, 0x11, 0x98, 0x16, 0x44, 0x30, 0x40, 0x37, 0xFE, 0x50, 0x80,
    0x91, 0xFC, 0x13, 0x04, 0x15, 0xFC, 0x11, 0x04, 0x11, 0xFC, 0x11, 0x04, 0x11, 0x14, 0x11, 0x08,
    0x08, 0x80, 0x08, 0x40, 0x0B, 0xFC, 0x10, 0x00, 0x11, 0x10, 0x31, 0x10, 0x32, 0xA8, 0x54, 0x44,
    0x90, 0x00, 0x10, 0x40, 0x17, 0xFE, 0x10, 0x40, 0x10, 0x40, 0x10, 0x40, 0x10, 0x40, 0x10, 0x40,
    0x10, 0x00, 0x17, 0xFC, 0x10, 0x40, 0x20, 0x40, 0x27, 0xFC, 0x64, 0x44, 0x64, 0x44, 0xA6, 0x64,
    0x25, 0x54, 0x25, 0x54, 0x26, 0xEC, 0x24, 0xCC, 0x24, 0x44, 0x24, 0x44, 0x24, 0x54, 0x24, 0x08,
    0x10, 0x80, 0x10, 0x40, 0x17, 0xFE, 0x24, 0x02, 0x2A, 0x04, 0x62, 0x00, 0x63, 0xBC, 0xA4, 0xA4,
    0x24, 0xA4, 0x26, 0xA4, 0x29, 0x34, 0x21, 0x28, 0x22, 0x22, 0x22, 0x22, 0x24, 0x22, 0x28, 0x1E,
    0x08, 0x40, 0x08, 0x40, 0x08, 0x40, 0x17, 0xFC, 0x10, 0x40, 0x32, 0x48, 0x32, 0x48, 0x52, 0x48,
    0x95, 0x54, 0x10, 0xE0, 0x11, 0x50, 0x11, 0x50, 0x12, 0x48, 0x14, 0x44, 0x18, 0x42, 0x10, 0x40,
    0x01, 0x00, 0x02, 0x80, 0x04, 0x40, 0x0A, 0x20, 0x31, 0x18, 0xDF, 0xF6, 0x10, 0x10, 0x1F, 0xF0,
    0x10, 0x10, 0x1F, 0xF0, 0x10, 0x00, 0x2F, 0xF8, 0x28, 0x08, 0x48, 0x08, 0x8F, 0xF8, 0x08, 0x08,
    0x08, 0x90, 0x08, 0x90, 0x09, 0x08, 0x11, 0x48, 0x12, 0x44, 0x34, 0x92, 0x31, 0x08, 0x53, 0xFC,
    0x90, 0x44, 0x10, 0x20, 0x10, 0xA4, 0x12, 0x82, 0x12, 0x8A, 0x12, 0x8A, 0x14, 0x78, 0x10, 0x00,
    0x10, 0x00, 0x17, 0xFC, 0x14, 0x44, 0x24, 0x44, 0x27, 0xFC, 0x64, 0x44, 0x64, 0x44, 0xA5, 0xF4,
    0x25, 0x14, 0x25, 0x14, 0x25, 0x14, 0x25, 0xF4, 0x25, 0x14, 0x24, 0x04, 0x27, 0xFC, 0x24, 0x04,
    0x08, 0x40, 0x08, 0x20, 0x0B, 0xFE, 0x12, 0x02, 0x14, 0x04, 0x31, 0xF8, 0x31, 0x08, 0x51, 0x08,
    0x91, 0xF8, 0x11, 0x00, 0x11, 0x00, 0x11, 0xFC, 0x11, 0x04, 0x11, 0x04, 0x11, 0xFC, 0x11, 0x04,
    0x08, 0x80, 0x08, 0x40, 0x0B, 0xFC, 0x10, 0x00, 0x12, 0x08, 0x31, 0x08, 0x31, 0x10, 0x57, 0xFE,
    0x90, 0x00, 0x10, 0x00, 0x13, 0xFC, 0x12, 0x04, 0x12, 0x04, 0x12, 0x04, 0x13, 0xFC, 0x12, 0x04,
    0x08, 0x90, 0x08, 0x90, 0x08, 0x90, 0x13, 0xFC, 0x12, 0x94, 0x32, 0x94, 0x32, 0x94, 0x53, 0xFC,
    0x92, 0x94, 0x12, 0x94, 0x12, 0x94, 0x17, 0xFE, 0x10, 0x00, 0x10, 0x90, 0x11, 0x08, 0x12, 0x04,
    0x10, 0x80, 0x10, 0x80, 0x11, 0xF8, 0x21, 0x08, 0x2A, 0x90, 0x6C, 0x60, 0xA9, 0x98, 0x2E, 0x46,
    0x28, 0x50, 0x28, 0x48, 0x2B, 0xFC, 0x28, 0x40, 0x28, 0xA0, 0x21, 0x10, 0x22, 0x08, 0x24, 0x04,
    0x08, 0x40, 0x08, 0x40, 0x10, 0xFC, 0x10, 0x88, 0x35, 0x50, 0x54, 0x20, 0x94, 0xD8, 0x17, 0x06,
    0x14, 0x20, 0x14, 0xA4, 0x14, 0xA4, 0x15, 0x28, 0x14, 0x50, 0x10, 0x48, 0x10, 0x84, 0x13, 0x02,
    0x10, 0x00, 0x17, 0xBC, 0x14, 0xA4, 0x24, 0xA4, 0x27, 0xBC, 0x64, 0xA4, 0x64, 0xA4, 0xA7, 0xBC,
    0x24, 0x04, 0x24, 0x04, 0x24, 0x04, 0x24, 0x04, 0x24, 0x04, 0x24, 0x04, 0x24, 0x14, 0x24, 0x08,
    0x10, 0x04, 0x10, 0x04, 0x1F, 0xC4, 0x22, 0x14, 0x22, 0x14, 0x64, 0x94, 0x67, 0xD4, 0xA1, 0x14,
    0x21, 0x14, 0x27, 0xD4, 0x21, 0x14, 0x21, 0x14, 0x21, 0xC4, 0x2E, 0x04, 0x24, 0x14, 0x20, 0x08,
    0x08, 0x40, 0x0A, 0x44, 0x0A, 0x44, 0x14, 0x48, 0x10, 0xA0, 0x31, 0x10, 0x36, 0x08, 0x50, 0x44,
    0x90, 0x40, 0x12, 0x48, 0x12, 0x48, 0x14, 0x50, 0x10, 0xA0, 0x11, 0x10, 0x12, 0x08, 0x1C, 0x06,
    0x10, 0x00, 0x17, 0xFC, 0x14, 0x04, 0x24, 0x04, 0x27, 0xFC, 0x64, 0x20, 0x65, 0x24, 0xA5, 0x24,
    0x25, 0x24, 0x25, 0xFC, 0x24, 0x20, 0x25, 0x24, 0x25, 0x24, 0x29, 0x24, 0x29, 0xFC, 0x30, 0x04,
    0x08, 0x10, 0x08, 0x78, 0x0B, 0xC0, 0x10, 0x40, 0x10, 0x40, 0x37, 0xFC, 0x32, 0x48, 0x52, 0x48,
    0x9F, 0xFE, 0x12, 0x48, 0x12, 0x48, 0x17, 0xFC, 0x10, 0x40, 0x10, 0x40, 0x17, 0xFC, 0x10, 0x00,
    0x08, 0x40, 0x08, 0x40, 0x0F, 0xFC, 0x10, 0x40, 0x10, 0x40, 0x37, 0xFE, 0x31, 0x10, 0x50, 0xA0,
    0x97, 0xFC, 0x10, 0x40, 0x10, 0x40, 0x1F, 0xFE, 0x10, 0x40, 0x10, 0x40, 0x10, 0x40, 0x10, 0x40,
    0x10, 0x00, 0x17, 0xBC, 0x14, 0xA4, 0x24, 0xA4, 0x24, 0xA4, 0x67, 0xBC, 0x64, 0xA4, 0xA4, 0xA4,
    0x24, 0xA4, 0x27, 0xBC, 0x24, 0xA4, 0x24, 0xA4, 0x24, 0xA4, 0x24, 0xA4, 0x2A, 0xA4, 0x31, 0x4C,
    0x10, 0x40, 0x12, 0x48, 0x11, 0x48, 0x21, 0x50, 0x20, 0x40, 0x67, 0xFC, 0x64, 0x04, 0xA4, 0x04,
    0x25, 0xF4, 0x25, 0x14, 0x25, 0x14, 0x25, 0x14, 0x25, 0xF4, 0x24, 0x04, 0x24, 0x14, 0x24, 0x08,
    0x10, 0x00, 0x13, 0xF8, 0x10, 0x08, 0x28, 0x08, 0x2F, 0xFE, 0x69, 0x00, 0x69, 0x00, 0xAB, 0xF8,
    0x2C, 0x40, 0x28, 0x40, 0x2F, 0xFE, 0x28, 0x40, 0x28, 0xA0, 0x21, 0x10, 0x22, 0x08, 0x2C, 0x06,
    0x08, 0x40, 0x08, 0x40, 0x0B, 0xFC, 0x10, 0xA0, 0x11, 0x10, 0x32, 0x08, 0x37, 0xFE, 0x50, 0x08,
    0x93, 0xC8, 0x12, 0x48, 0x12, 0x48, 0x12, 0x48, 0x13, 0xC8, 0x10, 0x08, 0x10, 0x28, 0x10, 0x10,
    0x09, 0x08, 0x09, 0x08, 0x0F, 0xFE, 0x11, 0x08, 0x11, 0x08, 0x31, 0xF8, 0x31, 0x08, 0x51, 0x08,
    0x91, 0xF8, 0x11, 0x08, 0x11, 0x08, 0x17, 0xFE, 0x10, 0x00, 0x10, 0x90, 0x11, 0x08, 0x12, 0x04,
    0x10, 0x00, 0x17, 0xFC, 0x14, 0x44, 0x24, 0x44, 0x25, 0xF4, 0x64, 0x44, 0x64, 0x44, 0xA7, 0xFC,
    0x24, 0x04, 0x25, 0xF4, 0x25, 0x14, 0x25, 0x14, 0x25, 0xF4, 0x24, 0x04, 0x24, 0x14, 0x28, 0x08,
    0x08, 0x10, 0x08, 0x10, 0xFF, 0x90, 0x08, 0x10, 0x7F, 0x10, 0x41, 0x10, 0x7F, 0x10, 0x41, 0x10,
    0x7F, 0x10, 0x49, 0x10, 0x08, 0x28, 0xFF, 0xA8, 0x08, 0x48, 0x08, 0x44, 0x08, 0x84, 0x09, 0x02,
    0x08, 0x80, 0x08, 0x40, 0x0F, 0xFE, 0x10, 0x00, 0x10, 0x00, 0x33, 0xF8, 0x32, 0x08, 0x52, 0x08,
    0x93, 0xF8, 0x10, 0x40, 0x12, 0x50, 0x12, 0x48, 0x14, 0x44, 0x18, 0x44, 0x11, 0x40, 0x10, 0x80,
    0x09, 0x10, 0x09, 0x10, 0x09, 0x10, 0x17, 0xFC, 0x11, 0x10, 0x31, 0x10, 0x3F, 0xFE, 0x50, 0x00,
    0x93, 0xF8, 0x12, 0x08, 0x12, 0x08, 0x13, 0xF8, 0x12, 0x08, 0x12, 0x08, 0x13, 0xF8, 0x12, 0x08,
    0x09, 0x40, 0x09, 0x20, 0x09, 0x20, 0x13, 0xFE, 0x12, 0x20, 0x36, 0x20, 0x3B, 0xFC, 0x52, 0x20,
    0x92, 0x20, 0x13, 0xFC, 0x12, 0x20, 0x12, 0x20, 0x12, 0x20, 0x13, 0xFE, 0x12, 0x00, 0x12, 0x00,
    0x09, 0xF8, 0x09, 0x08, 0x09, 0x08, 0x11, 0xF8, 0x11, 0x08, 0x31, 0x08, 0x31, 0xF8, 0x50, 0x00,
    0x93, 0xFC, 0x12, 0x04, 0x12, 0x04, 0x13, 0xFC, 0x12, 0x04, 0x12, 0x04, 0x13, 0xFC, 0x12, 0x04,
    0x10, 0x40, 0x10, 0x40, 0x17, 0xFE, 0x20, 0x40, 0x23, 0xF8, 0x60, 0x48, 0x67, 0xFE, 0xA0, 0x48,
    0x23, 0xF8, 0x20, 0x40, 0x22, 0x40, 0x22, 0x7C, 0x22, 0x40, 0x25, 0x40, 0x24, 0xFE, 0x28, 0x00,
    0x14, 0x10, 0x12, 0x10, 0x12, 0x10, 0x2F, 0xA0, 0x24, 0x3E, 0x64, 0x44, 0x67, 0xA4, 0xA4, 0xA4,
    0x24, 0xA8, 0x24, 0xA8, 0x24, 0x90, 0x24, 0x90, 0x2A, 0xA8, 0x29, 0x28, 0x30, 0x44, 0x20, 0x82,
    0x08, 0x20, 0x08, 0x20, 0x0B, 0xFE, 0x10, 0x40, 0x11, 0xFC, 0x35, 0x04, 0x35, 0x04, 0x55, 0xFC,
    0x95, 0x04, 0x15, 0xFC, 0x15, 0x04, 0x15, 0x04, 0x15, 0xFC, 0x14, 0x00, 0x17, 0xFE, 0x10, 0x00,
    0x08, 0x40, 0x08, 0x20, 0x08, 0x20, 0x13, 0xFE, 0x12, 0x02, 0x34, 0x94, 0x31, 0x08, 0x52, 0x04,
    0x90, 0x00, 0x11, 0xFC, 0x10, 0x20, 0x10, 0x20, 0x10, 0x20, 0x10, 0x20, 0x17, 0xFE, 0x10, 0x00,
    0x10, 0x40, 0x12, 0x48, 0x11, 0x50, 0x27, 0xFC, 0x20, 0x80, 0x61, 0x00, 0x6F, 0xFE, 0xA2, 0x10,
    0x24, 0x08, 0x2B, 0xF4, 0x32, 0x12, 0x22, 0x10, 0x22, 0x50, 0x22, 0x24, 0x22, 0x04, 0x21, 0xFC,
    0x10, 0x80, 0x10, 0x40, 0x17, 0xFE, 0x24, 0x02, 0x28, 0x04, 0x63, 0xF0, 0x60, 0x00, 0xA0, 0x00,
    0x27, 0xFC, 0x20, 0x40, 0x22, 0x50, 0x22, 0x48, 0x24, 0x44, 0x28, 0x44, 0x21, 0x40, 0x20, 0x80,
    0x08, 0x00, 0x0B, 0xFC, 0x0A, 0x04, 0x12, 0x04, 0x13, 0xFC, 0x32, 0x20, 0x32, 0x20, 0x53, 0xFE,
    0x92, 0x20, 0x12, 0x20, 0x12, 0xFC, 0x12, 0x84, 0x12, 0x84, 0x14, 0x84, 0x14, 0xFC, 0x18, 0x84,
    0x08, 0x40, 0x08, 0x40, 0x0F, 0xFC, 0x10, 0x40, 0x13, 0xF8, 0x30, 0x40, 0x37, 0xFE, 0x50, 0x00,
    0x93, 0xF8, 0x12, 0x08, 0x13, 0xF8, 0x12, 0x08, 0x13, 0xF8, 0x12, 0x08, 0x12, 0x28, 0x12, 0x10,
    0x08, 0x00, 0x08, 0x40, 0x0B, 0x9C, 0x12, 0x04, 0x12, 0x04, 0x33, 0x9C, 0x32, 0x04, 0x52, 0x04,
    0x93, 0xFC, 0x10, 0x90, 0x10, 0x90, 0x10, 0x90, 0x10, 0x90, 0x11, 0x12, 0x12, 0x12, 0x14, 0x0E,
    0x10, 0x40, 0x10, 0x40, 0x10, 0xA0, 0x21, 0x10, 0x22, 0x08, 0x6D, 0xF6, 0x60, 0x00, 0xA7, 0xFC,
    0x24, 0xA4, 0x24, 0xA4, 0x27, 0xFC, 0x24, 0xA4, 0x24, 0xA4, 0x24, 0xA4, 0x24, 0x14, 0x24, 0x08,
    0x08, 0x40, 0x08, 0x40, 0x08, 0x7E, 0x10, 0x40, 0x13, 0xFC, 0x32, 0x04, 0x33, 0xFC, 0x52, 0x04,
    0x93, 0xFC, 0x12, 0x44, 0x10, 0x40, 0x17, 0xFE, 0x10, 0x40, 0x10, 0x40, 0x10, 0x40, 0x10, 0x40,
    0x08, 0x38, 0x0B, 0xC0, 0x08, 0x40, 0x10, 0x40, 0x17, 0xFC, 0x31, 0x50, 0x32, 0x48, 0x54, 0x86,
    0x90, 0x80, 0x17, 0xFC, 0x11, 0x10, 0x12, 0x10, 0x11, 0xA0, 0x10, 0x60, 0x10, 0x90, 0x13, 0x08,
    0x08, 0x00, 0x0B, 0xF8, 0x0A, 0x48, 0x12, 0x48, 0x13, 0xF8, 0x32, 0x48, 0x32, 0x48, 0x53, 0xF8,
    0x90, 0x40, 0x17, 0xFC, 0x10, 0xE0, 0x11, 0x50, 0x12, 0x48, 0x14, 0x46, 0x10, 0x40, 0x10, 0x40,
    0x12, 0x08, 0x12, 0x28, 0x12, 0x28, 0x22, 0x28, 0x2F, 0xA4, 0x62, 0x44, 0x62, 0x54, 0xA6, 0x92,
    0x27, 0x10, 0x2A, 0xA0, 0x2A, 0x20, 0x32, 0x28, 0x22, 0x44, 0x22, 0xFC, 0x22, 0x44, 0x22, 0x00,
    0x10, 0x40, 0x10, 0x40, 0x17, 0xFC, 0x20, 0x40, 0x20, 0x40, 0x6F, 0xFE, 0x62, 0x08, 0xA4, 0x84,
    0x28, 0x82, 0x21, 0xF8, 0x22, 0x08, 0x25, 0x10, 0x20, 0xA0, 0x20, 0x40, 0x21, 0xB0, 0x2E, 0x0E,
    0x10, 0x00, 0x17, 0xFC, 0x14, 0x04, 0x24, 0x04, 0x27, 0xFC, 0x64, 0x04, 0x64, 0x04, 0xA7, 0xFC,
    0x20, 0x00, 0x24, 0x20, 0x24, 0x22, 0x27, 0xAC, 0x24, 0x30, 0x24, 0x22, 0x25, 0xA2, 0x26, 0x1E,
    0x10, 0x40, 0x10, 0x40, 0x1F, 0xFE, 0x20, 0x40, 0x20, 0x40, 0x67, 0xFC, 0x64, 0x44, 0xA7, 0xFC,
    0x24, 0x44, 0x27, 0xFC, 0x24, 0xE4, 0x21, 0x50, 0x22, 0x48, 0x24, 0x44, 0x38, 0x42, 0x20, 0x40,
    0x10, 0x40, 0x10, 0x40, 0x1F, 0xFE, 0x20, 0x40, 0x27, 0xFC, 0x64, 0x44, 0x67, 0xFC, 0xA0, 0x40,
    0x27, 0xFC, 0x20, 0x44, 0x3F, 0xFE, 0x20, 0x44, 0x27, 0xFC, 0x20, 0x40, 0x21, 0x40, 0x20, 0x80,
    0x08, 0x40, 0x08, 0x40, 0x0F, 0xFE, 0x10, 0xA0, 0x11, 0x50, 0x32, 0x48, 0x35, 0xF6, 0x50, 0x40,
    0x91, 0x50, 0x11, 0x10, 0x17, 0xFE, 0x11, 0x10, 0x11, 0x10, 0x11, 0x10, 0x12, 0x10, 0x14, 0x10,
    0x08, 0x10, 0x08, 0x18, 0x0B, 0xD4, 0x10, 0x14, 0x10, 0x10, 0x37, 0xFE, 0x30, 0x10, 0x50, 0x90,
    0x90, 0x90, 0x12, 0xD0, 0x12, 0x90, 0x12, 0x90, 0x12, 0x8A, 0x12, 0xEA, 0x17, 0x06, 0x12, 0x02,
    0x08, 0x00, 0x0B, 0xFC, 0x0A, 0x04, 0x12, 0x04, 0x13, 0xFC, 0x32, 0x04, 0x33, 0xFC, 0x52, 0x04,
    0x92, 0x04, 0x13, 0xFC, 0x10, 0x00, 0x17, 0xFE, 0x10, 0x00, 0x11, 0x08, 0x12, 0x04, 0x14, 0x02,
    0x08, 0x40, 0x08, 0x40, 0x0F, 0xFC, 0x10, 0xA0, 0x11, 0x10, 0x32, 0x08, 0x35, 0xF6, 0x50, 0x00,
    0x90, 0x00, 0x17, 0xFC, 0x10, 0x40, 0x12, 0x48, 0x12, 0x44, 0x14, 0x44, 0x11, 0x40, 0x10, 0x80,
    0x08, 0x08, 0x08, 0x3C, 0x0B, 0xC0, 0x10, 0x44, 0x12, 0x24, 0x31, 0x28, 0x31, 0x00, 0x50, 0x20,
    0x93, 0xFE, 0x10, 0x70, 0x10, 0xA8, 0x10, 0xA8, 0x11, 0x24, 0x12, 0x22, 0x14, 0x20, 0x10, 0x20,
    0x08, 0x40, 0x08, 0x40, 0x08, 0xA0, 0x11, 0x10, 0x12, 0x08, 0x35, 0xF6, 0x30, 0x40, 0x50, 0x40,
    0x93, 0xF8, 0x12, 0x48, 0x12, 0x48, 0x13, 0xF8, 0x10, 0xA0, 0x11, 0x10, 0x12, 0x08, 0x14, 0x06,
    0x08, 0x40, 0x08, 0x40, 0x0F, 0xFC, 0x10, 0x40, 0x13, 0xF8, 0x30, 0x40, 0x37, 0xFE, 0x50, 0x00,
    0x93, 0xF8, 0x12, 0x08, 0x12, 0x48, 0x12, 0x48, 0x12, 0x48, 0x10, 0xA0, 0x11, 0x10, 0x16, 0x08,
    0x10, 0x00, 0x1F, 0xDE, 0x14, 0x92, 0x24, 0x92, 0x24, 0x94, 0x67, 0x94, 0x64, 0x98, 0xA4, 0x94,
    0x27, 0x92, 0x24, 0x92, 0x24, 0x92, 0x25, 0xDA, 0x2E, 0x94, 0x20, 0x90, 0x20, 0x90, 0x20, 0x90,
    0x08, 0x40, 0x08, 0x40, 0x0F, 0xFC, 0x10, 0x40, 0x10, 0x40, 0x33, 0xF8, 0x32, 0x08, 0x53, 0xF8,
    0x92, 0x08, 0x13, 0xF8, 0x12, 0x08, 0x13, 0xF8, 0x12, 0x08, 0x12, 0x08, 0x1F, 0xFE, 0x10, 0x00,
    0x08, 0x40, 0x08, 0x40, 0x08, 0xA0, 0x11, 0x10, 0x12, 0x08, 0x35, 0xF6, 0x30, 0x40, 0x50, 0x40,
    0x97, 0xFC, 0x10, 0x40, 0x10, 0x40, 0x13, 0xF8, 0x12, 0x08, 0x12, 0x08, 0x13, 0xF8, 0x12, 0x08,
    0x10, 0x00, 0x10, 0xFE, 0x14, 0x10, 0x24, 0x20, 0x24, 0x7C, 0x64, 0x44, 0x67, 0x54, 0xA4, 0x54,
    0x24, 0x54, 0x24, 0x54, 0x25, 0x54, 0x26, 0x54, 0x24, 0x20, 0x20, 0x28, 0x20, 0x44, 0x20, 0x82,
    0x08, 0x80, 0x08, 0x40, 0x0B, 0xFC, 0x10, 0x00, 0x11, 0x08, 0x30, 0x90, 0x37, 0xFE, 0x50, 0x40,
    0x90, 0x40, 0x17, 0xFE, 0x10, 0x88, 0x11, 0x08, 0x10, 0x90, 0x10, 0x60, 0x11, 0x98, 0x16, 0x04,
    0x11, 0x10, 0x11, 0x10, 0x17, 0xFC, 0x21, 0x10, 0x21, 0x50, 0x60, 0x40, 0x63, 0xF8, 0xA2, 0x48,
    0x22, 0x48, 0x22, 0x48, 0x2F, 0xFE, 0x20, 0x40, 0x20, 0xA0, 0x21, 0x10, 0x22, 0x08, 0x24, 0x06,
    0x10, 0x3E, 0x17, 0xC0, 0x10, 0x84, 0x24, 0x44, 0x22, 0x08, 0x60, 0x40, 0x67, 0xFC, 0xA4, 0x44,
    0x24, 0x44, 0x27, 0xFC, 0x24, 0x44, 0x24, 0x44, 0x3F, 0xFE, 0x24, 0x04, 0x24, 0x14, 0x24, 0x08,
    0x09, 0x08, 0x08, 0x88, 0x08, 0x90, 0x17, 0xFE, 0x10, 0x00, 0x33, 0xC4, 0x32, 0x54, 0x52, 0x54,
    0x93, 0xD4, 0x12, 0x54, 0x12, 0x54, 0x13, 0xD4, 0x12, 0x54, 0x12, 0x44, 0x12, 0x54, 0x12, 0xC8,
    0x08, 0x00, 0x0B, 0xFE, 0x0A, 0x00, 0x12, 0xFC, 0x12, 0x84, 0x32, 0xFC, 0x32, 0x84, 0x52, 0xFC,
    0x92, 0x20, 0x13, 0xFE, 0x12, 0x48, 0x12, 0xC8, 0x12, 0x30, 0x12, 0x48, 0x12, 0x84, 0x13, 0xFE,
    0x10, 0x00, 0x17, 0xFC, 0x10, 0x40, 0x20, 0x80, 0x27, 0xFC, 0x64, 0xA4, 0x64, 0xA4, 0xA4, 0xA4,
    0x24, 0x84, 0x24, 0x4C, 0x20, 0x40, 0x2F, 0xFE, 0x20, 0xA0, 0x21, 0x10, 0x22, 0x08, 0x2C, 0x06,
    0x10, 0x08, 0x10, 0x3C, 0x17, 0xC0, 0x20, 0x40, 0x2F, 0xFE, 0x60, 0x40, 0x67, 0xFC, 0xA4, 0x44,
    0x27, 0xFC, 0x24, 0x44, 0x27, 0xFC, 0x20, 0x40, 0x27, 0xFC, 0x20, 0x40, 0x2F, 0xFE, 0x20, 0x00,
    0x10, 0x40, 0x10, 0x40, 0x17, 0xFC, 0x20, 0x40, 0x23, 0xF8, 0x60, 0x80, 0x6F, 0xFE, 0xA1, 0x10,
    0x22, 0x08, 0x27, 0xFC, 0x2A, 0x0A, 0x22, 0x08, 0x23, 0xF8, 0x22, 0x08, 0x22, 0x08, 0x23, 0xF8,
    0x10, 0x00, 0x17, 0xBC, 0x14, 0x84, 0x24, 0x84, 0x24, 0x84, 0x67, 0xBC, 0x64, 0x00, 0xA4, 0x00,
    0x27, 0xBC, 0x24, 0x24, 0x24, 0x24, 0x27, 0xA8, 0x24, 0x10, 0x24, 0x28, 0x24, 0x44, 0x24, 0x82,
    0x08, 0x00, 0x0B, 0xF8, 0x0A, 0x08, 0x13, 0xF8, 0x12, 0x08, 0x33, 0xF8, 0x31, 0x00, 0x53, 0xFC,
    0x94, 0x44, 0x12, 0x44, 0x12, 0xA4, 0x12, 0x04, 0x13, 0xF4, 0x10, 0x04, 0x10, 0x28, 0x10, 0x10,
    0x08, 0x80, 0x08, 0x80, 0x0B, 0xF8, 0x11, 0x08, 0x17, 0xFE, 0x30, 0x00, 0x33, 0xF8, 0x52, 0x08,
    0x93, 0xF8, 0x10, 0x40, 0x17, 0xFC, 0x10, 0x40, 0x14, 0x40, 0x17, 0xFE, 0x10, 0x40, 0x10, 0x40,
    0x08, 0x04, 0x08, 0x1E, 0x0B, 0xE0, 0x10, 0x20, 0x11, 0xFC, 0x31, 0x24, 0x31, 0x24, 0x51, 0xFC,
    0x90, 0x20, 0x13, 0xFE, 0x12, 0x22, 0x12, 0x2A, 0x12, 0xFA, 0x12, 0x02, 0x12, 0x0A, 0x12, 0x04,
    0x08, 0x00, 0x0B, 0xFC, 0x0A, 0x04, 0x12, 0x04, 0x13, 0xFC, 0x32, 0x00, 0x32, 0x84, 0x52, 0x48,
    0x92, 0xFC, 0x12, 0x48, 0x12, 0x48, 0x13, 0xFE, 0x14, 0x48, 0x14, 0x48, 0x18, 0x88, 0x11, 0x08,
    0x11, 0x08, 0x11, 0x08, 0x17, 0xFE, 0x21, 0x08, 0x21, 0x48, 0x60, 0x40, 0x67, 0xFE, 0xA0, 0x80,
    0x21, 0x00, 0x23, 0xFC, 0x25, 0x04, 0x29, 0x04, 0x21, 0x04, 0x21, 0x04, 0x21, 0xFC, 0x21, 0x04,
    0x08, 0x00, 0x0B, 0xF8, 0x0A, 0x08, 0x12, 0x08, 0x13, 0xF8, 0x32, 0x08, 0x32, 0x08, 0x53, 0xF8,
    0x90, 0x00, 0x17, 0xFE, 0x10, 0x40, 0x12, 0x40, 0x12, 0x78, 0x12, 0x40, 0x15, 0x40, 0x18, 0xFE,
    0x08, 0x00, 0x0B, 0xF8, 0x0A, 0x48, 0x12, 0x48, 0x13, 0xF8, 0x32, 0x48, 0x32, 0x48, 0x53, 0xF8,
    0x90, 0x00, 0x17, 0xFE, 0x12, 0x40, 0x12, 0x44, 0x12, 0x28, 0x12, 0x90, 0x13, 0x08, 0x12, 0x06,
    0x10, 0x80, 0x10, 0x40, 0x17, 0xFC, 0x24, 0x04, 0x24, 0x04, 0x67, 0xFC, 0x64, 0x00, 0xA4, 0x00,
    0x27, 0xFC, 0x26, 0xA4, 0x2A, 0xA4, 0x2B, 0xFC, 0x2A, 0xA4, 0x2A, 0xA4, 0x32, 0xA4, 0x22, 0x0C,
    0x08, 0x40, 0x08, 0x20, 0x0B, 0xFC, 0x10, 0x00, 0x11, 0x08, 0x30, 0x90, 0x33, 0xFE, 0x52, 0x10,
    0x92, 0x20, 0x12, 0xC8, 0x12, 0x10, 0x12, 0x24, 0x12, 0xC8, 0x14, 0x10, 0x14, 0x60, 0x19, 0x80,
    0x20, 0x00, 0x2F, 0xF8, 0x28, 0x08, 0x48, 0x68, 0x4B, 0x88, 0x48, 0x88, 0xC8, 0x88, 0x4B, 0xE8,
    0x4A, 0xA8, 0x4A, 0xA8, 0x4B, 0xE8, 0x48, 0x8A, 0x48, 0xAA, 0x50, 0xEA, 0x57, 0x26, 0x60, 0x02,
    0x08, 0x00, 0x0B, 0xF8, 0x0A, 0x08, 0x13, 0xF8, 0x12, 0x08, 0x33, 0xF8, 0x30, 0x00, 0x5F, 0xFE,
    0x92, 0x00, 0x13, 0xFC, 0x14, 0x94, 0x19, 0x24, 0x12, 0x44, 0x14, 0x84, 0x11, 0x28, 0x12, 0x10,
    0x08, 0x00, 0x0B, 0xFC, 0x0A, 0x04, 0x12, 0x04, 0x13, 0xFC, 0x32, 0x00, 0x33, 0xFC, 0x52, 0x40,
    0x92, 0x88, 0x13, 0xFC, 0x12, 0x24, 0x12, 0x20, 0x15, 0xFC, 0x14, 0x20, 0x18, 0x20, 0x13, 0xFE,
    0x08, 0x00, 0x0B, 0xDE, 0x0A, 0x52, 0x12, 0x52, 0x13, 0xDE, 0x30, 0x00, 0x31, 0xFC, 0x50, 0x00,
    0x97, 0xFE, 0x10, 0x80, 0x11, 0x00, 0x11, 0xFC, 0x10, 0x04, 0x10, 0x04, 0x10, 0x28, 0x10, 0x10,
    0x0A, 0x20, 0x0A, 0x24, 0x0B, 0xA8, 0x12, 0x30, 0x12, 0xA2, 0x33, 0x22, 0x32, 0x5E, 0x50, 0x80,
    0x93, 0xFC, 0x12, 0x04, 0x12, 0x04, 0x13, 0xFC, 0x12, 0x04, 0x12, 0x04, 0x13, 0xFC, 0x12, 0x04,
    0x08, 0x40, 0x08, 0x44, 0x0B, 0xF4, 0x10, 0x48, 0x10, 0x50, 0x37, 0xFE, 0x30, 0x40, 0x50, 0x80,
    0x91, 0xF8, 0x13, 0x08, 0x15, 0x08, 0x11, 0xF8, 0x11, 0x08, 0x11, 0x08, 0x11, 0xF8, 0x11, 0x08,
    0x08, 0x20, 0x08, 0x20, 0x09, 0x24, 0x11, 0x22, 0x12, 0x2A, 0x30, 0x30, 0x30, 0xC0, 0x57, 0x00,
    0x91, 0xFC, 0x11, 0x04, 0x11, 0xFC, 0x11, 0x04, 0x11, 0xFC, 0x11, 0x04, 0x11, 0xFC, 0x11, 0x04,
    0x08, 0x00, 0x0B, 0xF8, 0x0A, 0x08, 0x12, 0x08, 0x12, 0x08, 0x32, 0x08, 0x33, 0xF8, 0x50, 0x00,
    0x90, 0x00, 0x17, 0xBC, 0x14, 0xA4, 0x14, 0xA4, 0x14, 0xA4, 0x14, 0xA4, 0x17, 0xBC, 0x14, 0xA4,
    0x08, 0x80, 0x08, 0x40, 0x0B, 0xFC, 0x10, 0x00, 0x11, 0x08, 0x30, 0x90, 0x37, 0xFE, 0x54, 0x42,
    0x98, 0x44, 0x13, 0xFC, 0x12, 0x44, 0x12, 0x44, 0x12, 0x54, 0x12, 0x48, 0x10, 0x40, 0x10, 0x40,
    0x12, 0x10, 0x12, 0x10, 0x12, 0x10, 0x2F, 0xA0, 0x22, 0x3E, 0x62, 0x44, 0x62, 0x24, 0xAF, 0xA4,
    0x28, 0xA4, 0x28, 0xA8, 0x28, 0xA8, 0x28, 0x90, 0x2F, 0xA8, 0x28, 0x28, 0x20, 0x44, 0x20, 0x82,
    0x10, 0x08, 0x10, 0x3C, 0x17, 0xC0, 0x20, 0x40, 0x20, 0x40, 0x6F, 0xFE, 0x60, 0x40, 0xA1, 0x40,
    0x26, 0x5C, 0x24, 0x44, 0x24, 0x44, 0x27, 0x5C, 0x24, 0x44, 0x24, 0x44, 0x27, 0xFC, 0x24, 0x04,
    0x10, 0x80, 0x10, 0x40, 0x17, 0xFC, 0x20, 0x00, 0x23, 0xF8, 0x62, 0x08, 0x63, 0xF8, 0xA0, 0x00,
    0x2F, 0xFE, 0x28, 0x02, 0x23, 0xF8, 0x20, 0x40, 0x20, 0x40, 0x20, 0x40, 0x21, 0x40, 0x20, 0x80,
    0x08, 0x90, 0x08, 0x92, 0x0F, 0x9C, 0x10, 0x90, 0x11, 0x92, 0x36, 0x8E, 0x30, 0x00, 0x53, 0xFC,
    0x92, 0x04, 0x13, 0xFC, 0x12, 0x04, 0x13, 0xFC, 0x12, 0x04, 0x12, 0x04, 0x12, 0x14, 0x12, 0x08,
    0x08, 0x90, 0x0A, 0x90, 0x0A, 0x90, 0x17, 0xFE, 0x12, 0x90, 0x32, 0x90, 0x32, 0xF0, 0x52, 0x00,
    0x93, 0xFC, 0x10, 0x40, 0x17, 0xFE, 0x10, 0xE0, 0x11, 0x50, 0x12, 0x48, 0x1C, 0x46, 0x10, 0x40,
    0x08, 0x40, 0x08, 0x80, 0x0B, 0xF8, 0x12, 0x08, 0x13, 0xF8, 0x32, 0x08, 0x33, 0xF8, 0x50, 0x00,
    0x97, 0xFC, 0x10, 0x40, 0x10, 0x40, 0x13, 0xF8, 0x10, 0x40, 0x10, 0x40, 0x17, 0xFC, 0x10, 0x00,
    0x08, 0x00, 0x0B, 0xFE, 0x08, 0x50, 0x10, 0x50, 0x13, 0xFE, 0x32, 0x52, 0x32, 0x52, 0x53, 0xFE,
    0x90, 0x00, 0x10, 0x40, 0x17, 0xFE, 0x10, 0x88, 0x11, 0x90, 0x10, 0x60, 0x10, 0xD8, 0x13, 0x04,
    0x09, 0x08, 0x09, 0x08, 0x0F, 0xFE, 0x11, 0x08, 0x11, 0xF8, 0x31, 0x08, 0x31, 0xF8, 0x51, 0x08,
    0x91, 0x08, 0x17, 0xFE, 0x12, 0x50, 0x12, 0x88, 0x13, 0x04, 0x12, 0x00, 0x13, 0xFC, 0x10, 0x00,
    0x13, 0x90, 0x1E, 0x10, 0x12, 0x10, 0x22, 0x12, 0x22, 0x52, 0x6F, 0xD4, 0x62, 0x58, 0xA6, 0x90,
    0x27, 0x10, 0x2A, 0xA8, 0x2A, 0x28, 0x32, 0x28, 0x22, 0x48, 0x22, 0x44, 0x22, 0x84, 0x23, 0x02,
    0x08, 0x80, 0x08, 0x40, 0x0F, 0xFC, 0x10, 0x00, 0x12, 0x08, 0x31, 0x10, 0x3F, 0xFE, 0x50, 0x00,
    0x93, 0xF8, 0x12, 0x08, 0x12, 0x08, 0x13, 0xF8, 0x12, 0x08, 0x12, 0x08, 0x13, 0xF8, 0x12, 0x08,
    0x09, 0x08, 0x08, 0x88, 0x08, 0x90, 0x17, 0xFE, 0x10, 0x90, 0x30, 0x90, 0x33, 0xFC, 0x52, 0x94,
    0x92, 0x94, 0x13, 0x0C, 0x12, 0x04, 0x13, 0xFC, 0x12, 0x04, 0x12, 0x04, 0x13, 0xFC, 0x12, 0x04,
    0x10, 0x20, 0x10, 0x20, 0x10, 0xFC, 0x2E, 0x24, 0x23, 0xFE, 0x62, 0x24, 0x64, 0xFC, 0xA4, 0x20,
    0x2E, 0xFC, 0x22, 0x20, 0x22, 0x20, 0x2B, 0xFE, 0x24, 0x20, 0x26, 0x20, 0x29, 0xFE, 0x30, 0x00,
    0x08, 0x00, 0x0B, 0xFE, 0x08, 0x22, 0x11, 0x20, 0x11, 0x3C, 0x31, 0x20, 0x32, 0xFE, 0x54, 0x00,
    0x91, 0xFC, 0x11, 0x04, 0x11, 0xFC, 0x11, 0x04, 0x11, 0xFC, 0x11, 0x04, 0x11, 0x14, 0x11, 0x08,
    0x10, 0x00, 0x10, 0x80, 0x17, 0xFC, 0x21, 0x10, 0x22, 0x08, 0x6C, 0x86, 0x61, 0xF8, 0xA6, 0x10,
    0x21, 0x60, 0x21, 0xA0, 0x2E, 0x7E, 0x21, 0x84, 0x26, 0x48, 0x20, 0x30, 0x20, 0xC0, 0x2F, 0x00,
    0x11, 0x20, 0x11, 0x24, 0x15, 0xA8, 0x25, 0x30, 0x25, 0x24, 0x65, 0xA4, 0x6E, 0x1C, 0xA0, 0x40,
    0x20, 0x40, 0x27, 0xFC, 0x20, 0xE0, 0x21, 0x50, 0x22, 0x48, 0x2C, 0x46, 0x20, 0x40, 0x20, 0x40,
    0x09, 0x00, 0x09, 0x00, 0x0B, 0xF8, 0x12, 0x08, 0x14, 0x10, 0x3B, 0xFC, 0x32, 0x04, 0x53, 0xFC,
    0x92, 0x04, 0x13, 0xFC, 0x12, 0x04, 0x13, 0xFC, 0x10, 0x00, 0x11, 0x08, 0x12, 0x04, 0x14, 0x02,
    0x10, 0x00, 0x17, 0xFC, 0x10, 0x00, 0x23, 0xF8, 0x22, 0x08, 0x62, 0x08, 0x63, 0xF8, 0xA0, 0x00,
    0x27, 0xFC, 0x24, 0x44, 0x24, 0x44, 0x27, 0xFC, 0x24, 0x44, 0x24, 0x44, 0x27, 0xFC, 0x24, 0x04,
    0x11, 0x10, 0x11, 0x10, 0x12, 0x10, 0x24, 0x7C, 0x29, 0x10, 0x61, 0x10, 0x62, 0xFE, 0xA6, 0x08,
    0x2A, 0x08, 0x22, 0xFE, 0x22, 0x08, 0x22, 0x48, 0x22, 0x28, 0x22, 0x08, 0x22, 0x28, 0x22, 0x10,
    0x11, 0x00, 0x11, 0x00, 0x13, 0xFC, 0x24, 0x94, 0x2B, 0x94, 0x61, 0x64, 0x62, 0x54, 0xA4, 0x84,
    0x21, 0x28, 0x22, 0x10, 0x20, 0x40, 0x21, 0x24, 0x25, 0x2A, 0x25, 0x0A, 0x28, 0xF8, 0x20, 0x00,
    0x08, 0x00, 0x0F, 0xFE, 0x08, 0x40, 0x10, 0x80, 0x13, 0xFC, 0x32, 0x94, 0x32, 0x94, 0x52, 0xF4,
    0x92, 0x94, 0x12, 0x94, 0x12, 0xF4, 0x12, 0x94, 0x12, 0x94, 0x12, 0x94, 0x13, 0xFC, 0x12, 0x04,
    0x08, 0x00, 0x09, 0xF8, 0x09, 0x08, 0x11, 0x08, 0x11, 0xF8, 0x30, 0x00, 0x37, 0xFE, 0x51, 0x08,
    0x91, 0xF8, 0x11, 0x08, 0x11, 0xF8, 0x11, 0x08, 0x11, 0x3E, 0x17, 0xC8, 0x10, 0x08, 0x10, 0x08,
    0x08, 0x80, 0x08, 0x40, 0x0F, 0xFE, 0x10, 0x00, 0x13, 0xF8, 0x32, 0x08, 0x32, 0x08, 0x52, 0x08,
    0x93, 0xF8, 0x10, 0xA4, 0x11, 0x28, 0x13, 0x10, 0x15, 0x10, 0x19, 0x48, 0x11, 0x86, 0x11, 0x00,
    0x09, 0x00, 0x09, 0x3C, 0x0F, 0xD4, 0x11, 0x14, 0x13, 0x94, 0x31, 0x14, 0x37, 0xD4, 0x51, 0x24,
    0x91, 0x4C, 0x10, 0x40, 0x17, 0xFE, 0x10, 0x40, 0x10, 0xA0, 0x11, 0x10, 0x12, 0x08, 0x1C, 0x06,
    0x10, 0x3C, 0x17, 0xE0, 0x14, 0x20, 0x24, 0x20, 0x27, 0xFE, 0x64, 0x20, 0x65, 0xFC, 0xA5, 0x04,
    0x25, 0x04, 0x25, 0xFC, 0x25, 0x04, 0x25, 0xFC, 0x29, 0x04, 0x29, 0x04, 0x31, 0xFC, 0x21, 0x04,
    0x08, 0x00, 0x0B, 0xFC, 0x0A, 0x44, 0x12, 0x44, 0x13, 0xFC, 0x32, 0x44, 0x32, 0x44, 0x53, 0xFC,
    0x90, 0x00, 0x10, 0x40, 0x10, 0x24, 0x15, 0x22, 0x15, 0x0A, 0x19, 0x08, 0x10, 0xF8, 0x10, 0x00,
    0x10, 0x40, 0x14, 0x44, 0x14, 0x44, 0x24, 0x44, 0x27, 0xFC, 0x60, 0x00, 0x6F, 0xFE, 0xA0, 0x40,
    0x20, 0x80, 0x27, 0xFC, 0x24, 0xA4, 0x24, 0xA4, 0x24, 0xA4, 0x24, 0xA4, 0x24, 0xA4, 0x24, 0x0C,
    0x10, 0x02, 0x17, 0xC2, 0x14, 0x42, 0x24, 0x52, 0x27, 0xD2, 0x64, 0x52, 0x64, 0x52, 0xA7, 0xD2,
    0x24, 0x52, 0x24, 0x52, 0x27, 0xD2, 0x20, 0x02, 0x22, 0x82, 0x22, 0x42, 0x24, 0x4A, 0x28, 0x04,
    0x10, 0x40, 0x10, 0x7E, 0x10, 0x40, 0x20, 0x40, 0x27, 0xFC, 0x64, 0x04, 0x64, 0x04, 0xA7, 0xFC,
    0x24, 0x04, 0x27, 0xFC, 0x24, 0x04, 0x24, 0x04, 0x27, 0xFC, 0x21, 0x10, 0x22, 0x08, 0x24, 0x04,
    0x10, 0x00, 0x17, 0xFC, 0x14, 0x44, 0x24, 0x44, 0x27, 0xFC, 0x64, 0x44, 0x64, 0x44, 0xA7, 0xFC,
    0x20, 0x40, 0x2F, 0xFE, 0x28, 0x42, 0x28, 0x52, 0x2B, 0xF2, 0x29, 0x12, 0x28, 0x0A, 0x28, 0x04,
    0x08, 0x40, 0x08, 0xA0, 0x09, 0x10, 0x12, 0x08, 0x15, 0xF6, 0x30, 0x00, 0x33, 0xC4, 0x52, 0x54,
    0x92, 0x54, 0x13, 0xD4, 0x12, 0x54, 0x12, 0x54, 0x13, 0xD4, 0x12, 0x44, 0x12, 0x54, 0x12, 0xC8,
    0x09, 0xC0, 0x08, 0xA0, 0x09, 0x10, 0x12, 0x08, 0x15, 0xF6, 0x30, 0x00, 0x33, 0xCA, 0x52, 0x4A,
    0x92, 0x54, 0x13, 0xD4, 0x12, 0x68, 0x12, 0x54, 0x13, 0xD4, 0x12, 0x4A, 0x12, 0x4A, 0x12, 0xC0,
    0x08, 0x40, 0x08, 0x40, 0x10, 0xFC, 0x10, 0x88, 0x35, 0x50, 0x54, 0x20, 0x94, 0xD8, 0x17, 0x06,
    0x14, 0xF8, 0x14, 0xA8, 0x14, 0xA8, 0x14, 0xA8, 0x14, 0xF8, 0x10, 0xA8, 0x10, 0xA8, 0x10, 0xF8,
    0x09, 0x10, 0x09, 0x10, 0x0B, 0xD8, 0x12, 0x54, 0x14, 0x52, 0x3A, 0x90, 0x31, 0x10, 0x52, 0xFE,
    0x9C, 0x00, 0x13, 0xF8, 0x12, 0x08, 0x12, 0x08, 0x13, 0xF8, 0x12, 0x08, 0x12, 0x08, 0x13, 0xF8,
    0x08, 0x20, 0x09, 0x24, 0x08, 0xA8, 0x10, 0x20, 0x13, 0xFE, 0x30, 0xA8, 0x31, 0x24, 0x52, 0x02,
    0x90, 0x40, 0x17, 0xFE, 0x10, 0x88, 0x11, 0x08, 0x11, 0x90, 0x10, 0x60, 0x11, 0x98, 0x16, 0x04,
    0x08, 0x40, 0x08, 0x40, 0x08, 0x7E, 0x10, 0x40, 0x13, 0xFC, 0x30, 0x04, 0x31, 0xFC, 0x50, 0x04,
    0x93, 0xFC, 0x10, 0x40, 0x12, 0x40, 0x12, 0x7C, 0x12, 0x40, 0x15, 0x40, 0x14, 0xFE, 0x18, 0x00,
    0x08, 0x40, 0x0A, 0x40, 0x09, 0x40, 0x17, 0xF8, 0x10, 0x88, 0x30, 0x90, 0x30, 0xFC, 0x51, 0x04,
    0x91, 0x08, 0x13, 0xFE, 0x12, 0x02, 0x14, 0x2A, 0x1A, 0xAA, 0x12, 0x82, 0x14, 0x14, 0x10, 0x08,
    0x10, 0x40, 0x10, 0x40, 0x17, 0xFC, 0x20, 0x40, 0x22, 0x48, 0x6F, 0xFE, 0x62, 0x08, 0xA0, 0x00,
    0x27, 0xFC, 0x24, 0x04, 0x24, 0x44, 0x24, 0x44, 0x24, 0x44, 0x20, 0xB0, 0x23, 0x0C, 0x2C, 0x02,
    0x08, 0x40, 0x0A, 0x48, 0x09, 0x50, 0x10, 0x40, 0x17, 0xFE, 0x34, 0x02, 0x38, 0x04, 0x51, 0xF0,
    0x90, 0x00, 0x10, 0x00, 0x17, 0xFC, 0x10, 0x80, 0x11, 0x10, 0x12, 0x08, 0x17, 0xFC, 0x12, 0x04,
    0x10, 0x40, 0x10, 0x80, 0x17, 0xFC, 0x24, 0x44, 0x24, 0x44, 0x67, 0xFC, 0x64, 0x44, 0xA4, 0x84,
    0x27, 0xFC, 0x20, 0x80, 0x21, 0x50, 0x21, 0x64, 0x22, 0x7C, 0x24, 0x42, 0x28, 0x42, 0x30, 0x3E,
    0x11, 0x40, 0x16, 0x5C, 0x14, 0x44, 0x24, 0x44, 0x27, 0x5C, 0x64, 0x44, 0x64, 0x44, 0xA7, 0xFC,
    0x20, 0x40, 0x27, 0xFC, 0x22, 0x08, 0x21, 0x10, 0x20, 0xA0, 0x20, 0x40, 0x21, 0xB0, 0x2E, 0x0E,
    0x10, 0x04, 0x10, 0x3E, 0x17, 0xE0, 0x24, 0x3E, 0x24, 0x20, 0x65, 0xFE, 0x65, 0x22, 0xA5, 0x38,
    0x25, 0xE2, 0x25, 0x1E, 0x25, 0x00, 0x29, 0x78, 0x2A, 0x48, 0x32, 0x4A, 0x24, 0x8A, 0x29, 0x06,
    0x08, 0x40, 0x08, 0x40, 0x0F, 0xFC, 0x10, 0x40, 0x13, 0xF8, 0x30, 0x40, 0x37, 0xFE, 0x50, 0x80,
    0x91, 0x10, 0x13, 0xE0, 0x10, 0x48, 0x17, 0xFC, 0x10, 0x44, 0x12, 0x48, 0x15, 0x44, 0x10, 0x80,
    0x10, 0x40, 0x10, 0x40, 0x1F, 0xFE, 0x24, 0x44, 0x22, 0xA8, 0x61, 0x10, 0x62, 0x08, 0xAC, 0x06,
    0x23, 0xF8, 0x22, 0x08, 0x23, 0xF8, 0x22, 0x08, 0x23, 0xF8, 0x22, 0x08, 0x23, 0xF8, 0x22, 0x08,
    0x08, 0x50, 0x08, 0x48, 0x0F, 0xFE, 0x10, 0x40, 0x17, 0xFC, 0x34, 0x44, 0x37, 0xFC, 0x54, 0x44,
    0x97, 0xFC, 0x14, 0x44, 0x10, 0x08, 0x1F, 0xFE, 0x12, 0x08, 0x11, 0x08, 0x11, 0x28, 0x10, 0x10,
    0x10, 0x00, 0x17, 0xFE, 0x14, 0x20, 0x24, 0x40, 0x25, 0xFC, 0x65, 0x04, 0x65, 0xFC, 0xA5, 0x04,
    0x25, 0xFC, 0x25, 0x24, 0x24, 0x20, 0x24, 0xA8, 0x29, 0x24, 0x2A, 0x22, 0x30, 0xA0, 0x20, 0x40,
    0x09, 0x08, 0x09, 0x08, 0x0F, 0xFE, 0x11, 0x08, 0x10, 0x00, 0x37, 0xFE, 0x31, 0x08, 0x51, 0xF8,
    0x91, 0x08, 0x11, 0xF8, 0x11, 0x08, 0x11, 0x3E, 0x17, 0xC8, 0x10, 0x08, 0x10, 0x08, 0x10, 0x08,
    0x10, 0x00, 0x17, 0xFC, 0x10, 0xA0, 0x20, 0xA0, 0x27, 0xFC, 0x64, 0xA4, 0x64, 0xA4, 0xA7, 0xFC,
    0x20, 0x40, 0x20, 0x40, 0x27, 0xFC, 0x20, 0xE0, 0x21, 0x50, 0x22, 0x48, 0x2C, 0x46, 0x20, 0x40,
    0x08, 0x00, 0x0B, 0xFE, 0x0A, 0x00, 0x12, 0xFC, 0x12, 0x00, 0x33, 0xFE, 0x32, 0xA8, 0x52, 0x90,
    0x92, 0xC8, 0x12, 0x86, 0x12, 0x08, 0x13, 0xFE, 0x12, 0x88, 0x14, 0x48, 0x14, 0x08, 0x18, 0x18,
    0x08, 0x00, 0x09, 0xF8, 0x09, 0x08, 0x11, 0x08, 0x11, 0xF8, 0x30, 0x00, 0x33, 0xFC, 0x52, 0x04,
    0x93, 0xFC, 0x12, 0x04, 0x13, 0xFC, 0x12, 0x04, 0x13, 0xFC, 0x10, 0x90, 0x11, 0x08, 0x12, 0x04,
    0x09, 0x10, 0x09, 0x10, 0x0F, 0xFC, 0x11, 0x10, 0x13, 0xF8, 0x31, 0x10, 0x37, 0xFC, 0x50, 0x40,
    0x93, 0xF8, 0x12, 0x48, 0x13, 0xF8, 0x12, 0x48, 0x17, 0xFE, 0x12, 0x08, 0x12, 0x28, 0x12, 0x10,
    0x08, 0x00, 0x0B, 0xFC, 0x0A, 0x40, 0x13, 0xF8, 0x12, 0x40, 0x33, 0xF8, 0x32, 0x40, 0x52, 0x40,
    0x93, 0xFC, 0x10, 0x04, 0x15, 0x54, 0x15, 0x54, 0x15, 0x54, 0x14, 0x04, 0x10, 0x28, 0x10, 0x10,
    0x10, 0x80, 0x10, 0x40, 0x17, 0xFC, 0x22, 0x08, 0x21, 0x10, 0x67, 0xFE, 0x64, 0x02, 0xA8, 0x84,
    0x20, 0x40, 0x27, 0xFC, 0x21, 0x00, 0x21, 0xF8, 0x21, 0x08, 0x22, 0x08, 0x22, 0x28, 0x24, 0x10,
    0x10, 0x40, 0x10, 0x40, 0x17, 0xFC, 0x20, 0x40, 0x23, 0xF8, 0x62, 0x08, 0x63, 0xF8, 0xA2, 0x08,
    0x23, 0xF8, 0x22, 0x08, 0x23, 0xF8, 0x22, 0x08, 0x2F, 0xFE, 0x21, 0x10, 0x22, 0x08, 0x24, 0x04,
    0x10, 0x40, 0x10, 0x20, 0x17, 0xFE, 0x24, 0x20, 0x25, 0xFC, 0x64, 0x24, 0x67, 0xFE, 0xA4, 0x24,
    0x25, 0xFC, 0x24, 0x20, 0x25, 0xFC, 0x25, 0x04, 0x25, 0x04, 0x29, 0x04, 0x29, 0xFC, 0x31, 0x04,
    0x10, 0x80, 0x10, 0x40, 0x17, 0xFE, 0x20, 0x00, 0x23, 0xF8, 0x62, 0x08, 0x63, 0xF8, 0xA0, 0x00,
    0x27, 0xFC, 0x24, 0x04, 0x25, 0xF4, 0x25, 0x14, 0x25, 0xF4, 0x24, 0x04, 0x24, 0x14, 0x24, 0x08,
    0x12, 0x08, 0x12, 0x08, 0x13, 0xBE, 0x24, 0x88, 0x2A, 0xA8, 0x61, 0x3E, 0x62, 0x08, 0xA4, 0x48,
    0x28, 0x48, 0x27, 0xFC, 0x20, 0xE0, 0x21, 0x50, 0x22, 0x48, 0x2C, 0x46, 0x20, 0x40, 0x20, 0x40,
    0x08, 0x3C, 0x0F, 0xC0, 0x0A, 0x44, 0x11, 0x28, 0x10, 0x80, 0x31, 0x10, 0x33, 0xE0, 0x50, 0x40,
    0x91, 0x88, 0x13, 0xFC, 0x10, 0x44, 0x10, 0x40, 0x17, 0xFC, 0x10, 0xA0, 0x11, 0x10, 0x16, 0x0E,
    0x10, 0x80, 0x10, 0x40, 0x17, 0xFE, 0x24, 0x02, 0x24, 0x02, 0x67, 0xFE, 0x64, 0x00, 0xA7, 0xDE,
    0x24, 0x42, 0x26, 0x52, 0x25, 0x4A, 0x24, 0xC6, 0x2B, 0x5A, 0x28, 0x42, 0x31, 0x4A, 0x20, 0x84,
    0x0A, 0x08, 0x09, 0x10, 0x08, 0x00, 0x17, 0xFE, 0x10, 0xA0, 0x37, 0xFC, 0x30, 0xA4, 0x5F, 0xFE,
    0x90, 0xA4, 0x17, 0xFC, 0x10, 0xA0, 0x11, 0xB0, 0x12, 0xA8, 0x1C, 0xA6, 0x10, 0xA0, 0x10, 0xA0,
    0x10, 0x80, 0x10, 0x80, 0x17, 0xFE, 0x25, 0x22, 0x21, 0x10, 0x63, 0xFC, 0x66, 0x20, 0xAA, 0x20,
    0x23, 0xFC, 0x22, 0x20, 0x22, 0x20, 0x23, 0xFC, 0x22, 0x20, 0x22, 0x20, 0x23, 0xFE, 0x22, 0x00,
    0x08, 0x40, 0x08, 0x40, 0x08, 0xA0, 0x11, 0x90, 0x12, 0x48, 0x37, 0xFE, 0x3A, 0x08, 0x53, 0xF8,
    0x92, 0x08, 0x13, 0xF8, 0x12, 0x00, 0x13, 0xF8, 0x15, 0x08, 0x15, 0x08, 0x19, 0xF8, 0x11, 0x08,
    0x08, 0x80, 0x08, 0x40, 0x0F, 0xFC, 0x10, 0x80, 0x11, 0x08, 0x33, 0xF0, 0x30, 0x60, 0x51, 0x84,
    0x97, 0xFE, 0x10, 0x02, 0x17, 0xFC, 0x14, 0x44, 0x17, 0xFC, 0x14, 0x44, 0x17, 0xFC, 0x14, 0x04,
    0x01, 0x00, 0x02, 0x80, 0x04, 0x40, 0x08, 0x20, 0x31, 0x18, 0xD1, 0x16, 0x11, 0x10, 0x29, 0x28,
    0x45, 0x44, 0x11, 0x10, 0x29, 0x28, 0x45, 0x44, 0xFF, 0xFE, 0x01, 0x00, 0x01, 0x00, 0x01, 0x00,
    0x08, 0x88, 0x08, 0x88, 0x0B, 0xFE, 0x10, 0x88, 0x10, 0x88, 0x37, 0xFE, 0x30, 0x80, 0x51, 0xFC,
    0x93, 0x24, 0x15, 0xFC, 0x11, 0x24, 0x11, 0xFC, 0x11, 0x24, 0x11, 0x24, 0x11, 0x24, 0x11, 0x0C,
    0x14, 0x10, 0x12, 0x10, 0x12, 0x10, 0x2F, 0xA0, 0x20, 0x3E, 0x65, 0x44, 0x64, 0xA4, 0xA8, 0xA4,
    0x31, 0x28, 0x25, 0x28, 0x22, 0x10, 0x22, 0x10, 0x25, 0x28, 0x29, 0x28, 0x30, 0x44, 0x20, 0x82,
    0x08, 0x40, 0x08, 0x20, 0x0B, 0xFE, 0x12, 0x02, 0x14, 0x94, 0x31, 0x08, 0x32, 0x64, 0x50, 0x90,
    0x91, 0x08, 0x12, 0x04, 0x15, 0xFA, 0x11, 0x08, 0x11, 0x08, 0x11, 0x08, 0x11, 0xF8, 0x11, 0x08,
    0x10, 0x04, 0x10, 0x3E, 0x17, 0xC0, 0x22, 0x44, 0x21, 0x24, 0x61, 0x28, 0x62, 0x00, 0xA3, 0xFC,
    0x24, 0x40, 0x20, 0x40, 0x2F, 0xFE, 0x20, 0x40, 0x24, 0x44, 0x24, 0x44, 0x27, 0xFC, 0x20, 0x04,
    0x08, 0x00, 0x0B, 0xF8, 0x0A, 0x08, 0x13, 0xF8, 0x12, 0x08, 0x33, 0xF8, 0x30, 0x00, 0x50, 0x00,
    0x97, 0xBC, 0x10, 0x84, 0x14, 0xA4, 0x12, 0x94, 0x14, 0xA4, 0x10, 0x84, 0x12, 0x94, 0x11, 0x08,
    0x09, 0x08, 0x08, 0x88, 0x08, 0x90, 0x13, 0xFC, 0x10, 0x40, 0x31, 0xF8, 0x30, 0x40, 0x53, 0xFE,
    0x90, 0x80, 0x11, 0x00, 0x11, 0xFC, 0x12, 0x20, 0x14, 0x20, 0x18, 0x20, 0x13, 0xFE, 0x10, 0x00,
    0x09, 0x20, 0x09, 0x10, 0x0A, 0x08, 0x14, 0x86, 0x19, 0x10, 0x33, 0xF8, 0x30, 0x08, 0x50, 0x00,
    0x97, 0xBC, 0x10, 0x84, 0x14, 0xA4, 0x12, 0x94, 0x14, 0xA4, 0x10, 0x84, 0x12, 0x94, 0x11, 0x08,
    0x12, 0x04, 0x11, 0x04, 0x11, 0x04, 0x2F, 0xC4, 0x20, 0x3E, 0x67, 0x84, 0x60, 0x04, 0xA7, 0xA4,
    0x20, 0x14, 0x27, 0x94, 0x24, 0x84, 0x24, 0x84, 0x24, 0x84, 0x27, 0x84, 0x24, 0x94, 0x20, 0x08,
    0x14, 0x10, 0x12, 0x08, 0x12, 0x08, 0x2F, 0xBE, 0x20, 0x00, 0x60, 0x82, 0x68, 0xA2, 0xA8, 0xA2,
    0x24, 0x92, 0x25, 0x12, 0x25, 0x14, 0x21, 0x14, 0x22, 0x04, 0x21, 0x88, 0x2E, 0x3E, 0x24, 0x00,
    0x10, 0x80, 0x10, 0x40, 0x17, 0xFC, 0x24, 0x04, 0x20, 0x00, 0x63, 0xF8, 0x60, 0x80, 0xA1, 0x44,
    0x26, 0x68, 0x20, 0xB0, 0x21, 0x28, 0x26, 0x68, 0x20, 0xA4, 0x21, 0x22, 0x26, 0xA0, 0x20, 0x40,
    0x08, 0x40, 0x08, 0x40, 0x0F, 0xFC, 0x10, 0x40, 0x13, 0xF8, 0x30, 0x80, 0x37, 0xFC, 0x51, 0x10,
    0x92, 0x48, 0x14, 0x46, 0x12, 0x48, 0x11, 0x50, 0x12, 0x48, 0x14, 0x44, 0x11, 0x40, 0x10, 0x80,
    0x11, 0x10, 0x11, 0x14, 0x17, 0xD2, 0x21, 0x10, 0x2F, 0xFE, 0x62, 0x10, 0x62, 0x10, 0xAF, 0xD4,
    0x24, 0x14, 0x29, 0x14, 0x2F, 0xD4, 0x21, 0x08, 0x21, 0xCA, 0x2F, 0x1A, 0x25, 0x26, 0x21, 0x42,
    0x08, 0x40, 0x0A, 0x48, 0x09, 0x50, 0x10, 0x40, 0x17, 0xFE, 0x34, 0x02, 0x38, 0x04, 0x53, 0xF8,
    0x92, 0x08, 0x12, 0x08, 0x13, 0xF8, 0x10, 0xA0, 0x11, 0x20, 0x11, 0x24, 0x12, 0x24, 0x14, 0x1C,
    0x08, 0x00, 0x09, 0xF8, 0x09, 0x08, 0x11, 0xE8, 0x11, 0x28, 0x37, 0xFE, 0x34, 0x02, 0x51, 0xF8,
    0x91, 0x08, 0x11, 0xF8, 0x11, 0x08, 0x11, 0xF8, 0x11, 0x08, 0x11, 0x08, 0x11, 0x28, 0x11, 0x10,
    0x10, 0x80, 0x10, 0x40, 0x17, 0xFE, 0x24, 0x02, 0x28, 0x14, 0x63, 0xE0, 0x62, 0x00, 0xA2, 0x00,
    0x23, 0xFC, 0x22, 0x10, 0x22, 0x10, 0x2F, 0xFE, 0x20, 0x00, 0x21, 0x10, 0x22, 0x08, 0x24, 0x04,
    0x10, 0x20, 0x10, 0x20, 0x18, 0xFA, 0x24, 0x24, 0x24, 0x28, 0x61, 0xFE, 0x60, 0x20, 0xBC, 0x40,
    0x24, 0xFC, 0x25, 0x44, 0x26, 0x44, 0x24, 0x7C, 0x25, 0x44, 0x26, 0x44, 0x24, 0x7C, 0x20, 0x44,
    0x10, 0x28, 0x10, 0x24, 0x17, 0x40, 0x21, 0x7E, 0x21, 0xC8, 0x69, 0x48, 0x65, 0x7E, 0xA5, 0x48,
    0x22, 0x48, 0x22, 0x7E, 0x25, 0x48, 0x25, 0x48, 0x29, 0x48, 0x20, 0x7E, 0x20, 0x40, 0x20, 0x40,
    0x10, 0x80, 0x11, 0x10, 0x13, 0xF8, 0x22, 0x10, 0x24, 0xA4, 0x6F, 0xBE, 0x60, 0x42, 0xA0, 0xA0,
    0x23, 0x18, 0x2C, 0x46, 0x21, 0x90, 0x26, 0x64, 0x21, 0x88, 0x26, 0x30, 0x21, 0xC0, 0x2E, 0x00,
    0x10, 0x00, 0x17, 0xFC, 0x14, 0x44, 0x27, 0xFC, 0x24, 0x44, 0x67, 0xFC, 0x61, 0x00, 0xA2, 0x10,
    0x27, 0xE0, 0x20, 0xC8, 0x23, 0x04, 0x2F, 0xFE, 0x20, 0x42, 0x22, 0x48, 0x25, 0x44, 0x28, 0x82,
    0x08, 0x20, 0x0A, 0x22, 0x0B, 0xFE, 0x10, 0x90, 0x10, 0x88, 0x31, 0xFE, 0x33, 0x10, 0x55, 0x10,
    0x91, 0xFE, 0x11, 0x10, 0x11, 0x10, 0x11, 0xFE, 0x11, 0x10, 0x11, 0x10, 0x11, 0xFE, 0x11, 0x00,
    0x10, 0x20, 0x17, 0xFE, 0x14, 0x20, 0x25, 0xFC, 0x24, 0x24, 0x67, 0xFE, 0x64, 0x24, 0xA5, 0xFC,
    0x24, 0x20, 0x25, 0xFC, 0x25, 0x24, 0x25, 0xFC, 0x25, 0x24, 0x29, 0xFC, 0x29, 0x24, 0x31, 0x2C,
    0x08, 0xA0, 0x08, 0xA0, 0x0F, 0xFE, 0x10, 0xA0, 0x17, 0xFC, 0x34, 0xA4, 0x37, 0xFC, 0x54, 0xA4,
    0x97, 0xFC, 0x10, 0x00, 0x13, 0xF8, 0x12, 0x08, 0x13, 0xF8, 0x12, 0x08, 0x13, 0xF8, 0x12, 0x08,
    0x08, 0x40, 0x08, 0x80, 0x0B, 0xFC, 0x12, 0x44, 0x12, 0xF4, 0x33, 0x14, 0x32, 0xA4, 0x52, 0x44,
    0x92, 0xA4, 0x13, 0xFC, 0x10, 0x40, 0x10, 0x24, 0x15, 0x22, 0x15, 0x0A, 0x19, 0x08, 0x10, 0xF8,
    0x10, 0x40, 0x14, 0x44, 0x14, 0x44, 0x27, 0xFC, 0x20, 0x00, 0x67, 0xBC, 0x64, 0xA4, 0xA4, 0xA4,
    0x27, 0xBC, 0x24, 0xA4, 0x24, 0xA4, 0x27, 0xBC, 0x24, 0xA4, 0x24, 0xA4, 0x2A, 0xB4, 0x31, 0x48,
    0x11, 0x24, 0x11, 0x24, 0x12, 0x24, 0x24, 0x24, 0x29, 0x54, 0x61, 0x4A, 0x62, 0x92, 0xA6, 0x10,
    0x2A, 0x10, 0x22, 0x50, 0x22, 0x5C, 0x22, 0x50, 0x22, 0x50, 0x22, 0xB0, 0x22, 0x9E, 0x23, 0x00,
    0x12, 0x10, 0x12, 0x10, 0x1F, 0xD0, 0x22, 0x20, 0x2F, 0xBE, 0x62, 0x44, 0xBF, 0xA4, 0x24, 0x24,
    0x24, 0x24, 0x27, 0xA8, 0x24, 0xA8, 0x24, 0x90, 0x24, 0xA8, 0x29, 0xA8, 0x28, 0x44, 0x30, 0x82,
    0x10, 0x40, 0x1F, 0xFE, 0x10, 0x40, 0x27, 0xFC, 0x24, 0x44, 0x67, 0xFC, 0x64, 0x44, 0xA7, 0xFC,
    0x20, 0x42, 0x2F, 0xFE, 0x20, 0x10, 0x2F, 0xFE, 0x22, 0x10, 0x21, 0x10, 0x21, 0x50, 0x20, 0x20,
    0x10, 0x00, 0x17, 0xFC, 0x14, 0x00, 0x24, 0xF8, 0x24, 0x88, 0x64, 0x88, 0x64, 0xF8, 0xA4, 0x00,
    0x25, 0xDC, 0x25, 0x54, 0x25, 0x54, 0x25, 0x54, 0x25, 0xDC, 0x24, 0x00, 0x27, 0xFE, 0x20, 0x00,
    0x08, 0x20, 0x0B, 0xFE, 0x08, 0x20, 0x11, 0xFC, 0x10, 0x20, 0x33, 0xFE, 0x30, 0x00, 0x51, 0xFC,
    0x91, 0x04, 0x11, 0xFC, 0x11, 0x04, 0x11, 0xFC, 0x11, 0x04, 0x11, 0xFC, 0x10, 0x88, 0x11, 0x04,
    0x10, 0x14, 0x10, 0x12, 0x10, 0x10, 0x27, 0xFE, 0x24, 0x10, 0x64, 0x90, 0x64, 0xD2, 0xA4, 0x92,
    0x27, 0xF2, 0x24, 0x94, 0x24, 0x94, 0x25, 0xC8, 0x2A, 0xAA, 0x28, 0x9A, 0x31, 0xA6, 0x20, 0x42,
    0x09, 0x00, 0x09, 0xFC, 0x0A, 0x00, 0x15, 0xF8, 0x11, 0x08, 0x31, 0xF8, 0x31, 0x08, 0x51, 0xF8,
    0x90, 0x00, 0x17, 0xFE, 0x11, 0x00, 0x13, 0xFC, 0x14, 0xA4, 0x11, 0x24, 0x12, 0x54, 0x10, 0x88,
    0x10, 0x40, 0x10, 0x40, 0x17, 0xFC, 0x20, 0x40, 0x25, 0x54, 0x62, 0x48, 0x65, 0x54, 0xA0, 0x40,
    0x25, 0x54, 0x22, 0x48, 0x25, 0x54, 0x20, 0xA0, 0x20, 0xA0, 0x21, 0x10, 0x22, 0x08, 0x2C, 0x06,
    0x08, 0x80, 0x08, 0x40, 0x0B, 0xF8, 0x11, 0x10, 0x10, 0xA0, 0x37, 0xFE, 0x30, 0x00, 0x53, 0xF8,
    0x92, 0x08, 0x13, 0xF8, 0x12, 0x08, 0x13, 0xF8, 0x11, 0x20, 0x11, 0x22, 0x12, 0x22, 0x1C, 0x1E,
    0x09, 0x00, 0x09, 0x10, 0x0B, 0xDC, 0x12, 0x54, 0x15, 0x54, 0x32, 0x88, 0x31, 0x08, 0x52, 0xF4,
    0x94, 0x02, 0x10, 0x00, 0x13, 0xFC, 0x10, 0x40, 0x11, 0x50, 0x12, 0x48, 0x15, 0x44, 0x10, 0x80,
    0x08, 0x40, 0x08, 0x80, 0x0B, 0xFC, 0x12, 0x94, 0x12, 0x64, 0x32, 0x94, 0x33, 0xFC, 0x50, 0x90,
    0x91, 0x08, 0x12, 0x84, 0x14, 0xFA, 0x11, 0x08, 0x12, 0x90, 0x10, 0x60, 0x11, 0x98, 0x16, 0x06,
    0x11, 0x10, 0x11, 0x10, 0x17, 0xFE, 0x21, 0x10, 0x21, 0xF0, 0x60, 0x40, 0x63, 0xF8, 0xA2, 0x48,
    0x23, 0xF8, 0x20, 0x40, 0x27, 0xFC, 0x20, 0x40, 0x2F, 0xFE, 0x20, 0xA0, 0x21, 0x10, 0x26, 0x0C,
    0x10, 0x40, 0x17, 0xFC, 0x11, 0x10, 0x20, 0xA0, 0x2F, 0xFE, 0x60, 0x00, 0x63, 0xF8, 0xA2, 0x08,
    0x23, 0xF8, 0x22, 0x08, 0x23, 0xF8, 0x20, 0x40, 0x2F, 0xFE, 0x20, 0x40, 0x20, 0x40, 0x20, 0x40,
    0x10, 0x00, 0x11, 0xFE, 0x10, 0x10, 0x24, 0x20, 0x24, 0xFC, 0x64, 0x84, 0x67, 0x84, 0xA4, 0xFC,
    0x24, 0x84, 0x24, 0xFC, 0x25, 0x84, 0x26, 0x84, 0x24, 0xFC, 0x20, 0x48, 0x20, 0x84, 0x21, 0x02,
    0x10, 0x00, 0x17, 0xFC, 0x10, 0x40, 0x22, 0x78, 0x22, 0x40, 0x6F, 0xFE, 0x61, 0x00, 0xA1, 0xFC,
    0x22, 0x00, 0x23, 0xFC, 0x20, 0x04, 0x25, 0x54, 0x25, 0x54, 0x28, 0x04, 0x20, 0x28, 0x20, 0x10,
    0x12, 0xA8, 0x12, 0xA8, 0x17, 0xFC, 0x22, 0xA8, 0x22, 0xAA, 0x64, 0xE6, 0x68, 0x00, 0xA7, 0xFC,
    0x24, 0x44, 0x20, 0x40, 0x23, 0xF8, 0x22, 0x48, 0x22, 0x48, 0x22, 0x48, 0x22, 0x58, 0x20, 0x40,
    0x10, 0x08, 0x10, 0x3C, 0x17, 0xC0, 0x20, 0x40, 0x22, 0x48, 0x61, 0x50, 0x6F, 0xFE, 0xA1, 0x50,
    0x22, 0x48, 0x2C, 0x46, 0x20, 0x80, 0x20, 0x44, 0x2A, 0x42, 0x2A, 0x12, 0x31, 0xF0, 0x20, 0x00,
    0x10, 0x40, 0x13, 0xF8, 0x12, 0x48, 0x2F, 0xFE, 0x22, 0x48, 0x63, 0xF8, 0x60, 0x40, 0xA3, 0xF8,
    0x22, 0x48, 0x23, 0xF8, 0x20, 0x80, 0x2F, 0xFE, 0x21, 0x10, 0x20, 0xE0, 0x23, 0x18, 0x2C, 0x04,
    0x11, 0x10, 0x11, 0x10, 0x1F, 0xFE, 0x21, 0x10, 0x24, 0x00, 0x67, 0xFC, 0x68, 0x04, 0xB7, 0xF4,
    0x24, 0x94, 0x27, 0xF4, 0x24, 0x94, 0x27, 0xF4, 0x24, 0x94, 0x24, 0x94, 0x24, 0x34, 0x20, 0x08,
    0x10, 0x00, 0x1F, 0xFE, 0x10, 0xA0, 0x27, 0xFC, 0x24, 0xA4, 0x64, 0xA4, 0x67, 0xFC, 0xA0, 0x00,
    0x27, 0xFC, 0x20, 0x00, 0x2F, 0xFE, 0x20, 0x40, 0x22, 0x48, 0x24, 0x44, 0x29, 0x42, 0x20, 0x80,
    0x11, 0x10, 0x11, 0x10, 0x1F, 0xFE, 0x21, 0x10, 0x21, 0xF0, 0x60, 0x40, 0x67, 0xFC, 0xA4, 0x44,
    0x27, 0xFC, 0x20, 0x40, 0x2F, 0xFE, 0x20, 0x40, 0x27, 0xFC, 0x20, 0x40, 0x2F, 0xFE, 0x20, 0x00,
    0x10, 0x20, 0x18, 0x20, 0x15, 0xFE, 0x24, 0x20, 0x21, 0xFC, 0x61, 0x24, 0x6D, 0xFC, 0xA5, 0x24,
    0x25, 0xFC, 0x24, 0x20, 0x25, 0xFE, 0x24, 0x20, 0x24, 0x20, 0x2A, 0x20, 0x31, 0xFE, 0x20, 0x00,
    0x08, 0x00, 0x0F, 0xBC, 0x08, 0x84, 0x14, 0xA4, 0x12, 0x94, 0x34, 0xA4, 0x30, 0x50, 0x51, 0x88,
    0x96, 0x26, 0x10, 0xC0, 0x13, 0x10, 0x10, 0x64, 0x13, 0x88, 0x10, 0x30, 0x10, 0xC0, 0x17, 0x00,
    0x13, 0xF8, 0x12, 0x08, 0x13, 0xF8, 0x22, 0x08, 0x23, 0xF8, 0x60, 0x00, 0x67, 0xFC, 0xA4, 0xA4,
    0x24, 0xA4, 0x27, 0xFC, 0x20, 0x00, 0x23, 0xF8, 0x21, 0x10, 0x20, 0xE0, 0x23, 0x18, 0x2C, 0x06,
    0x01, 0x00, 0x02, 0x80, 0x04, 0x40, 0x08, 0x20, 0x37, 0xD8, 0xC0, 0x06, 0x00, 0x00, 0x3E, 0xF8,
    0x22, 0x88, 0x22, 0x88, 0x3E, 0xF8, 0x08, 0x20, 0x08, 0x20, 0x14, 0x50, 0x22, 0x88, 0x41, 0x04,
    0x10, 0x00, 0x17, 0xFC, 0x10, 0xA0, 0x27, 0xFC, 0x24, 0xA4, 0x67, 0xFC, 0x60, 0x40, 0xAF, 0xFE,
    0x21, 0x10, 0x22, 0x08, 0x27, 0xF6, 0x2A, 0x10, 0x23, 0xF0, 0x22, 0x04, 0x22, 0x04, 0x21, 0xFC,
    0x08, 0x40, 0x08, 0xA0, 0x09, 0x10, 0x12, 0x48, 0x1D, 0xF6, 0x30, 0x20, 0x30, 0x40, 0x53, 0xF8,
    0x92, 0x08, 0x13, 0xF8, 0x12, 0x08, 0x13, 0xF8, 0x12, 0x08, 0x13, 0xF8, 0x11, 0x10, 0x12, 0x08,
    0x12, 0x10, 0x12, 0x10, 0x1F, 0x90, 0x22, 0x20, 0x2F, 0xBE, 0x6A, 0xC4, 0x6A, 0xA4, 0xAF, 0xA4,
    0x2A, 0xA4, 0x2A, 0xA8, 0x2F, 0xA8, 0x22, 0x10, 0x3F, 0xA8, 0x22, 0x28, 0x22, 0x44, 0x22, 0x82,
    0x11, 0xC8, 0x17, 0x08, 0x11, 0x08, 0x2F, 0xE8, 0x21, 0x1E, 0x67, 0xCA, 0x65, 0x4A, 0xA7, 0xCA,
    0x25, 0x4A, 0x27, 0xCA, 0x21, 0x0A, 0x27, 0xCA, 0x21, 0x12, 0x21, 0xD2, 0x2E, 0x2A, 0x24, 0x44,
    0x10, 0x00, 0x17, 0xBC, 0x14, 0xA4, 0x27, 0xBC, 0x24, 0x20, 0x64, 0xA4, 0x63, 0x9C, 0xA0, 0x00,
    0x21, 0x10, 0x27, 0xFC, 0x21, 0x10, 0x21, 0x10, 0x2F, 0xFE, 0x21, 0x10, 0x22, 0x08, 0x24, 0x04,
    0x09, 0x00, 0x09, 0xF0, 0x0A, 0x10, 0x17, 0xFC, 0x1A, 0x24, 0x32, 0x44, 0x33, 0xFC, 0x50, 0x80,
    0x91, 0x44, 0x16, 0xA8, 0x11, 0x30, 0x16, 0x68, 0x10, 0xA8, 0x11, 0x24, 0x16, 0xA2, 0x10, 0x40,
    0x08, 0x88, 0x08, 0x50, 0x0B, 0xFE, 0x10, 0x20, 0x11, 0xFC, 0x30, 0x20, 0x33, 0xFE, 0x51, 0x24,
    0x90, 0xA8, 0x17, 0xFE, 0x10, 0x00, 0x11, 0xFC, 0x11, 0x04, 0x11, 0x04, 0x11, 0xFC, 0x11, 0x04,
    0x10, 0x38, 0x13, 0xC0, 0x10, 0x80, 0x27, 0xFE, 0x21, 0x10, 0x62, 0x08, 0x65, 0xF6, 0xA9, 0x10,
    0x21, 0xF0, 0x20, 0x00, 0x27, 0xFC, 0x24, 0x04, 0x25, 0xF4, 0x25, 0x14, 0x25, 0xF4, 0x24, 0x0C,
    0x10, 0x80, 0x10, 0x40, 0x17, 0xFC, 0x25, 0x14, 0x22, 0x08, 0x63, 0xF8, 0x60, 0x88, 0xA7, 0xFE,
    0x20, 0x88, 0x23, 0xF8, 0x21, 0x00, 0x23, 0xF8, 0x25, 0x08, 0x29, 0x08, 0x21, 0xF8, 0x21, 0x08,
    0x08, 0x40, 0x0B, 0xF8, 0x0A, 0x48, 0x13, 0xF8, 0x10, 0x40, 0x37, 0xFE, 0x30, 0x00, 0x53, 0xF8,
    0x92, 0x08, 0x13, 0xF8, 0x12, 0x08, 0x13, 0xF8, 0x12, 0x08, 0x13, 0xF8, 0x11, 0x10, 0x12, 0x08,
    0x09, 0x08, 0x08, 0x90, 0x0F, 0xFE, 0x10, 0x90, 0x13, 0xFC, 0x32, 0x94, 0x33, 0x1C, 0x52, 0x04,
    0x93, 0xFC, 0x12, 0x04, 0x13, 0xFC, 0x10, 0x08, 0x17, 0xFE, 0x11, 0x08, 0x10, 0xA8, 0x10, 0x10,
    0x10, 0xA0, 0x14, 0xA4, 0x12, 0xA8, 0x20, 0xA0, 0x27, 0xFC, 0x61, 0x10, 0x60, 0xA0, 0xA7, 0xFC,
    0x20, 0x40, 0x23, 0xF8, 0x20, 0x40, 0x27, 0xFC, 0x20, 0xA0, 0x21, 0x10, 0x22, 0x08, 0x2C, 0x06,
    0x10, 0x40, 0x17, 0xFC, 0x10, 0x40, 0x23, 0xF8, 0x20, 0x00, 0x63, 0xF8, 0x62, 0x08, 0xA3, 0xF8,
    0x21, 0x10, 0x2F, 0xFE, 0x20, 0x00, 0x23, 0xF8, 0x22, 0x08, 0x22, 0x08, 0x23, 0xF8, 0x22, 0x08,
    0x08, 0x88, 0x0A, 0xAA, 0x0A, 0xDC, 0x14, 0x88, 0x11, 0x54, 0x32, 0x22, 0x30, 0x00, 0x53, 0xFE,
    0x92, 0x42, 0x14, 0x44, 0x13, 0xFC, 0x10, 0x44, 0x10, 0x44, 0x10, 0x84, 0x11, 0x14, 0x12, 0x08,
    0x22, 0x08, 0x32, 0x48, 0x2A, 0x48, 0x4A, 0x90, 0x42, 0x1E, 0x5F, 0xE4, 0xD0, 0x54, 0x50, 0x54,
    0x57, 0x54, 0x55, 0x54, 0x55, 0x54, 0x55, 0x48, 0x57, 0x48, 0x50, 0x54, 0x51, 0x54, 0x50, 0xA2,
    0x11, 0x10, 0x11, 0x10, 0x17, 0xFC, 0x21, 0x10, 0x21, 0x10, 0x6F, 0xFE, 0x60, 0x40, 0xA7, 0xFC,
    0x24, 0x44, 0x27, 0xFC, 0x24, 0x44, 0x27, 0xFC, 0x20, 0x00, 0x21, 0x10, 0x22, 0x08, 0x24, 0x04,
    0x10, 0x40, 0x10, 0x40, 0x17, 0xFC, 0x20, 0xA0, 0x25, 0x14, 0x62, 0x08, 0x67, 0xFC, 0xAA, 0x0A,
    0x23, 0xF8, 0x22, 0x08, 0x23, 0xF8, 0x20, 0x40, 0x22, 0x48, 0x24, 0x44, 0x29, 0x44, 0x20, 0x80,
    0x15, 0x10, 0x15, 0x10, 0x15, 0x10, 0x2F, 0x90, 0x25, 0x3E, 0x67, 0x22, 0x65, 0x44, 0xA7, 0x90,
    0x25, 0x10, 0x25, 0x10, 0x2F, 0x90, 0x20, 0x28, 0x25, 0x28, 0x28, 0xA4, 0x30, 0x44, 0x20, 0x82,
    0x10, 0x20, 0x17, 0xA4, 0x10, 0xA8, 0x22, 0x92, 0x21, 0x14, 0x62, 0x08, 0x65, 0xF4, 0xA8, 0x02,
    0x23, 0xF8, 0x22, 0x08, 0x22, 0x08, 0x23, 0xF8, 0x22, 0x08, 0x21, 0x10, 0x2F, 0xFE, 0x20, 0x00,
    0x17, 0xFC, 0x14, 0x04, 0x17, 0xFC, 0x24, 0x00, 0x25, 0xF8, 0x64, 0x10, 0x67, 0xFE, 0xA4, 0x20,
    0x24, 0x60, 0x27, 0x9C, 0x24, 0x84, 0x25, 0x08, 0x29, 0xDE, 0x2F, 0x08, 0x31, 0x08, 0x23, 0x18,
    0x10, 0x04, 0x10, 0x3E, 0x17, 0xC0, 0x22, 0x44, 0x21, 0x28, 0x63, 0xF8, 0x62, 0x08, 0xA3, 0xFC,
    0x22, 0x04, 0x23, 0xFE, 0x24, 0x02, 0x26, 0xAA, 0x2A, 0xAA, 0x2A, 0x02, 0x30, 0x14, 0x20, 0x08,
    0x12, 0x48, 0x12, 0x48, 0x15, 0x54, 0x27, 0x5C, 0x22, 0x48, 0x65, 0x54, 0x67, 0x5C, 0xA2, 0x48,
    0x2F, 0xFE, 0x22, 0x20, 0x22, 0x28, 0x22, 0x28, 0x25, 0x14, 0x24, 0x94, 0x24, 0x2C, 0x28, 0x44,
    0x08, 0x78, 0x0F, 0xC0, 0x0A, 0x48, 0x11, 0x50, 0x17, 0xFC, 0x31, 0x50, 0x32, 0x48, 0x54, 0x06,
    0x93, 0xF8, 0x12, 0x48, 0x12, 0x48, 0x13, 0xF8, 0x12, 0x48, 0x12, 0x48, 0x13, 0xF8, 0x12, 0x08,
    0x10, 0x40, 0x10, 0x40, 0x1F, 0xFE, 0x20, 0x40, 0x27, 0xFC, 0x64, 0x44, 0x67, 0xFC, 0xA4, 0x44,
    0x27, 0xFC, 0x20, 0x44, 0x2F, 0xFE, 0x20, 0x42, 0x20, 0x24, 0x25, 0x22, 0x25, 0x0A, 0x28, 0xF8,
    0x10, 0x3C, 0x17, 0xC0, 0x10, 0x44, 0x22, 0x24, 0x21, 0x08, 0x67, 0xFE, 0x64, 0x02, 0xAA, 0x08,
    0x22, 0x08, 0x23, 0xBE, 0x24, 0x88, 0x2A, 0xA8, 0x21, 0x3E, 0x22, 0x08, 0x24, 0x08, 0x28, 0x08,
    0x11, 0x10, 0x11, 0x10, 0x17, 0xBC, 0x21, 0x10, 0x2F, 0xFE, 0x61, 0x10, 0x62, 0xA8, 0xA4, 0x44,
    0x23, 0xFA, 0x22, 0x08, 0x22, 0x08, 0x23, 0xF8, 0x22, 0x08, 0x22, 0x08, 0x23, 0xF8, 0x22, 0x08,
    0x08, 0x00, 0x0B, 0xDE, 0x0A, 0x52, 0x12, 0x52, 0x13, 0xDE, 0x30, 0x00, 0x31, 0xFC, 0x51, 0x24,
    0x91, 0xFC, 0x11, 0x24, 0x11, 0xFC, 0x10, 0x20, 0x13, 0xFE, 0x10, 0x20, 0x10, 0x20, 0x10, 0x20,
    0x10, 0x40, 0x10, 0x40, 0x17, 0xFC, 0x20, 0x40, 0x2F, 0xFE, 0x61, 0x10, 0x67, 0xBC, 0xA1, 0x10,
    0x21, 0x90, 0x26, 0x3E, 0x20, 0x00, 0x2F, 0xFE, 0x21, 0x20, 0x21, 0x22, 0x22, 0x22, 0x2C, 0x1E,
    0x14, 0x14, 0x12, 0x12, 0x1F, 0x92, 0x20, 0x10, 0x20, 0x7E, 0x6F, 0x90, 0x68, 0x90, 0xA8, 0x90,
    0x2F, 0x90, 0x22, 0x28, 0x2B, 0x28, 0x2A, 0xA8, 0x32, 0x28, 0x22, 0x4A, 0x2A, 0x4A, 0x24, 0x86,
    0x09, 0x04, 0x08, 0x88, 0x08, 0x00, 0x13, 0xFE, 0x12, 0x22, 0x32, 0xAA, 0x32, 0x72, 0x52, 0x22,
    0x93, 0xFE, 0x10, 0x00, 0x11, 0xFC, 0x11, 0x04, 0x11, 0xFC, 0x11, 0x04, 0x11, 0xFC, 0x11, 0x04,
    0x10, 0x40, 0x17, 0xFC, 0x10, 0x40, 0x21, 0x10, 0x2F, 0xFE, 0x61, 0x10, 0x63, 0xF8, 0xA2, 0x08,
    0x23, 0xF8, 0x22, 0x08, 0x23, 0xF8, 0x22, 0x08, 0x23, 0xF8, 0x21, 0x10, 0x22, 0x08, 0x24, 0x04,
    0x17, 0x9E, 0x14, 0x92, 0x17, 0x9E, 0x24, 0x92, 0x27, 0x9E, 0x64, 0x02, 0x64, 0xF2, 0xA4, 0x92,
    0x24, 0xF2, 0x24, 0x92, 0x24, 0xF2, 0x24, 0x92, 0x24, 0x92, 0x25, 0x32, 0x24, 0x02, 0x24, 0x06,
    0x08, 0x00, 0x0B, 0xFC, 0x08, 0x48, 0x10, 0x30, 0x13, 0xFE, 0x30, 0x52, 0x30, 0x94, 0x53, 0x50,
    0x90, 0x20, 0x13, 0xFE, 0x12, 0x52, 0x12, 0x8A, 0x13, 0x76, 0x12, 0x52, 0x12, 0x72, 0x12, 0x06,
    0x08, 0x00, 0x0F, 0xFE, 0x08, 0x90, 0x10, 0x90, 0x13, 0x9C, 0x32, 0x04, 0x32, 0x04, 0x53, 0x9C,
    0x90, 0x90, 0x10, 0x90, 0x17, 0xFE, 0x10, 0x40, 0x15, 0x24, 0x15, 0x0A, 0x19, 0x0A, 0x10, 0xF8,
    0x11, 0x40, 0x11, 0x20, 0x13, 0xFE, 0x22, 0x20, 0x26, 0x20, 0x6B, 0xFC, 0x62, 0x20, 0xA2, 0x20,
    0x23, 0xFC, 0x22, 0x20, 0x22, 0x20, 0x23, 0xFE, 0x22, 0x00, 0x25, 0x24, 0x24, 0x92, 0x28, 0x92,
    0x10, 0x00, 0x17, 0xBC, 0x11, 0x08, 0x25, 0x28, 0x27, 0xBC, 0x63, 0x18, 0x65, 0xAA, 0xA9, 0x46,
    0x20, 0x00, 0x23, 0xF8, 0x22, 0x08, 0x22, 0x08, 0x23, 0xF8, 0x22, 0x08, 0x22, 0x08, 0x23, 0xF8,
    0x08, 0x40, 0x0B, 0xF8, 0x09, 0x10, 0x10, 0xA0, 0x17, 0xFC, 0x30, 0x00, 0x33, 0xF8, 0x52, 0x48,
    0x93, 0xF8, 0x12, 0x48, 0x13, 0xF8, 0x10, 0x40, 0x13, 0xF8, 0x10, 0x40, 0x17, 0xFE, 0x10, 0x00,
    0x10, 0x40, 0x12, 0x48, 0x11, 0x50, 0x27, 0xFC, 0x21, 0x50, 0x62, 0x48, 0x64, 0x44, 0xA2, 0x08,
    0x22, 0x08, 0x23, 0xBE, 0x24, 0x88, 0x2A, 0xA8, 0x21, 0x3E, 0x22, 0x08, 0x24, 0x08, 0x28, 0x08,
    0x10, 0x10, 0x10, 0x10, 0xFE, 0xFE, 0x10, 0x10, 0xFE, 0xFE, 0x92, 0x92, 0x92, 0x92, 0x38, 0x38,
    0x54, 0x54, 0x92, 0x92, 0x10, 0x10, 0x11, 0x10, 0x02, 0x80, 0x0C, 0x60, 0x30, 0x18, 0xC0, 0x06,
    0x08, 0x40, 0x08, 0x20, 0x0B, 0xFE, 0x12, 0x02, 0x12, 0x02, 0x33, 0xFE, 0x32, 0x50, 0x52, 0x48,
    0x92, 0xFE, 0x13, 0x90, 0x12, 0xFE, 0x12, 0x90, 0x14, 0xFE, 0x14, 0x90, 0x18, 0xFE, 0x10, 0x80,
    0x10, 0x00, 0x17, 0xFE, 0x10, 0xA0, 0x27, 0xFC, 0x24, 0xA4, 0x64, 0xA4, 0x67, 0xFC, 0xA2, 0x08,
    0x22, 0x08, 0x23, 0xBE, 0x24, 0x88, 0x2A, 0xA8, 0x21, 0x3E, 0x22, 0x08, 0x24, 0x08, 0x28, 0x08,
    0x10, 0x00, 0x17, 0xFC, 0x10, 0xA0, 0x20, 0xA0, 0x27, 0xFC, 0x64, 0xA4, 0x64, 0xA4, 0xA7, 0xFC,
    0x22, 0x48, 0x21, 0x50, 0x27, 0xFC, 0x20, 0xE0, 0x21, 0x50, 0x22, 0x48, 0x2C, 0x46, 0x20, 0x40,
    0x10, 0x00, 0x17, 0xBC, 0x14, 0xA4, 0x27, 0xBC, 0x24, 0xA4, 0x67, 0xBC, 0x64, 0x04, 0xA5, 0xF4,
    0x25, 0x14, 0x25, 0xF4, 0x25, 0x14, 0x25, 0xF4, 0x25, 0x14, 0x24, 0x04, 0x24, 0x14, 0x24, 0x08,
    0x10, 0x00, 0x1F, 0xFE, 0x10, 0x00, 0x27, 0xFC, 0x24, 0x44, 0x67, 0xFC, 0x64, 0x44, 0xAF, 0xFE,
    0x20, 0x00, 0x27, 0xFC, 0x24, 0x44, 0x27, 0xFC, 0x24, 0x44, 0x27, 0xFC, 0x20, 0x00, 0x2F, 0xFE,
    0x10, 0x00, 0x17, 0xFC, 0x14, 0xA4, 0x24, 0xA4, 0x27, 0xBC, 0x60, 0xA0, 0x67, 0xBC, 0xA4, 0xA4,
    0x24, 0xA4, 0x27, 0xBC, 0x24, 0xA4, 0x24, 0xA4, 0x27, 0xBC, 0x24, 0xA2, 0x20, 0xA2, 0x20, 0x7E,
    0x11, 0x08, 0x17, 0xFE, 0x11, 0x08, 0x20, 0x00, 0x24, 0x88, 0x6F, 0xFE, 0x64, 0x88, 0xA4, 0xF8,
    0x24, 0x00, 0x27, 0xFC, 0x20, 0x40, 0x2F, 0xFE, 0x21, 0x50, 0x22, 0x48, 0x2C, 0x46, 0x20, 0x40,
    0x11, 0x10, 0x11, 0x10, 0x17, 0xBC, 0x21, 0x10, 0x23, 0xB8, 0x65, 0x54, 0x69, 0x12, 0xA0, 0x00,
    0x23, 0xF8, 0x20, 0x00, 0x27, 0xFC, 0x20, 0x40, 0x22, 0x48, 0x24, 0x44, 0x29, 0x42, 0x20, 0x80,
    0x10, 0x00, 0x1F, 0xFE, 0x11, 0x20, 0x2F, 0xFC, 0x29, 0x24, 0x6F, 0xFC, 0x60, 0x00, 0xA7, 0xF8,
    0x24, 0x08, 0x27, 0xF8, 0x24, 0x08, 0x27, 0xF8, 0x24, 0x08, 0x27, 0xF8, 0x22, 0x10, 0x24, 0x08,
    0x13, 0xF8, 0x12, 0x08, 0x12, 0x08, 0x23, 0xF8, 0x20, 0x00, 0x67, 0xBC, 0x64, 0xA4, 0xA4, 0xA4,
    0x27, 0xBC, 0x20, 0x40, 0x2F, 0xFE, 0x21, 0x60, 0x22, 0x50, 0x24, 0x48, 0x38, 0x46, 0x20, 0x40,
    0x10, 0x10, 0x10, 0x08, 0x17, 0x88, 0x24, 0xBE, 0x24, 0x80, 0x64, 0x94, 0x67, 0x88, 0xA4, 0x7E,
    0x24, 0x08, 0x27, 0x88, 0x26, 0xBE, 0x2A, 0x88, 0x2A, 0x88, 0x2B, 0x88, 0x32, 0x88, 0x20, 0x08,
    0x10, 0xA0, 0x10, 0xA0, 0x17, 0xFC, 0x24, 0xA4, 0x27, 0xFC, 0x64, 0xA4, 0x67, 0xFC, 0xA0, 0x00,
    0x27, 0xFC, 0x20, 0x00, 0x23, 0xF8, 0x22, 0x08, 0x23, 0xF8, 0x21, 0x10, 0x20, 0xA0, 0x2F, 0xFE,
    0x10, 0xC8, 0x17, 0x08, 0x11, 0x2A, 0x21, 0x2C, 0x2F, 0xC8, 0x61, 0x08, 0x63, 0x88, 0xA5, 0x54,
    0x29, 0x14, 0x21, 0x22, 0x20, 0x40, 0x20, 0x24, 0x25, 0x22, 0x25, 0x0A, 0x29, 0x08, 0x20, 0xF8,
    0x08, 0x3C, 0x0B, 0xC0, 0x08, 0x44, 0x12, 0x24, 0x11, 0x08, 0x37, 0xFE, 0x34, 0x42, 0x52, 0xA4,
    0x92, 0x8A, 0x14, 0x7A, 0x10, 0x80, 0x10, 0xF8, 0x11, 0x08, 0x12, 0x90, 0x10, 0x60, 0x17, 0x9E,
    0x10, 0x80, 0x10, 0x40, 0x17, 0xFE, 0x25, 0x12, 0x2B, 0xFC, 0x61, 0x10, 0x67, 0xFC, 0xA1, 0x10,
    0x27, 0xFE, 0x21, 0x10, 0x22, 0x48, 0x25, 0xF4, 0x28, 0x42, 0x20, 0x40, 0x27, 0xFC, 0x20, 0x00,
    0x11, 0x10, 0x17, 0xFE, 0x10, 0x40, 0x23, 0xFC, 0x20, 0x40, 0x67, 0xFE, 0xA0, 0x80, 0x27, 0x28,
    0x21, 0x24, 0x2F, 0xFE, 0x21, 0x20, 0x21, 0xA4, 0x2F, 0x1A, 0x21, 0x12, 0x27, 0x6E, 0x00, 0x00,
    0x11, 0x40, 0x11, 0x20, 0x13, 0xFE, 0x22, 0x20, 0x27, 0xFC, 0x6A, 0x20, 0x63, 0xFC, 0xA2, 0x20,
    0x23, 0xFE, 0x22, 0x00, 0x27, 0x9E, 0x24, 0x92, 0x24, 0x92, 0x24, 0xF2, 0x24, 0x02, 0x24, 0x06,
    0x08, 0x90, 0x0B, 0xFC, 0x0A, 0x94, 0x13, 0xFC, 0x12, 0x94, 0x33, 0xFC, 0x30, 0x00, 0x53, 0xFC,
    0x92, 0x00, 0x12, 0xF8, 0x12, 0x00, 0x13, 0xFE, 0x15, 0x20, 0x15, 0x14, 0x15, 0x48, 0x19, 0x86,
    0x10, 0x40, 0x1F, 0xFE, 0x10, 0x00, 0x27, 0xFC, 0x24, 0x04, 0x65, 0xF4, 0x65, 0x14, 0xA7, 0xFC,
    0x20, 0x00, 0x23, 0xF8, 0x22, 0x08, 0x23, 0xF8, 0x22, 0x08, 0x23, 0xF8, 0x20, 0x00, 0x2F, 0xFE,
    0x08, 0x80, 0x08, 0x40, 0x0B, 0xFC, 0x11, 0x08, 0x10, 0x90, 0x37, 0xFE, 0x30, 0x00, 0x53, 0xFC,
    0x92, 0x04, 0x13, 0xFC, 0x12, 0x04, 0x13, 0xFC, 0x10, 0x40, 0x15, 0x24, 0x15, 0x0A, 0x18, 0xFA,
    0x10, 0x40, 0x12, 0x48, 0x11, 0x50, 0x27, 0xFE, 0x24, 0x02, 0x68, 0x04, 0x63, 0xF8, 0xA2, 0x08,
    0x23, 0xF8, 0x20, 0x00, 0x27, 0xFC, 0x24, 0x44, 0x27, 0xFC, 0x24, 0x44, 0x27, 0xFC, 0x24, 0x04,
    0x12, 0x88, 0x12, 0x88, 0x17, 0xE8, 0x22, 0x90, 0x24, 0x1E, 0x67, 0xE4, 0x64, 0x54, 0xA8, 0x54,
    0x27, 0x54, 0x25, 0x54, 0x25, 0x54, 0x27, 0x48, 0x25, 0x48, 0x20, 0x54, 0x22, 0x94, 0x21, 0x22,
    0x08, 0x00, 0x0B, 0xFC, 0x0A, 0x94, 0x12, 0x94, 0x13, 0xFC, 0x30, 0x00, 0x37, 0xFE, 0x50, 0x00,
    0x93, 0xFC, 0x12, 0x04, 0x13, 0xFC, 0x10, 0xA2, 0x11, 0x14, 0x13, 0x08, 0x1D, 0x44, 0x11, 0x82,
    0x10, 0x40, 0x10, 0xA0, 0x13, 0x18, 0x2D, 0xF6, 0x20, 0x00, 0x67, 0xFC, 0x65, 0x54, 0xA4, 0xE4,
    0x27, 0xFC, 0x20, 0x00, 0x23, 0xF8, 0x22, 0x08, 0x23, 0xF8, 0x22, 0x08, 0x23, 0xF8, 0x22, 0x08,
    0x10, 0x40, 0x10, 0x40, 0x10, 0xA0, 0x21, 0x10, 0x22, 0x08, 0x65, 0xF6, 0x68, 0x00, 0xA7, 0xBC,
    0x24, 0xA4, 0x24, 0xA4, 0x27, 0xBC, 0x22, 0x10, 0x22, 0x10, 0x25, 0x28, 0x29, 0x44, 0x30, 0x82,
    0x11, 0x10, 0x11, 0x10, 0x17, 0xBC, 0x21, 0x10, 0x23, 0xB8, 0x65, 0x54, 0x69, 0x12, 0xA0, 0x00,
    0x27, 0xFC, 0x20, 0x44, 0x22, 0x40, 0x22, 0x78, 0x22, 0x40, 0x25, 0x40, 0x28, 0xFE, 0x30, 0x00,
    0x12, 0x00, 0x13, 0xF8, 0x14, 0x10, 0x27, 0xFE, 0x2D, 0x48, 0x76, 0x24, 0x67, 0xFE, 0xA4, 0x00,
    0x25, 0xFC, 0x24, 0x00, 0x25, 0xFC, 0x24, 0x00, 0x25, 0xFC, 0x29, 0x04, 0x29, 0xFC, 0x31, 0x04,
    0x12, 0x10, 0x14, 0x10, 0x1F, 0x90, 0x28, 0x90, 0x2F, 0xBE, 0x68, 0xA4, 0x6F, 0xD4, 0xA4, 0x14,
    0x22, 0x14, 0x2F, 0xD4, 0x24, 0x14, 0x27, 0x88, 0x24, 0x88, 0x28, 0x94, 0x2A, 0x94, 0x31, 0x22,
    0x08, 0x20, 0x08, 0x88, 0x0A, 0x52, 0x13, 0x26, 0x12, 0x52, 0x32, 0x8A, 0x32, 0x22, 0x53, 0xFE,
    0x90, 0x88, 0x11, 0x44, 0x12, 0x7A, 0x10, 0x88, 0x11, 0x50, 0x10, 0x20, 0x10, 0xD8, 0x17, 0x06,
    0x11, 0x14, 0x17, 0xD2, 0x11, 0x10, 0x2F, 0xFE, 0x21, 0x10, 0x6F, 0xD0, 0x61, 0x12, 0xA7, 0xD2,
    0x25, 0x52, 0x27, 0xD4, 0x25, 0x54, 0x27, 0xC8, 0x21, 0x0A, 0x2F, 0xDA, 0x21, 0x26, 0x21, 0x42,
    0x10, 0x80, 0x10, 0xDC, 0x12, 0x84, 0x23, 0xD4, 0x24, 0x48, 0x6A, 0x94, 0x63, 0x24, 0xAC, 0x40,
    0x22, 0x48, 0x21, 0x50, 0x27, 0xFC, 0x20, 0xE0, 0x21, 0x50, 0x22, 0x48, 0x2C, 0x46, 0x20, 0x40,
    0x10, 0x80, 0x10, 0x40, 0x17, 0xFE, 0x24, 0x02, 0x2B, 0xFC, 0x61, 0x48, 0x62, 0x50, 0xA7, 0xFC,
    0x22, 0x04, 0x27, 0xFC, 0x2A, 0x04, 0x23, 0xFC, 0x22, 0x04, 0x23, 0xFC, 0x21, 0x08, 0x22, 0x04,
    0x08, 0x00, 0x0B, 0xFE, 0x0A, 0x02, 0x13, 0xFE, 0x12, 0x02, 0x33, 0xFE, 0x31, 0x08, 0x52, 0x52,
    0x93, 0x9C, 0x11, 0x08, 0x12, 0x52, 0x13, 0xDE, 0x10, 0x00, 0x12, 0xA4, 0x12, 0x52, 0x14, 0x52,
    0x10, 0x00, 0x17, 0xFC, 0x10, 0x40, 0x2F, 0xFE, 0x28, 0x42, 0x63, 0x58, 0x60, 0x40, 0xA3, 0x58,
    0x20, 0x00, 0x2F, 0xFE, 0x20, 0x40, 0x27, 0xFC, 0x24, 0xA4, 0x24, 0xA4, 0x24, 0xA4, 0x24, 0x0C,
    0x10, 0x40, 0x1F, 0xFE, 0x10, 0x40, 0x27, 0xFC, 0x20, 0x00, 0x63, 0xF8, 0x62, 0x08, 0xAF, 0xFE,
    0x28, 0x02, 0x27, 0xFC, 0x21, 0x10, 0x23, 0xF8, 0x20, 0x40, 0x27, 0xFC, 0x20, 0x40, 0x2F, 0xFE,
    0x10, 0x40, 0x17, 0xFC, 0x10, 0x40, 0x23, 0xFC, 0x20, 0x00, 0x6F, 0xFE, 0x60, 0x02, 0xA3, 0xF8,
    0x20, 0x40, 0x27, 0xFE, 0x20, 0x00, 0x27, 0xFE, 0x20, 0x08, 0x27, 0xFE, 0x24, 0xA8, 0x27, 0x98,
    0x10, 0x80, 0x10, 0x40, 0x17, 0xFC, 0x21, 0x10, 0x20, 0xA4, 0x6F, 0x58, 0x65, 0x54, 0xA5, 0x52,
    0x2B, 0x58, 0x20, 0x00, 0x22, 0x08, 0x23, 0xF8, 0x22, 0x08, 0x23, 0xF8, 0x22, 0x08, 0x24, 0x08,
    0x10, 0x10, 0x17, 0xD0, 0x15, 0x10, 0x27, 0xDE, 0x24, 0x50, 0x67, 0xE8, 0x65, 0x04, 0xA7, 0xC4,
    0x20, 0x00, 0x23, 0xF8, 0x22, 0xA8, 0x22, 0xA8, 0x22, 0xA8, 0x22, 0xA8, 0x2F, 0xFE, 0x20, 0x00,
    0x14, 0x00, 0x15, 0x7C, 0x16, 0x04, 0x24, 0xA8, 0x23, 0x90, 0x60, 0x7C, 0x64, 0x14, 0xA7, 0x94,
    0x2A, 0x50, 0x22, 0x50, 0x2F, 0xDC, 0x22, 0x50, 0x25, 0x50, 0x24, 0xB0, 0x28, 0x9E, 0x21, 0x00,
    0x08, 0x40, 0x0B, 0xF8, 0x08, 0x48, 0x17, 0xFE, 0x10, 0x48, 0x33, 0xF8, 0x30, 0x40, 0x57, 0xFE,
    0x90, 0x00, 0x12, 0xA4, 0x14, 0x52, 0x13, 0xF8, 0x12, 0xA8, 0x12, 0xA8, 0x1F, 0xFE, 0x10, 0x00,
    0x10, 0x10, 0x14, 0xFE, 0x12, 0x92, 0x22, 0xFE, 0x20, 0x10, 0x61, 0xFE, 0x60, 0x00, 0xAE, 0xFE,
    0x22, 0x82, 0x22, 0xFE, 0x22, 0x80, 0x22, 0xFE, 0x22, 0x82, 0x22, 0xFE, 0x25, 0x00, 0x28, 0xFE,
    0x08, 0x88, 0x08, 0x88, 0x0B, 0xFE, 0x10, 0x88, 0x13, 0xFE, 0x32, 0x52, 0x33, 0xFE, 0x50, 0x00,
    0x93, 0xFE, 0x12, 0x42, 0x10, 0xF8, 0x11, 0x08, 0x12, 0x90, 0x10, 0x60, 0x10, 0xC0, 0x17, 0x00,
    0x11, 0x00, 0x12, 0x00, 0x17, 0xFC, 0x2A, 0xA8, 0x22, 0xA8, 0x6F, 0xFE, 0x62, 0xA8, 0xA2, 0xA8,
    0x2F, 0xFE, 0x22, 0x08, 0x23, 0xBE, 0x24, 0x88, 0x2A, 0xA8, 0x21, 0x3E, 0x22, 0x08, 0x2C, 0x08,
    0x10, 0x80, 0x10, 0x40, 0x17, 0xFC, 0x24, 0x44, 0x22, 0xA8, 0x62, 0x94, 0x64, 0x74, 0xA0, 0x00,
    0x23, 0xF8, 0x22, 0xA8, 0x2F, 0xFE, 0x20, 0x00, 0x27, 0xFC, 0x20, 0x40, 0x21, 0x40, 0x20, 0x80,
    0x11, 0x10, 0x15, 0x54, 0x15, 0xB8, 0x29, 0x10, 0x22, 0xA8, 0x64, 0x44, 0x60, 0x00, 0xA7, 0xFC,
    0x24, 0x44, 0x20, 0x40, 0x27, 0xFC, 0x20, 0xE0, 0x21, 0x50, 0x22, 0x48, 0x2C, 0x46, 0x20, 0x40,
    0x10, 0x00, 0x17, 0xFC, 0x12, 0x48, 0x24, 0x44, 0x2F, 0xFE, 0x64, 0x44, 0x66, 0xEC, 0xA5, 0x54,
    0x26, 0xEC, 0x24, 0x44, 0x26, 0xEC, 0x25, 0x54, 0x26, 0xEC, 0x24, 0x44, 0x24, 0x54, 0x24, 0x08,
    0x0A, 0x48, 0x09, 0x50, 0x0F, 0xFE, 0x14, 0x02, 0x11, 0xF8, 0x31, 0x08, 0x33, 0xFC, 0x52, 0x04,
    0x93, 0xFC, 0x12, 0x04, 0x13, 0xFC, 0x12, 0x04, 0x13, 0xFC, 0x11, 0x08, 0x12, 0x04, 0x14, 0x02,
    0x09, 0x24, 0x0A, 0x48, 0x09, 0x24, 0x10, 0x00, 0x13, 0xFC, 0x32, 0x94, 0x32, 0x64, 0x52, 0x94,
    0x93, 0xFC, 0x12, 0x48, 0x13, 0x68, 0x12, 0x48, 0x13, 0x6A, 0x12, 0x4A, 0x12, 0x46, 0x13, 0x62,
    0x13, 0xF8, 0x12, 0x48, 0x12, 0x48, 0x23, 0xF8, 0x22, 0x48, 0x62, 0x48, 0x63, 0xF8, 0xA0, 0x00,
    0x2F, 0xBE, 0x2A, 0xAA, 0x2A, 0xAA, 0x2F, 0xBE, 0x2A, 0xAA, 0x2A, 0xAA, 0x2F, 0xBE, 0x28, 0xA2,
    0x10, 0x20, 0x10, 0x3E, 0x10, 0x20, 0x27, 0xFE, 0x24, 0x22, 0x65, 0xF8, 0x64, 0x22, 0xA5, 0xFE,
    0x25, 0x24, 0x25, 0xFC, 0x25, 0x24, 0x25, 0xFC, 0x28, 0x40, 0x2A, 0xA4, 0x32, 0x8A, 0x24, 0x7A,
    0x10, 0x40, 0x10, 0x20, 0x17, 0xFE, 0x24, 0x88, 0x25, 0xFC, 0x64, 0x88, 0x67, 0xFE, 0xA4, 0x20,
    0x25, 0xFC, 0x25, 0x24, 0x25, 0xFC, 0x25, 0x24, 0x29, 0xFC, 0x28, 0x88, 0x31, 0x04, 0x22, 0x02,
    0x0B, 0xF8, 0x0A, 0x08, 0x0B, 0xF8, 0x12, 0x08, 0x13, 0xF8, 0x31, 0x10, 0x37, 0xFC, 0x51, 0x10,
    0x9F, 0xFE, 0x11, 0x10, 0x12, 0x48, 0x15, 0x54, 0x10, 0xE0, 0x11, 0x50, 0x12, 0x48, 0x10, 0xC0,
    0x08, 0x20, 0x0B, 0xFE, 0x08, 0x20, 0x11, 0xFC, 0x10, 0x00, 0x33, 0xFE, 0x32, 0x52, 0x53, 0xFE,
    0x91, 0x04, 0x11, 0xFC, 0x11, 0x04, 0x11, 0xFC, 0x11, 0x04, 0x11, 0xFC, 0x10, 0x88, 0x11, 0x04,
    0x10, 0x80, 0x10, 0x40, 0x17, 0xFC, 0x24, 0xA0, 0x27, 0xFC, 0x64, 0xA4, 0x67, 0xFC, 0xA4, 0x00,
    0x25, 0x24, 0x25, 0xA8, 0x25, 0x30, 0x25, 0xA4, 0x25, 0x1C, 0x28, 0x00, 0x2A, 0xA4, 0x34, 0x52,
    0x12, 0x08, 0x1F, 0xBE, 0x12, 0x08, 0x2F, 0xBE, 0x22, 0x08, 0x65, 0x14, 0x68, 0xA2, 0xA7, 0xFC,
    0x24, 0x04, 0x27, 0xFC, 0x24, 0x04, 0x27, 0xFC, 0x24, 0x04, 0x27, 0xFC, 0x21, 0x10, 0x22, 0x08,
    0x08, 0x42, 0x0B, 0x9C, 0x0A, 0x10, 0x13, 0xDE, 0x12, 0x94, 0x32, 0x94, 0x34, 0x20, 0x53, 0xFC,
    0x92, 0x04, 0x13, 0xFC, 0x12, 0x04, 0x13, 0xFC, 0x12, 0x04, 0x13, 0xFC, 0x11, 0x08, 0x12, 0x04,
    0x10, 0x00, 0x1F, 0x7C, 0x19, 0x44, 0x29, 0x7C, 0x2F, 0x44, 0x69, 0x44, 0x69, 0x7C, 0xAF, 0x20,
    0x29, 0x7E, 0x29, 0xAA, 0x2F, 0x2A, 0x20, 0x4A, 0x2A, 0x92, 0x29, 0x22, 0x29, 0x4A, 0x31, 0x04,
    0x17, 0xFC, 0x10, 0x80, 0x13, 0xF8, 0x22, 0x08, 0x23, 0xF8, 0x62, 0x08, 0x6F, 0xFE, 0xA8, 0x82,
    0x25, 0x48, 0x25, 0x14, 0x28, 0xF4, 0x21, 0x00, 0x23, 0xF8, 0x25, 0x08, 0x20, 0xF0, 0x2F, 0x0E,
    0x10, 0x40, 0x17, 0xFE, 0x10, 0x00, 0x21, 0xF8, 0x21, 0x08, 0x61, 0xF8, 0x60, 0x00, 0xA7, 0xFE,
    0x24, 0x02, 0x23, 0xF8, 0x21, 0x80, 0x26, 0x44, 0x21, 0xB8, 0x26, 0x68, 0x21, 0xA6, 0x2E, 0x60,
    0x12, 0x00, 0x12, 0x3C, 0x1F, 0xA4, 0x22, 0x24, 0x2F, 0xBC, 0x62, 0x24, 0x7F, 0xE4, 0xA0, 0x3C,
    0x2F, 0xA4, 0x28, 0xA4, 0x2F, 0xBC, 0x28, 0x90, 0x2F, 0x98, 0x28, 0xA8, 0x28, 0xAA, 0x29, 0xC6,
    0x14, 0x00, 0x12, 0x3C, 0x1F, 0xA4, 0x20, 0x24, 0x28, 0xBC, 0x65, 0x24, 0x6F, 0xA4, 0xA2, 0x3C,
    0x22, 0x24, 0x2F, 0xA4, 0x22, 0x3C, 0x2B, 0x10, 0x2A, 0x98, 0x32, 0xA8, 0x2A, 0x2A, 0x24, 0x46,
    0x10, 0x00, 0x17, 0xFE, 0x14, 0x44, 0x25, 0x98, 0x24, 0x88, 0x67, 0xDE, 0x64, 0x88, 0xA5, 0xDC,
    0x26, 0xAA, 0x24, 0x88, 0x24, 0x20, 0x25, 0x20, 0x25, 0x3C, 0x29, 0x20, 0x29, 0x20, 0x37, 0xFE,
    0x12, 0x48, 0x11, 0x50, 0x17, 0xFC, 0x20, 0x80, 0x2F, 0xFE, 0x62, 0x08, 0x67, 0xFC, 0xAA, 0x42,
    0x23, 0xF8, 0x22, 0x40, 0x23, 0xF8, 0x22, 0x40, 0x23, 0xFC, 0x20, 0x04, 0x25, 0x54, 0x20, 0x08,
    0x11, 0x10, 0x1F, 0xFE, 0x11, 0x10, 0x20, 0x3C, 0x2F, 0xC0, 0x64, 0x88, 0x62, 0x50, 0xA7, 0xF8,
    0x24, 0x08, 0x27, 0xFC, 0x24, 0x04, 0x27, 0xFE, 0x28, 0x02, 0x2A, 0xAA, 0x32, 0xAA, 0x20, 0x04,
    0x14, 0x20, 0x12, 0x20, 0x1F, 0xBE, 0x25, 0x20, 0x22, 0x3E, 0x7F, 0x82, 0x60, 0x3E, 0xAF, 0xA0,
    0x28, 0xBE, 0x2F, 0xA0, 0x28, 0xBE, 0x2F, 0xA0, 0x28, 0xBE, 0x28, 0xA0, 0x28, 0xA2, 0x29, 0x9E,
    0x14, 0x10, 0x12, 0x10, 0x12, 0x7A, 0x2F, 0x12, 0x20, 0x14, 0x6F, 0x7E, 0x60, 0x08, 0xAF, 0x10,
    0x20, 0x3C, 0x2F, 0x64, 0x29, 0xA4, 0x29, 0x3C, 0x29, 0x24, 0x2F, 0x24, 0x29, 0x3C, 0x20, 0x24,
    0x09, 0xF0, 0x0A, 0x10, 0x0F, 0xFC, 0x12, 0x04, 0x13, 0xFC, 0x32, 0x24, 0x33, 0xB8, 0x52, 0x22,
    0x91, 0xFE, 0x12, 0x10, 0x17, 0xFC, 0x12, 0x44, 0x13, 0xFC, 0x10, 0xD0, 0x11, 0x4A, 0x16, 0x3E,
    0x10, 0x40, 0x17, 0xFC, 0x10, 0x00, 0x23, 0xB8, 0x22, 0xA8, 0x63, 0xB8, 0x61, 0x10, 0xA7, 0xFC,
    0x21, 0x10, 0x27, 0xFC, 0x21, 0x10, 0x2F, 0xFE, 0x21, 0x28, 0x23, 0x10, 0x2D, 0x48, 0x21, 0x86,
    0x10, 0x80, 0x11, 0xF8, 0x12, 0x88, 0x20, 0x70, 0x23, 0x8E, 0x68, 0x00, 0x69, 0xFC, 0xA9, 0x24,
    0x29, 0xAC, 0x29, 0x24, 0x29, 0xFC, 0x28, 0x20, 0x29, 0xFC, 0x20, 0x20, 0x23, 0xFE, 0x21, 0x54,
    0x0A, 0x22, 0x0B, 0xFE, 0x08, 0x90, 0x11, 0xFE, 0x13, 0x10, 0x35, 0xFE, 0x31, 0x10, 0x51, 0xFE,
    0x91, 0x10, 0x11, 0xFE, 0x11, 0x00, 0x13, 0xFE, 0x12, 0x8A, 0x13, 0x76, 0x12, 0x52, 0x12, 0x76,
    0x17, 0xBE, 0x10, 0x00, 0x17, 0xBC, 0x24, 0xA4, 0x26, 0xB4, 0x64, 0xA4, 0x60, 0x40, 0xA7, 0xFE,
    0x24, 0xA0, 0x27, 0xFC, 0x24, 0xA4, 0x27, 0xFC, 0x25, 0x12, 0x29, 0xDC, 0x29, 0x12, 0x31, 0xCE,
    0x10, 0x00, 0x17, 0xFC, 0x14, 0xA4, 0x24, 0xA4, 0x27, 0xFC, 0x62, 0x10, 0x62, 0xA8, 0xA4, 0xBE,
    0x2F, 0x68, 0x22, 0x3C, 0x24, 0xA8, 0x2F, 0xBC, 0x20, 0x28, 0x2A, 0xA8, 0x2A, 0xBE, 0x20, 0x20,
    0x15, 0x28, 0x17, 0xBE, 0x19, 0x48, 0x27, 0xBE, 0x23, 0x18, 0x65, 0xAA, 0x69, 0x46, 0xA3, 0xFC,
    0x22, 0x04, 0x23, 0xFC, 0x22, 0x04, 0x23, 0xFC, 0x22, 0x04, 0x23, 0xFC, 0x21, 0x08, 0x22, 0x04,
    0x15, 0x18, 0x15, 0x14, 0x1F, 0x90, 0x25, 0x3E, 0x27, 0x28, 0x62, 0x68, 0x6F, 0xBE, 0xAA, 0xA8,
    0x2F, 0xA8, 0x22, 0x3E, 0x2F, 0xA8, 0x22, 0x28, 0x3F, 0xE8, 0x25, 0x3E, 0x28, 0xA0, 0x30, 0x60,
    0x12, 0x48, 0x11, 0x50, 0x17, 0xFC, 0x24, 0x04, 0x21, 0xF0, 0x61, 0x10, 0x67, 0xFC, 0xA5, 0x54,
    0x24, 0xE4, 0x27, 0xFC, 0x20, 0x40, 0x27, 0xFC, 0x20, 0x40, 0x2F, 0xFE, 0x22, 0xA4, 0x24, 0x52,
    0x17, 0xBC, 0x14, 0xA4, 0x17, 0xBC, 0x20, 0x00, 0x27, 0xFE, 0x64, 0x00, 0x65, 0x90, 0xA4, 0x9E,
    0x27, 0xD4, 0x25, 0x64, 0x25, 0xD4, 0x25, 0x54, 0x25, 0xD4, 0x25, 0x68, 0x2B, 0xC8, 0x30, 0x54,
    0x17, 0xFC, 0x14, 0x44, 0x17, 0xFC, 0x24, 0x44, 0x2F, 0xFE, 0x6A, 0xAA, 0x6F, 0xBE, 0xAA, 0xAA,
    0x2F, 0xBE, 0x22, 0x20, 0x27, 0xC0, 0x20, 0x84, 0x2F, 0xFE, 0x20, 0x42, 0x25, 0x48, 0x28, 0x84,
    0x10, 0x40, 0x17, 0xFC, 0x12, 0x48, 0x23, 0xF8, 0x20, 0x40, 0x6F, 0xFE, 0x6A, 0xAA, 0xA3, 0xB8,
    0x21, 0x10, 0x27, 0xFC, 0x21, 0x10, 0x2F, 0xFE, 0x21, 0x28, 0x23, 0x10, 0x2D, 0x48, 0x21, 0x86,
    0x08, 0x40, 0x08, 0x40, 0x08, 0x40, 0x08, 0x40, 0x08, 0x40, 0x08, 0x40, 0x08, 0x40, 0x08, 0x40,
    0x08, 0x40, 0x08, 0x40, 0x08, 0x40, 0x10, 0x42, 0x10, 0x42, 0x20, 0x42, 0x40, 0x3E, 0x80, 0x00,
    0x00, 0x00, 0x00, 0x00, 0xFF, 0xFE, 0x08, 0x40, 0x08, 0x40, 0x08, 0x40, 0x08, 0x40, 0x08, 0x40,
    0x08, 0x40, 0x08, 0x40, 0x08, 0x40, 0x10, 0x44, 0x10, 0x44, 0x20, 0x44, 0x40, 0x3C, 0x80, 0x00,
    0x01, 0x00, 0x01, 0x00, 0x02, 0x00, 0x04, 0x40, 0x08, 0x20, 0x10, 0x10, 0x3F, 0xF8, 0x04, 0x48,
    0x04, 0x40, 0x04, 0x40, 0x04, 0x40, 0x08, 0x40, 0x08, 0x42, 0x10, 0x42, 0x20, 0x42, 0xC0, 0x3E,
    0x01, 0x00, 0x01, 0x00, 0x01, 0x00, 0x7F, 0xFC, 0x01, 0x00, 0x11, 0x00, 0x11, 0x00, 0x21, 0x00,
    0x3F, 0xFE, 0x02, 0x80, 0x04, 0x80, 0x04, 0x80, 0x08, 0x84, 0x10, 0x84, 0x20, 0x7C, 0xC0, 0x00,
    0x00, 0x00, 0x3F, 0xF8, 0x00, 0x00, 0x00, 0x00, 0x00, 0x00, 0xFF, 0xFE, 0x04, 0x40, 0x04, 0x40,
    0x04, 0x40, 0x04, 0x40, 0x08, 0x40, 0x08, 0x42, 0x10, 0x42, 0x20, 0x42, 0x40, 0x3E, 0x80, 0x00,
    0x00, 0x00, 0x3F, 0xF8, 0x20, 0x08, 0x20, 0x08, 0x20, 0x08, 0x20, 0x08, 0x20, 0x08, 0x3F, 0xF8,
    0x04, 0x40, 0x04, 0x40, 0x04, 0x40, 0x08, 0x40, 0x08, 0x40, 0x10, 0x42, 0x20, 0x42, 0xC0, 0x3E,
    0x02, 0x00, 0x01, 0x00, 0xFF, 0xFE, 0x04, 0x00, 0x04, 0x00, 0x08, 0x20, 0x10, 0x10, 0x3F, 0xF8,
    0x04, 0x48, 0x04, 0x40, 0x04, 0x40, 0x04, 0x40, 0x08, 0x44, 0x08, 0x44, 0x10, 0x44, 0x60, 0x3C,
    0x04, 0x40, 0x04, 0x40, 0x44, 0x44, 0x24, 0x48, 0x14, 0x50, 0x14, 0x40, 0x04, 0x60, 0x0C, 0x50,
    0x14, 0x48, 0x24, 0x44, 0x44, 0x40, 0x08, 0x42, 0x08, 0x42, 0x10, 0x42, 0x20, 0x3E, 0x40, 0x00,
    0x08, 0x20, 0x24, 0x48, 0x22, 0x88, 0x21, 0x08, 0x22, 0x88, 0x24, 0x48, 0x28, 0x28, 0x3F, 0xF8,
    0x04, 0x40, 0x04, 0x40, 0x04, 0x40, 0x04, 0x40, 0x08, 0x44, 0x08, 0x44, 0x10, 0x44, 0x60, 0x3C,
    0x01, 0x00, 0x11, 0x00, 0x11, 0x00, 0x1F, 0xF8, 0x21, 0x00, 0x41, 0x00, 0x01, 0x00, 0xFF, 0xFE,
    0x04, 0x40, 0x04, 0x40, 0x04, 0x40, 0x08, 0x40, 0x08, 0x42, 0x10, 0x42, 0x20, 0x3E, 0xC0, 0x00,
    0x01, 0x00, 0x21, 0x08, 0x11, 0x08, 0x09, 0x10, 0x09, 0x20, 0x01, 0x00, 0xFF, 0xFE, 0x04, 0x40,
    0x04, 0x40, 0x04, 0x40, 0x04, 0x40, 0x08, 0x42, 0x08, 0x42, 0x10, 0x42, 0x20, 0x3E, 0xC0, 0x00,
    0x04, 0x40, 0x04, 0x40, 0x08, 0x20, 0x11, 0x10, 0x21, 0x08, 0xC2, 0x06, 0x04, 0x40, 0x08, 0x20,
    0x1F, 0xF0, 0x04, 0x50, 0x04, 0x40, 0x04, 0x40, 0x08, 0x44, 0x08, 0x44, 0x10, 0x44, 0x60, 0x3C,
    0x01, 0x00, 0x01, 0x00, 0xFF, 0xFE, 0x01, 0x00, 0x01, 0x00, 0x3F, 0xF8, 0x20, 0x08, 0x20, 0x08,
    0x20, 0x08, 0x3F, 0xF8, 0x04, 0x40, 0x04, 0x40, 0x08, 0x40, 0x10, 0x42, 0x20, 0x42, 0xC0, 0x3E,
    0x04, 0x40, 0x04, 0x40, 0x08, 0x20, 0x10, 0x10, 0x20, 0x08, 0xDF, 0xF6, 0x10, 0x10, 0x10, 0x10,
    0x10, 0x10, 0x1F, 0xF0, 0x04, 0x40, 0x04, 0x40, 0x04, 0x40, 0x08, 0x44, 0x10, 0x44, 0x60, 0x3C,
    0x08, 0x00, 0x08, 0x00, 0x0F, 0xE0, 0x10, 0x20, 0x20, 0x40, 0x7F, 0xF8, 0xA1, 0x08, 0x21, 0x08,
    0x21, 0x08, 0x3F, 0xF8, 0x22, 0x88, 0x04, 0x80, 0x08, 0x80, 0x10, 0x82, 0x20, 0x82, 0xC0, 0x7E,
    0x00, 0x08, 0x01, 0xFC, 0x7F, 0x00, 0x01, 0x00, 0x01, 0x00, 0x3F, 0xF8, 0x21, 0x08, 0x21, 0x08,
    0x21, 0x08, 0x3F, 0xF8, 0x22, 0x88, 0x04, 0xA0, 0x08, 0x90, 0x10, 0x92, 0x20, 0x82, 0xC0, 0x7E,
    0x00, 0x10, 0x00, 0xF8, 0x1F, 0x80, 0x10, 0x80, 0x10, 0xF8, 0x10, 0x80, 0x10, 0x80, 0x10, 0x80,
    0x1F, 0xFE, 0x11, 0x20, 0x11, 0x20, 0x11, 0x20, 0x22, 0x22, 0x22, 0x22, 0x44, 0x1E, 0x98, 0x00,
    0x00, 0x00, 0x23, 0xF8, 0x22, 0x08, 0x22, 0x08, 0x23, 0xF8, 0x22, 0x08, 0x22, 0x08, 0x23, 0xF8,
    0x22, 0x08, 0x00, 0x00, 0x04, 0x40, 0x04, 0x40, 0x04, 0x40, 0x08, 0x44, 0x10, 0x44, 0x60, 0x3C,
    0x10, 0x10, 0x08, 0x20, 0x04, 0x40, 0x00, 0x00, 0x1F, 0xF0, 0x10, 0x10, 0x10, 0x10, 0x10, 0x10,
    0x1F, 0xF0, 0x14, 0x50, 0x04, 0x40, 0x04, 0x40, 0x08, 0x44, 0x08, 0x44, 0x10, 0x44, 0x60, 0x3C,
    0x00, 0x00, 0x06, 0x00, 0x38, 0xF8, 0x20, 0x08, 0x20, 0x08, 0x3C, 0xF8, 0x20, 0x08, 0x20, 0x08,
    0x3F, 0xF8, 0x04, 0x40, 0x04, 0x40, 0x04, 0x40, 0x08, 0x44, 0x08, 0x44, 0x10, 0x44, 0x60, 0x3C,
    0x00, 0x00, 0x7E, 0xFE, 0x08, 0x10, 0x08, 0x10, 0x48, 0x90, 0x48, 0x90, 0x48, 0x90, 0x7E, 0xFE,
    0x08, 0x10, 0x08, 0x10, 0x14, 0x28, 0x14, 0x28, 0x25, 0x48, 0x26, 0x4A, 0x44, 0x8A, 0x81, 0x06,
    0x08, 0x00, 0x08, 0x00, 0x0F, 0xE0, 0x10, 0x20, 0x20, 0x40, 0x7F, 0xF8, 0xA1, 0x08, 0x21, 0x08,
    0x21, 0x08, 0x3F, 0xF8, 0x22, 0x88, 0x04, 0xA0, 0x08, 0x90, 0x10, 0x92, 0x20, 0x82, 0xC0, 0x7E,
    0x00, 0x00, 0x3C, 0x78, 0x24, 0x48, 0x24, 0x48, 0x24, 0x48, 0x27, 0xC8, 0x20, 0x08, 0x20, 0x08,
    0x3F, 0xF8, 0x24, 0x48, 0x04, 0x40, 0x04, 0x40, 0x08, 0x40, 0x10, 0x42, 0x20, 0x42, 0xC0, 0x3E,
    0x02, 0x00, 0x01, 0x00, 0xFF, 0xFE, 0x08, 0x20, 0x11, 0x10, 0x22, 0x08, 0x44, 0x44, 0x08, 0x20,
    0x1F, 0xF0, 0x04, 0x50, 0x04, 0x40, 0x08, 0x40, 0x08, 0x40, 0x10, 0x42, 0x20, 0x42, 0xC0, 0x3E,
    0x02, 0x00, 0x01, 0x00, 0xFF, 0xFE, 0x08, 0x20, 0x10, 0x10, 0x20, 0x08, 0x5F, 0xF4, 0x10, 0x10,
    0x10, 0x10, 0x10, 0x10, 0x1F, 0xF0, 0x04, 0x40, 0x04, 0x40, 0x08, 0x44, 0x10, 0x44, 0x60, 0x3C,
    0x00, 0x20, 0x7C, 0x20, 0x00, 0x48, 0x00, 0x84, 0x01, 0xFE, 0xFE, 0x02, 0x24, 0x00, 0x24, 0xFC,
    0x24, 0x84, 0x24, 0x84, 0x24, 0xFC, 0x24, 0x84, 0x24, 0x02, 0x44, 0x02, 0x43, 0xFE, 0x80, 0x00,
    0x08, 0x10, 0x08, 0x10, 0xFF, 0x10, 0x08, 0x10, 0x08, 0x10, 0x7F, 0x7E, 0x41, 0x10, 0x41, 0x10,
    0x7F, 0x10, 0x14, 0x10, 0x14, 0x10, 0x14, 0x10, 0x24, 0x12, 0x24, 0x02, 0x43, 0xFE, 0x80, 0x00,
    0x01, 0x00, 0x11, 0x10, 0x09, 0x10, 0x09, 0x20, 0x7F, 0xFE, 0x40, 0x02, 0x80, 0x04, 0x1F, 0xF0,
    0x10, 0x10, 0x10, 0x10, 0x1F, 0xF0, 0x04, 0x40, 0x04, 0x40, 0x08, 0x42, 0x30, 0x42, 0xC0, 0x3E,
    0x08, 0x08, 0x08, 0x1C, 0xFF, 0x70, 0x08, 0x10, 0x08, 0x10, 0x7F, 0x10, 0x41, 0xFE, 0x41, 0x10,
    0x7F, 0x10, 0x14, 0x10, 0x14, 0x10, 0x14, 0x10, 0x24, 0x12, 0x24, 0x02, 0x43, 0xFE, 0x80, 0x00,
    0x01, 0x00, 0x12, 0x00, 0x67, 0xDC, 0x44, 0x44, 0x44, 0x44, 0x47, 0xC4, 0x44, 0x44, 0x44, 0x44,
    0x57, 0xC4, 0x60, 0x1C, 0x04, 0x40, 0x04, 0x40, 0x04, 0x40, 0x08, 0x44, 0x10, 0x44, 0x60, 0x3C,
    0x08, 0x08, 0x08, 0x28, 0xFF, 0x24, 0x08, 0x44, 0x08, 0x42, 0x7F, 0x80, 0x41, 0x7C, 0x41, 0x24,
    0x7F, 0x24, 0x14, 0x44, 0x14, 0x44, 0x14, 0x94, 0x25, 0x0A, 0x24, 0x02, 0x43, 0xFE, 0x80, 0x00,
    0x08, 0x38, 0x08, 0xE0, 0xFF, 0x20, 0x08, 0x38, 0x08, 0xE0, 0x7F, 0x20, 0x41, 0x3C, 0x41, 0xE0,
    0x7F, 0x24, 0x14, 0x24, 0x14, 0x24, 0x14, 0x1C, 0x24, 0x02, 0x24, 0x02, 0x43, 0xFE, 0x80, 0x00,
    0x08, 0x10, 0x28, 0x50, 0x28, 0x50, 0x3E, 0x7C, 0x48, 0x90, 0x08, 0x10, 0x08, 0x10, 0x7E, 0xFE,
    0x14, 0x28, 0x14, 0x28, 0x14, 0x28, 0x14, 0x28, 0x25, 0x4A, 0x26, 0x4A, 0x44, 0x86, 0x81, 0x00,
    0x01, 0x00, 0x12, 0x10, 0x17, 0xD2, 0xF4, 0x54, 0x14, 0x58, 0x17, 0xD0, 0x14, 0x52, 0x34, 0x52,
    0xD7, 0xCE, 0x10, 0x00, 0x04, 0x40, 0x04, 0x40, 0x04, 0x40, 0x08, 0x44, 0x10, 0x44, 0x60, 0x3C,
    0x08, 0x00, 0x08, 0xFE, 0xFF, 0x10, 0x08, 0x20, 0x08, 0x7C, 0x7F, 0x44, 0x41, 0x44, 0x41, 0x7C,
    0x7F, 0x44, 0x14, 0x44, 0x14, 0x7C, 0x14, 0x44, 0x24, 0x02, 0x24, 0x02, 0x43, 0xFE, 0x80, 0x00,
    0x08, 0x20, 0x08, 0x20, 0x08, 0x20, 0x7E, 0xFE, 0x08, 0x20, 0x08, 0x20, 0x7E, 0xFC, 0x42, 0x84,
    0x42, 0x84, 0x7E, 0xFC, 0x14, 0x50, 0x14, 0x50, 0x25, 0x50, 0x26, 0x92, 0x44, 0x92, 0x81, 0x0E,
    0x10, 0x00, 0x11, 0xFE, 0xFD, 0x00, 0x11, 0x7C, 0x11, 0x54, 0x7D, 0x7C, 0x45, 0x54, 0x45, 0x7C,
    0x7D, 0x10, 0x29, 0x7C, 0x29, 0x10, 0x2A, 0xFE, 0x2C, 0x00, 0x48, 0x02, 0x47, 0xFE, 0x80, 0x00,
    0x10, 0x10, 0x11, 0xFE, 0x95, 0x28, 0x55, 0x7C, 0x59, 0x28, 0x11, 0xFE, 0xFD, 0x10, 0x29, 0x7C,
    0x29, 0x54, 0x29, 0x7C, 0x29, 0x54, 0x2A, 0x7C, 0x2A, 0x28, 0x4C, 0x44, 0x48, 0x02, 0x87, 0xFE,
    0x04, 0x00, 0x02, 0x00, 0x01, 0x00, 0x01, 0x00, 0x01, 0x00, 0x02, 0x80, 0x02, 0x80, 0x02, 0x80,
    0x04, 0x40, 0x04, 0x40, 0x08, 0x20, 0x08, 0x20, 0x10, 0x10, 0x20, 0x10, 0x40, 0x08, 0x80, 0x06,
    0x04, 0x00, 0x42, 0x00, 0x41, 0x00, 0x41, 0x00, 0x40, 0x80, 0x40, 0x80, 0x41, 0x40, 0x41, 0x40,
    0x42, 0x20, 0x42, 0x20, 0x44, 0x10, 0x48, 0x08, 0x50, 0x04, 0x40, 0x00, 0x7F, 0xFE, 0x00, 0x00,
    0x04, 0x00, 0x02, 0x00, 0x02, 0x00, 0x7F, 0xFC, 0x41, 0x04, 0x41, 0x04, 0x42, 0x84, 0x42, 0x84,
    0x44, 0x44, 0x48, 0x24, 0x50, 0x14, 0x40, 0x04, 0x40, 0x04, 0x40, 0x04, 0x40, 0x14, 0x40, 0x08,
    0x01, 0x00, 0x01, 0x00, 0x02, 0x80, 0x04, 0x40, 0x08, 0x20, 0x10, 0x10, 0x2F, 0xE8, 0xC1, 0x06,
    0x01, 0x00, 0x01, 0x00, 0x1F, 0xF0, 0x01, 0x00, 0x01, 0x00, 0x01, 0x00, 0x7F, 0xFC, 0x00, 0x00,
    0x00, 0x00, 0xFF, 0xFE, 0x01, 0x00, 0x01, 0x00, 0x01, 0x00, 0x7F, 0xFC, 0x41, 0x04, 0x51, 0x44,
    0x49, 0x24, 0x49, 0x24, 0x55, 0x54, 0x65, 0x94, 0x41, 0x04, 0x41, 0x04, 0x41, 0x14, 0x40, 0x08,
    0x06, 0x00, 0x01, 0x00, 0x02, 0x80, 0x0C, 0x60, 0x30, 0x18, 0xCF, 0xE6, 0x00, 0x00, 0x3E, 0x24,
    0x22, 0x24, 0x22, 0x48, 0x3E, 0x48, 0x22, 0x90, 0x3E, 0x48, 0x22, 0x48, 0x22, 0x24, 0x26, 0x24,
    0x00, 0x00, 0x00, 0x40, 0x04, 0x40, 0x04, 0x40, 0x04, 0x40, 0x04, 0x40, 0x04, 0x40, 0x04, 0x20,
    0x08, 0x20, 0x08, 0x20, 0x08, 0x10, 0x10, 0x10, 0x10, 0x08, 0x20, 0x08, 0x20, 0x04, 0x40, 0x02,
    0x00, 0x80, 0x04, 0x80, 0x04, 0x80, 0x08, 0x40, 0x08, 0x40, 0x10, 0x20, 0x20, 0x10, 0x42, 0x08,
    0x82, 0x06, 0x04, 0x00, 0x04, 0x40, 0x08, 0x20, 0x10, 0x20, 0x3F, 0xF0, 0x10, 0x10, 0x00, 0x00,
    0x02, 0x00, 0x01, 0x00, 0x00, 0x80, 0x00, 0x80, 0x00, 0x00, 0xFF, 0xFE, 0x00, 0x00, 0x00, 0x00,
    0x04, 0x40, 0x04, 0x20, 0x08, 0x10, 0x08, 0x08, 0x10, 0x08, 0x20, 0x04, 0x40, 0x04, 0x00, 0x00,
    0x04, 0x40, 0x04, 0x40, 0x08, 0x20, 0x08, 0x20, 0x10, 0x10, 0x20, 0x08, 0xDF, 0xF6, 0x04, 0x00,
    0x08, 0x00, 0x0F, 0xE0, 0x00, 0x20, 0x00, 0x20, 0x00, 0x20, 0x00, 0x20, 0x01, 0x40, 0x00, 0x80,
    0x20, 0x10, 0x10, 0x10, 0x08, 0x20, 0x08, 0x40, 0x00, 0x00, 0x7F, 0xF8, 0x02, 0x08, 0x02, 0x08,
    0x02, 0x08, 0x02, 0x08, 0x02, 0x28, 0x02, 0x10, 0x02, 0x00, 0x02, 0x00, 0x02, 0x00, 0x02, 0x00,
    0x10, 0x10, 0x08, 0x10, 0x04, 0x20, 0x04, 0x40, 0x00, 0x00, 0x7F, 0xFC, 0x00, 0x00, 0x00, 0x00,
    0x00, 0x00, 0x3F, 0xF8, 0x00, 0x00, 0x00, 0x00, 0x00, 0x00, 0x00, 0x00, 0xFF, 0xFE, 0x00, 0x00,
    0x04, 0x20, 0x04, 0x20, 0x04, 0x20, 0x04, 0x20, 0x3F, 0xFC, 0x04, 0x20, 0x04, 0x20, 0x04, 0x20,
    0x04, 0x20, 0x04, 0x20, 0x7F, 0xFE, 0x00, 0x00, 0x04, 0x20, 0x08, 0x10, 0x10, 0x08, 0x20, 0x04,
    0x00, 0x00, 0x7F, 0xFC, 0x01, 0x00, 0x01, 0x00, 0x3F, 0xF8, 0x01, 0x00, 0x01, 0x00, 0xFF, 0xFE,
    0x00, 0x00, 0x04, 0x40, 0x04, 0x40, 0x08, 0x20, 0x08, 0x20, 0x10, 0x10, 0x20, 0x08, 0xC0, 0x06,
    0x10, 0x10, 0x08, 0x10, 0x08, 0x20, 0x00, 0x00, 0x3F, 0xF8, 0x01, 0x00, 0x01, 0x00, 0x01, 0x00,
    0xFF, 0xFE, 0x01, 0x00, 0x02, 0x80, 0x02, 0x80, 0x04, 0x40, 0x08, 0x20, 0x30, 0x18, 0xC0, 0x06,
    0x04, 0x08, 0x02, 0x08, 0x21, 0x08, 0x11, 0x10, 0x08, 0x10, 0x08, 0x20, 0x00, 0x40, 0xFF, 0xFE,
    0x00, 0x00, 0x04, 0x40, 0x04, 0x20, 0x08, 0x10, 0x08, 0x08, 0x10, 0x08, 0x20, 0x04, 0x40, 0x04,
    0x00, 0x20, 0x00, 0xF0, 0x1F, 0x00, 0x10, 0x00, 0x10, 0x00, 0x1F, 0xF8, 0x10, 0x80, 0x10, 0x80,
    0x10, 0x80, 0x10, 0x80, 0xFF, 0xFE, 0x00, 0x00, 0x08, 0x40, 0x10, 0x20, 0x20, 0x10, 0x40, 0x08,
    0x08, 0x20, 0x08, 0x20, 0x7F, 0xFC, 0x08, 0x20, 0x08, 0x20, 0x0F, 0xE0, 0x08, 0x20, 0x08, 0x20,
    0x0F, 0xE0, 0x08, 0x20, 0x08, 0x20, 0xFF, 0xFE, 0x00, 0x00, 0x08, 0x20, 0x10, 0x10, 0x20, 0x08,
    0x00, 0x00, 0x1F, 0xF0, 0x10, 0x10, 0x10, 0x10, 0x1F, 0xF0, 0x10, 0x10, 0x1F, 0xF0, 0x10, 0x10,
    0x1F, 0xF0, 0x10, 0x10, 0x10, 0x10, 0xFF, 0xFE, 0x04, 0x40, 0x08, 0x20, 0x10, 0x10, 0x20, 0x08,
    0x04, 0x40, 0x04, 0x40, 0x04, 0x40, 0x3F, 0xF8, 0x24, 0x48, 0x24, 0x48, 0x24, 0x48, 0x3F, 0xF8,
    0x24, 0x48, 0x24, 0x48, 0x24, 0x48, 0xFF, 0xFE, 0x04, 0x40, 0x08, 0x20, 0x10, 0x10, 0x20, 0x08,
    0x08, 0x20, 0x04, 0x20, 0x04, 0x40, 0xFF, 0xFE, 0x10, 0x20, 0x10, 0x20, 0x20, 0x40, 0x24, 0x48,
    0x44, 0x88, 0x78, 0xF0, 0x08, 0x10, 0x10, 0x20, 0x14, 0x28, 0x22, 0x44, 0x7E, 0xFC, 0x02, 0x04,
    0x04, 0x40, 0x08, 0x20, 0x10, 0x10, 0x2F, 0xE8, 0xC4, 0x26, 0x04, 0x20, 0x08, 0x20, 0x10, 0xA0,
    0x60, 0x40, 0x00, 0x00, 0x3E, 0x44, 0x22, 0x58, 0x22, 0x60, 0x22, 0x42, 0x3E, 0x42, 0x22, 0x3E,
    0x08, 0x20, 0x04, 0x40, 0x00, 0x00, 0x7F, 0xFC, 0x01, 0x00, 0x3F, 0xF8, 0x02, 0x00, 0xFF, 0xFE,
    0x04, 0x40, 0x08, 0x20, 0x34, 0x58, 0xC4, 0x46, 0x04, 0x40, 0x04, 0x40, 0x08, 0x40, 0x10, 0x40,
    0x10, 0x20, 0x08, 0x40, 0x7F, 0xFC, 0x04, 0x80, 0x04, 0x80, 0x3F, 0xF0, 0x04, 0x90, 0xFF, 0xFE,
    0x04, 0x90, 0x3F, 0xF0, 0x0C, 0xC0, 0x14, 0xA0, 0x24, 0x98, 0xC4, 0x86, 0x04, 0x80, 0x04, 0x80,
    0x08, 0x20, 0x04, 0x40, 0x3F, 0xF8, 0x21, 0x08, 0x3F, 0xF8, 0x21, 0x08, 0x3F, 0xF8, 0x00, 0x00,
    0xFF, 0xFE, 0x00, 0x00, 0x1F, 0xF0, 0x10, 0x10, 0x10, 0x10, 0x10, 0x10, 0x1F, 0xF0, 0x10, 0x10,
    0x08, 0x20, 0x04, 0x40, 0x3F, 0xF8, 0x21, 0x08, 0x3F, 0xF8, 0x21, 0x08, 0x3F, 0xF8, 0x00, 0x00,
    0x08, 0x20, 0x7F, 0xFC, 0x08, 0x20, 0x08, 0x20, 0xFF, 0xFE, 0x08, 0x20, 0x10, 0x10, 0x20, 0x08,
    0x08, 0x10, 0x04, 0x20, 0xFF, 0xFE, 0x08, 0x20, 0x3E, 0xF8, 0x08, 0x28, 0x3E, 0xAA, 0x08, 0x66,
    0x38, 0x92, 0x00, 0x00, 0x1F, 0xF0, 0x00, 0x00, 0x7F, 0xFC, 0x04, 0x00, 0x08, 0x10, 0x1F, 0xF8,
    0x04, 0x44, 0x7C, 0x78, 0x04, 0x42, 0x1C, 0x3E, 0xE4, 0x00, 0x3F, 0xF8, 0x21, 0x08, 0x3F, 0xF8,
    0x21, 0x08, 0x3F, 0xF8, 0x04, 0x40, 0x3F, 0xF8, 0x04, 0x40, 0xFF, 0xFE, 0x10, 0x10, 0x20, 0x08,
    0x44, 0x00, 0x25, 0xFE, 0x29, 0x02, 0x7D, 0x02, 0x55, 0xFE, 0x55, 0x24, 0x7D, 0x24, 0x55, 0x7E,
    0x55, 0x24, 0x7D, 0x24, 0x11, 0xFE, 0x11, 0x52, 0xFD, 0x54, 0x12, 0x48, 0x12, 0x64, 0x14, 0x42,
    0x00, 0x00, 0x7F, 0xFC, 0x40, 0x04, 0x40, 0x04, 0x40, 0x04, 0x40, 0x04, 0x40, 0x04, 0x40, 0x04,
    0x40, 0x04, 0x40, 0x04, 0x40, 0x04, 0x40, 0x04, 0x40, 0x04, 0x40, 0x04, 0x40, 0x14, 0x40, 0x08,
    0x00, 0x00, 0x7F, 0xFC, 0x40, 0x04, 0x40, 0x04, 0x40, 0x04, 0x5F, 0xF4, 0x40, 0x04, 0x40, 0x04,
    0x40, 0x04, 0x5F, 0xF4, 0x40, 0x04, 0x40, 0x04, 0x40, 0x04, 0x40, 0x04, 0x40, 0x14, 0x40, 0x08,
    0x00, 0x00, 0x3F, 0xF8, 0x20, 0x08, 0x20, 0x08, 0x20, 0x08, 0xFF, 0xFE, 0x20, 0x08, 0x20, 0x08,
    0x20, 0x08, 0xFF, 0xFE, 0x20, 0x08, 0x20, 0x08, 0x20, 0x08, 0x20, 0x08, 0x20, 0x28, 0x20, 0x10,
    0x01, 0x00, 0x01, 0x00, 0x01, 0x00, 0x7F, 0xFC, 0x41, 0x04, 0x41, 0x04, 0x41, 0x04, 0x42, 0x84,
    0x42, 0x44, 0x44, 0x24, 0x48, 0x14, 0x50, 0x14, 0x40, 0x04, 0x40, 0x04, 0x40, 0x14, 0x40, 0x08,
    0x00, 0x00, 0x7F, 0xFC, 0x41, 0x04, 0x41, 0x04, 0x41, 0x04, 0x41, 0x04, 0x41, 0x04, 0x7F, 0xFC,
    0x40, 0x04, 0x40, 0x04, 0x40, 0x04, 0x40, 0x04, 0x40, 0x04, 0x40, 0x04, 0x40, 0x14, 0x40, 0x08,
    0x02, 0x00, 0x02, 0x00, 0xFF, 0xFE, 0x04, 0x00, 0x04, 0x00, 0x0F, 0xF0, 0x08, 0x10, 0x18, 0x10,
    0x28, 0x10, 0x48, 0x10, 0x88, 0x10, 0x08, 0x10, 0x08, 0x10, 0x08, 0x10, 0x08, 0x50, 0x08, 0x20,
    0x00, 0x00, 0x7F, 0xFC, 0x40, 0x04, 0x40, 0x04, 0x40, 0x04, 0x48, 0x24, 0x44, 0x44, 0x42, 0x84,
    0x41, 0x04, 0x42, 0x84, 0x44, 0x44, 0x48, 0x24, 0x40, 0x04, 0x40, 0x04, 0x40, 0x14, 0x40, 0x08,
    0x01, 0x00, 0x01, 0x00, 0x01, 0x00, 0x3F, 0xF8, 0x21, 0x08, 0x21, 0x08, 0x3F, 0xF8, 0x21, 0x08,
    0x21, 0x08, 0x21, 0x08, 0xFF, 0xFE, 0x20, 0x08, 0x20, 0x08, 0x20, 0x08, 0x20, 0x28, 0x20, 0x10,
    0x00, 0x00, 0x3F, 0xF8, 0x24, 0x48, 0x24, 0x48, 0x24, 0x48, 0x24, 0x48, 0x24, 0x48, 0xFF, 0xFE,
    0x24, 0x48, 0x24, 0x48, 0x24, 0x48, 0x24, 0x48, 0x24, 0x48, 0x24, 0x08, 0x20, 0x28, 0x20, 0x10,
    0x00, 0x00, 0x7F, 0xFC, 0x40, 0x04, 0x40, 0x04, 0x40, 0x04, 0x47, 0xC4, 0x44, 0x44, 0x44, 0x44,
    0x44, 0x44, 0x44, 0x44, 0x47, 0xC4, 0x44, 0x44, 0x40, 0x04, 0x40, 0x04, 0x40, 0x14, 0x40, 0x08,
    0x00, 0x00, 0x1E, 0x78, 0x12, 0x48, 0x12, 0x48, 0x12, 0x48, 0x12, 0x48, 0x12, 0x48, 0xFF, 0xFE,
    0x12, 0x48, 0x12, 0x48, 0x12, 0x48, 0x12, 0x48, 0x12, 0x48, 0x12, 0x88, 0x26, 0xA8, 0x41, 0x10,
    0x00, 0x00, 0xFF, 0xFE, 0x01, 0x00, 0x01, 0x00, 0x3F, 0xF8, 0x21, 0x08, 0x21, 0x08, 0x3F, 0xF8,
    0x21, 0x08, 0x21, 0x08, 0xFF, 0xFE, 0x20, 0x08, 0x20, 0x08, 0x20, 0x08, 0x20, 0x28, 0x20, 0x10,
    0x00, 0x00, 0x1F, 0xF0, 0x10, 0x10, 0x10, 0x10, 0x1F, 0x90, 0x10, 0x90, 0x10, 0x90, 0x7F, 0xFC,
    0x40, 0x04, 0x40, 0x04, 0x40, 0x04, 0x40, 0x04, 0x40, 0x04, 0x40, 0x04, 0x40, 0x14, 0x40, 0x08,
    0x00, 0x00, 0x7F, 0xFC, 0x40, 0x04, 0x44, 0x44, 0x48, 0x24, 0x50, 0x14, 0x67, 0xCC, 0x44, 0x44,
    0x44, 0x44, 0x44, 0x44, 0x44, 0x44, 0x47, 0xC4, 0x44, 0x44, 0x40, 0x04, 0x40, 0x14, 0x40, 0x08,
    0x00, 0x00, 0x3F, 0xF8, 0x20, 0x08, 0x2F, 0xE8, 0x20, 0x08, 0x2F, 0xE8, 0x00, 0x00, 0x1F, 0xF0,
    0x10, 0x10, 0x1F, 0xF0, 0x10, 0x10, 0x1F, 0xF0, 0x10, 0x10, 0x10, 0x10, 0x10, 0x50, 0x10, 0x20,
    0x01, 0x00, 0x01, 0x00, 0x3F, 0xF8, 0x21, 0x08, 0x3F, 0xF8, 0x21, 0x08, 0x3F, 0xF8, 0x00, 0x00,
    0x1F, 0xF0, 0x10, 0x10, 0x17, 0xD0, 0x10, 0x10, 0x17, 0xD0, 0x10, 0x10, 0x10, 0x50, 0x10, 0x20,
    0x00, 0x00, 0x3F, 0xF8, 0x20, 0x08, 0x2F, 0xE8, 0x20, 0x08, 0x2F, 0xE8, 0x20, 0x08, 0x00, 0x00,
    0x1F, 0xF0, 0x10, 0x10, 0x1F, 0xF0, 0x10, 0x10, 0x1F, 0xF0, 0x10, 0x10, 0x1F, 0xF0, 0x10, 0x10,
    0x08, 0x20, 0x08, 0x20, 0x7F, 0xFC, 0x08, 0x20, 0x3F, 0xF8, 0x08, 0x20, 0xFF, 0xFE, 0x01, 0x00,
    0x3F, 0xF8, 0x21, 0x08, 0x3F, 0xF8, 0x21, 0x08, 0xFF, 0xFE, 0x20, 0x08, 0x20, 0x28, 0x20, 0x10,
    0x00, 0x00, 0x3F, 0xF8, 0x20, 0x08, 0x2F, 0xE8, 0x20, 0x08, 0x2F, 0xE8, 0x00, 0x00, 0x7D, 0xFC,
    0x44, 0x20, 0x44, 0x20, 0x47, 0xFE, 0x44, 0x20, 0x7C, 0x20, 0x44, 0x20, 0x00, 0xA0, 0x00, 0x40,
    0x7F, 0xFC, 0x40, 0x04, 0x5F, 0xF4, 0x40, 0x04, 0x5F, 0xF4, 0x04, 0x00, 0x0F, 0xE0, 0x10, 0x20,
    0x3F, 0xF8, 0x51, 0x08, 0x11, 0x08, 0x1F, 0xF8, 0x02, 0x80, 0x04, 0x82, 0x18, 0x82, 0x60, 0x7E,
    0x00, 0x00, 0x7F, 0xFE, 0x40, 0x02, 0x80, 0x04, 0x00, 0x00, 0x00, 0x00, 0x00, 0x00, 0x00, 0x00,
    0x00, 0x00, 0x00, 0x00, 0x00, 0x00, 0x00, 0x00, 0x00, 0x00, 0x00, 0x00, 0x00, 0x00, 0x00, 0x00,
    0x00, 0x00, 0x00, 0x00, 0x7F, 0xFE, 0x40, 0x02, 0x80, 0x04, 0x00, 0x00, 0x0F, 0xC0, 0x08, 0x40,
    0x08, 0x40, 0x08, 0x40, 0x08, 0x40, 0x10, 0x42, 0x10, 0x42, 0x20, 0x42, 0x40, 0x3E, 0x80, 0x00,
    0x01, 0x00, 0x01, 0x00, 0x01, 0x00, 0x3F, 0xFC, 0x21, 0x04, 0x41, 0x08, 0x01, 0x00, 0x02, 0x80,
    0x02, 0x80, 0x02, 0x80, 0x04, 0x80, 0x04, 0x80, 0x08, 0x84, 0x10, 0x84, 0x20, 0x7C, 0x40, 0x00,
    0x00, 0x00, 0x7F, 0xFE, 0x40, 0x02, 0x90, 0x04, 0x10, 0x00, 0x1F, 0xF8, 0x10, 0x00, 0x20, 0x00,
    0x3F, 0xF8, 0x00, 0x08, 0x00, 0x08, 0xFF, 0xC8, 0x00, 0x08, 0x00, 0x08, 0x00, 0x50, 0x00, 0x20,
    0x00, 0x00, 0x00, 0x00, 0x7F, 0xFE, 0x40, 0x02, 0x81, 0x04, 0x01, 0x00, 0x01, 0x00, 0x21, 0x08,
    0x21, 0x08, 0x21, 0x08, 0x21, 0x08, 0x21, 0x08, 0x21, 0x08, 0x21, 0x08, 0x3F, 0xF8, 0x00, 0x08,
    0x00, 0x00, 0x7F, 0xFE, 0x40, 0x02, 0x82, 0x04, 0x02, 0x00, 0x3F, 0xF8, 0x04, 0x00, 0x09, 0x00,
    0x11, 0x00, 0x3F, 0xF8, 0x01, 0x00, 0x01, 0x00, 0xFF, 0xFE, 0x01, 0x00, 0x01, 0x00, 0x01, 0x00,
    0x01, 0x00, 0x01, 0x00, 0x01, 0x00, 0x7F, 0xFC, 0x42, 0x04, 0x82, 0x08, 0x05, 0x00, 0x05, 0x08,
    0x08, 0x90, 0x18, 0xA0, 0x28, 0x40, 0x48, 0x20, 0x88, 0x10, 0x0A, 0x08, 0x0C, 0x06, 0x08, 0x00,
    0x00, 0x00, 0x7F, 0xFE, 0x40, 0x02, 0x80, 0x04, 0x1F, 0xF0, 0x10, 0x10, 0x10, 0x10, 0x1F, 0xF0,
    0x10, 0x10, 0x10, 0x10, 0x1F, 0xF0, 0x10, 0x10, 0x10, 0x10, 0x10, 0x10, 0xFF, 0xFE, 0x00, 0x00,
    0x00, 0x00, 0x7F, 0xFE, 0x40, 0x02, 0x81, 0x04, 0x11, 0x10, 0x09, 0x20, 0x05, 0x40, 0x01, 0x00,
    0x7F, 0xFC, 0x05, 0x40, 0x09, 0x20, 0x11, 0x10, 0x21, 0x08, 0xC1, 0x06, 0x01, 0x00, 0x01, 0x00,
    0x00, 0x00, 0x7F, 0xFE, 0x41, 0x02, 0x82, 0x04, 0x1F, 0xF0, 0x10, 0x10, 0x1F, 0xF0, 0x10, 0x10,
    0x1F, 0xF0, 0x00, 0x00, 0x10, 0xF0, 0x1F, 0x00, 0x10, 0x04, 0x10, 0x04, 0x0F, 0xFC, 0x00, 0x00,
    0x00, 0x00, 0x7F, 0xFE, 0x40, 0x02, 0x80, 0x04, 0x3E, 0x08, 0x00, 0x08, 0x00, 0xFE, 0x7E, 0x08,
    0x14, 0x48, 0x14, 0x28, 0x14, 0x08, 0x14, 0x2A, 0x24, 0x12, 0x24, 0x02, 0x43, 0xFE, 0x80, 0x00,
    0x00, 0x00, 0x7F, 0xFE, 0x40, 0x02, 0x9F, 0xF4, 0x00, 0x00, 0x7F, 0xFC, 0x02, 0x00, 0x0D, 0x08,
    0x71, 0x90, 0x02, 0xA0, 0x0C, 0xC0, 0x71, 0xA0, 0x06, 0x98, 0x18, 0x86, 0xE2, 0x80, 0x01, 0x00,
    0x00, 0x00, 0x7F, 0xFE, 0x40, 0x02, 0x80, 0x04, 0x7F, 0xFC, 0x02, 0x00, 0x06, 0x08, 0x19, 0x10,
    0x6A, 0xA0, 0x04, 0xC0, 0x1B, 0xA0, 0x62, 0x98, 0x0C, 0x86, 0x30, 0x80, 0xC2, 0x80, 0x01, 0x00,
    0x00, 0x00, 0x7F, 0xFE, 0x40, 0x02, 0x80, 0x04, 0x7F, 0x00, 0x22, 0xFC, 0x22, 0x44, 0x3E, 0x44,
    0x22, 0x44, 0x22, 0x28, 0x3E, 0x28, 0x22, 0x10, 0x27, 0x90, 0xFA, 0x28, 0x42, 0x44, 0x02, 0x82,
    0x00, 0x00, 0x7F, 0xFE, 0x40, 0x02, 0x88, 0x04, 0x0F, 0xE0, 0x10, 0x20, 0x20, 0x40, 0x5F, 0xF8,
    0x11, 0x08, 0x11, 0x08, 0x1F, 0xF8, 0x02, 0x80, 0x04, 0xA0, 0x08, 0x92, 0x10, 0x82, 0x60, 0x7E,
    0x00, 0x00, 0x7F, 0xFE, 0x40, 0x02, 0x80, 0x04, 0x1F, 0xF0, 0x10, 0x10, 0x1F, 0xF0, 0x10, 0x10,
    0x1F, 0xF0, 0x12, 0x10, 0x01, 0x00, 0xFF, 0xFE, 0x00, 0x00, 0x08, 0x20, 0x10, 0x10, 0x20, 0x08,
    0x00, 0x00, 0x00, 0x00, 0x7F, 0xFE, 0x40, 0x02, 0x80, 0x24, 0x3E, 0x38, 0x00, 0x20, 0x00, 0x20,
    0x7E, 0xF8, 0x14, 0x08, 0x14, 0x50, 0x14, 0x20, 0x14, 0x54, 0x24, 0x84, 0x24, 0x04, 0x43, 0xFC,
    0x00, 0x00, 0x7F, 0xFE, 0x40, 0x02, 0x80, 0x04, 0x08, 0x20, 0x08, 0x20, 0x08, 0x20, 0x7E, 0xFC,
    0x08, 0x20, 0x1C, 0x30, 0x1A, 0x70, 0x2A, 0x68, 0x48, 0xA4, 0x89, 0x22, 0x08, 0x20, 0x08, 0x20,
    0x00, 0x00, 0x7F, 0xFE, 0x40, 0x02, 0x80, 0x04, 0x3F, 0xF8, 0x00, 0x00, 0x1F, 0xF0, 0x10, 0x10,
    0x1F, 0xF0, 0x00, 0x00, 0x3F, 0xF8, 0x21, 0x08, 0x3F, 0xF8, 0x21, 0x08, 0x3F, 0xF8, 0x20, 0x08,
    0x00, 0x00, 0x7F, 0xFE, 0x40, 0x02, 0x82, 0x04, 0x1C, 0xF0, 0x10, 0x10, 0x1E, 0xF0, 0x10, 0x10,
    0x1F, 0xF0, 0x08, 0x00, 0x1F, 0xFC, 0x20, 0x04, 0x49, 0x24, 0x24, 0x94, 0x24, 0x94, 0x40, 0x08,
    0xFF, 0xFE, 0x84, 0x42, 0x3F, 0xF8, 0x04, 0x40, 0x1F, 0xF0, 0x10, 0x10, 0x1F, 0xF0, 0x10, 0x10,
    0x1F, 0xF0, 0x02, 0x00, 0x7F, 0xFC, 0x09, 0x20, 0x3F, 0xF8, 0xD1, 0x16, 0x11, 0x30, 0x01, 0x00,
    0x00, 0x00, 0x40, 0x00, 0x20, 0x00, 0x20, 0x00, 0x00, 0x00, 0x08, 0x00, 0x08, 0x00, 0x10, 0x00,
    0x10, 0x00, 0xE0, 0x00, 0x20, 0x00, 0x20, 0x00, 0x20, 0x00, 0x20, 0x00, 0x20, 0x00, 0x00, 0x00,
    0x04, 0x00, 0x04, 0x00, 0x0F, 0xF0, 0x10, 0x10, 0x28, 0x20, 0x44, 0x40, 0x03, 0x80, 0x0C, 0x60,
    0x30, 0x18, 0xC0, 0x06, 0x07, 0x00, 0x00, 0xC0, 0x00, 0x20, 0x0E, 0x00, 0x01, 0x80, 0x00, 0x40,
    0x01, 0x00, 0x01, 0x00, 0x01, 0x00, 0xFF, 0xFE, 0x02, 0x80, 0x04, 0x40, 0x08, 0x20, 0x10, 0x10,
    0x26, 0x08, 0xC1, 0x86, 0x00, 0x40, 0x00, 0x00, 0x0C, 0x00, 0x03, 0x00, 0x00, 0xC0, 0x00, 0x20,
    0x00, 0x00, 0x40, 0x00, 0x27, 0xFC, 0x20, 0x40, 0x00, 0x40, 0x08, 0x40, 0x08, 0x40, 0x10, 0x40,
    0x10, 0x40, 0xE0, 0x40, 0x20, 0x40, 0x20, 0x40, 0x20, 0x40, 0x2F, 0xFE, 0x20, 0x00, 0x00, 0x00,
    0x00, 0x00, 0x47, 0xF0, 0x20, 0x10, 0x20, 0x10, 0x02, 0x10, 0x0A, 0x10, 0x0A, 0x10, 0x13, 0xFC,
    0x10, 0x04, 0xE0, 0x04, 0x20, 0x04, 0x27, 0xF4, 0x20, 0x04, 0x20, 0x04, 0x20, 0x28, 0x00, 0x10,
    0x00, 0x40, 0x40, 0x40, 0x20, 0x40, 0x20, 0x44, 0x00, 0x68, 0x07, 0x70, 0x11, 0x60, 0x11, 0x50,
    0x21, 0x50, 0xE2, 0x48, 0x22, 0x48, 0x24, 0x44, 0x28, 0x42, 0x20, 0x40, 0x21, 0x40, 0x00, 0x80,
    0x00, 0x00, 0x47, 0xFE, 0x20, 0x80, 0x20, 0x80, 0x00, 0x80, 0x08, 0xF8, 0x09, 0x08, 0x11, 0x08,
    0x11, 0x08, 0x22, 0x08, 0xE3, 0xF8, 0x20, 0x10, 0x20, 0x10, 0x20, 0x10, 0x27, 0xFE, 0x00, 0x00,
    0x00, 0x40, 0x40, 0x40, 0x20, 0x40, 0x20, 0x40, 0x07, 0xFC, 0x04, 0x44, 0x14, 0x44, 0x14, 0x44,
    0x24, 0x44, 0xE4, 0x44, 0x27, 0xFC, 0x24, 0x44, 0x20, 0x40, 0x20, 0x40, 0x20, 0x40, 0x00, 0x40,
    0x00, 0x80, 0x40, 0x80, 0x20, 0x80, 0x27, 0xF8, 0x00, 0x88, 0x00, 0x88, 0x10, 0x88, 0x10, 0x88,
    0x2F, 0xFE, 0xE0, 0x80, 0x21, 0x40, 0x21, 0x40, 0x22, 0x20, 0x24, 0x10, 0x28, 0x08, 0x10, 0x06,
    0x00, 0x00, 0x43, 0xFC, 0x20, 0x10, 0x21, 0x10, 0x01, 0x10, 0x09, 0x10, 0x0A, 0x10, 0x13, 0xFE,
    0x10, 0x30, 0xE0, 0x50, 0x20, 0x90, 0x21, 0x10, 0x22, 0x10, 0x24, 0x10, 0x20, 0x50, 0x00, 0x20,
    0x00, 0x00, 0x47, 0xF8, 0x24, 0x08, 0x24, 0x08, 0x04, 0x08, 0x04, 0x08, 0x17, 0xF8, 0x11, 0x20,
    0x21, 0x20, 0xE1, 0x20, 0x21, 0x20, 0x22, 0x20, 0x22, 0x22, 0x24, 0x22, 0x28, 0x1E, 0x10, 0x00,
    0x00, 0x40, 0x40, 0x40, 0x20, 0x80, 0x21, 0x10, 0x02, 0x08, 0x07, 0xFC, 0x10, 0x04, 0x10, 0x00,
    0x23, 0xF8, 0xE2, 0x08, 0x22, 0x08, 0x22, 0x08, 0x22, 0x08, 0x22, 0x08, 0x23, 0xF8, 0x02, 0x08,
    0x00, 0x40, 0x40, 0x40, 0x20, 0xA0, 0x20, 0xA0, 0x01, 0x10, 0x02, 0x48, 0x14, 0x26, 0x10, 0x20,
    0x23, 0xF8, 0xE0, 0x08, 0x20, 0x10, 0x21, 0x10, 0x20, 0xA0, 0x20, 0x40, 0x20, 0x20, 0x00, 0x20,
    0x00, 0x40, 0x42, 0x44, 0x21, 0x48, 0x21, 0x50, 0x00, 0x40, 0x07, 0xFC, 0x10, 0x40, 0x10, 0x40,
    0x20, 0x40, 0xEF, 0xFE, 0x20, 0x40, 0x20, 0x40, 0x20, 0x40, 0x20, 0x40, 0x20, 0x40, 0x00, 0x40,
    0x00, 0x90, 0x40, 0x88, 0x20, 0x88, 0x20, 0x80, 0x07, 0xFE, 0x00, 0x80, 0x11, 0x00, 0x11, 0xFC,
    0x21, 0x44, 0xE2, 0x44, 0x22, 0x48, 0x24, 0x50, 0x24, 0x20, 0x28, 0x50, 0x20, 0x88, 0x03, 0x06,
    0x00, 0x00, 0x43, 0xFC, 0x22, 0x04, 0x22, 0x04, 0x02, 0x04, 0x0B, 0xFC, 0x0A, 0x20, 0x12, 0x20,
    0x13, 0xFE, 0xE2, 0x20, 0x22, 0x20, 0x22, 0x10, 0x22, 0x12, 0x22, 0x8A, 0x23, 0x06, 0x02, 0x02,
    0x00, 0x40, 0x40, 0x40, 0x20, 0x40, 0x27, 0xFE, 0x00, 0x80, 0x09, 0x20, 0x09, 0x20, 0x12, 0x20,
    0x13, 0xFC, 0xE0, 0x20, 0x21, 0x28, 0x21, 0x24, 0x22, 0x22, 0x24, 0x22, 0x20, 0xA0, 0x00, 0x40,
    0x00, 0x40, 0x42, 0x40, 0x22, 0x40, 0x23, 0xFC, 0x04, 0x40, 0x00, 0x40, 0x10, 0x40, 0x17, 0xFE,
    0x21, 0x20, 0xE1, 0x20, 0x21, 0x20, 0x21, 0x20, 0x22, 0x22, 0x22, 0x22, 0x24, 0x1E, 0x08, 0x00,
    0x00, 0x04, 0x40, 0x04, 0x2F, 0xC4, 0x22, 0x24, 0x02, 0x24, 0x03, 0xA4, 0x12, 0xA4, 0x14, 0xA4,
    0x26, 0xA4, 0xE5, 0xA4, 0x29, 0x24, 0x21, 0x24, 0x22, 0x04, 0x22, 0x04, 0x24, 0x14, 0x08, 0x08,
    0x00, 0x40, 0x40, 0x40, 0x20, 0xA0, 0x21, 0x10, 0x02, 0x08, 0x14, 0x06, 0x13, 0xF8, 0x10, 0x00,
    0x20, 0x00, 0x23, 0xF8, 0xE2, 0x08, 0x22, 0x08, 0x22, 0x08, 0x22, 0x08, 0x23, 0xF8, 0x02, 0x08,
    0x00, 0x40, 0x40, 0x40, 0x23, 0xF8, 0x20, 0x48, 0x07, 0xFE, 0x00, 0x48, 0x13, 0xF8, 0x10, 0x40,
    0x20, 0x40, 0xE7, 0xFC, 0x20, 0x40, 0x20, 0x40, 0x2F, 0xFE, 0x20, 0x40, 0x20, 0x40, 0x00, 0x40,
    0x01, 0x00, 0x41, 0x00, 0x23, 0xF0, 0x24, 0x10, 0x00, 0x20, 0x17, 0xFC, 0x10, 0x44, 0x10, 0x44,
    0x2F, 0xFE, 0x20, 0x44, 0xE0, 0x44, 0x27, 0xFC, 0x20, 0x44, 0x20, 0x40, 0x21, 0x40, 0x00, 0x80,
    0x00, 0x40, 0x40, 0x40, 0x2F, 0xFE, 0x20, 0x40, 0x00, 0x40, 0x07, 0xFC, 0x14, 0x44, 0x14, 0x44,
    0x27, 0xFC, 0xE0, 0x40, 0x20, 0xE0, 0x21, 0x50, 0x22, 0x48, 0x2C, 0x46, 0x20, 0x40, 0x00, 0x40,
    0x01, 0x00, 0x41, 0x00, 0x21, 0xF0, 0x22, 0x10, 0x02, 0x20, 0x07, 0xFC, 0x1A, 0x44, 0x12, 0x44,
    0x22, 0x44, 0xE3, 0xFC, 0x22, 0xA4, 0x20, 0xA0, 0x21, 0x20, 0x22, 0x22, 0x24, 0x22, 0x08, 0x1E,
    0x00, 0x40, 0x40, 0x40, 0x20, 0xA0, 0x21, 0x10, 0x02, 0x08, 0x05, 0xF6, 0x10, 0x40, 0x10, 0x40,
    0x27, 0xFC, 0xE0, 0x40, 0x22, 0x50, 0x22, 0x48, 0x24, 0x44, 0x28, 0x44, 0x21, 0x40, 0x00, 0x80,
    0x00, 0x40, 0x40, 0x40, 0x27, 0xFC, 0x20, 0x40, 0x03, 0xF8, 0x00, 0x48, 0x17, 0xFE, 0x10, 0x48,
    0x23, 0xF8, 0xE0, 0x80, 0x27, 0xFE, 0x21, 0x08, 0x23, 0x90, 0x20, 0x60, 0x21, 0x98, 0x06, 0x04,
    0x00, 0x00, 0x47, 0xFC, 0x24, 0x44, 0x24, 0x44, 0x07, 0xFC, 0x04, 0x44, 0x14, 0x44, 0x15, 0xF4,
    0x25, 0x14, 0xE5, 0x14, 0x25, 0x14, 0x25, 0xF4, 0x25, 0x14, 0x24, 0x04, 0x27, 0xFC, 0x04, 0x04,
    0x01, 0x40, 0x41, 0x20, 0x21, 0x20, 0x23, 0xFE, 0x02, 0x20, 0x16, 0x20, 0x1B, 0xFC, 0x12, 0x20,
    0x22, 0x20, 0x23, 0xFC, 0xE2, 0x20, 0x22, 0x20, 0x22, 0x20, 0x23, 0xFE, 0x22, 0x00, 0x02, 0x00,
    0x02, 0x08, 0x42, 0x28, 0x22, 0x28, 0x22, 0x28, 0x0F, 0xA4, 0x02, 0x44, 0x12, 0x54, 0x16, 0x92,
    0x27, 0x10, 0xEA, 0xA0, 0x2A, 0x20, 0x32, 0x28, 0x22, 0x44, 0x22, 0xFC, 0x22, 0x44, 0x02, 0x00,
    0x00, 0x3C, 0x47, 0xC0, 0x22, 0x44, 0x21, 0x28, 0x00, 0x00, 0x0B, 0xF8, 0x08, 0x48, 0x10, 0x48,
    0x17, 0xFE, 0xE0, 0x48, 0x20, 0x48, 0x23, 0xF8, 0x20, 0x48, 0x20, 0x40, 0x21, 0x40, 0x00, 0x80,
    0x00, 0x80, 0x40, 0x40, 0x2F, 0xFE, 0x20, 0x00, 0x00, 0x00, 0x03, 0xF8, 0x12, 0x08, 0x12, 0x08,
    0x23, 0xF8, 0xE0, 0x40, 0x22, 0x50, 0x22, 0x48, 0x24, 0x44, 0x28, 0x44, 0x21, 0x40, 0x00, 0x80,
    0x00, 0x40, 0x40, 0x40, 0x27, 0xFC, 0x20, 0x40, 0x03, 0xF8, 0x10, 0x40, 0x17, 0xFE, 0x10, 0x00,
    0x23, 0xF8, 0x22, 0x08, 0xE3, 0xF8, 0x22, 0x08, 0x23, 0xF8, 0x22, 0x08, 0x22, 0x28, 0x02, 0x10,
    0x00, 0x00, 0x47, 0xFC, 0x24, 0x44, 0x24, 0x44, 0x05, 0xF4, 0x04, 0x44, 0x14, 0x44, 0x17, 0xFC,
    0x24, 0x04, 0xE5, 0xF4, 0x25, 0x14, 0x25, 0x14, 0x25, 0xF4, 0x24, 0x04, 0x24, 0x14, 0x08, 0x08,
    0x00, 0x40, 0x40, 0x40, 0x23, 0xF8, 0x20, 0x40, 0x00, 0x40, 0x07, 0xFE, 0x11, 0x10, 0x12, 0x88,
    0x24, 0x84, 0xE1, 0xF0, 0x23, 0x10, 0x24, 0xA0, 0x20, 0x40, 0x20, 0xA0, 0x23, 0x10, 0x0C, 0x0C,
    0x00, 0x40, 0x40, 0x40, 0x27, 0xFC, 0x20, 0x40, 0x03, 0xF8, 0x0A, 0x48, 0x0B, 0xF8, 0x12, 0x48,
    0x13, 0xF8, 0xE0, 0x40, 0x20, 0xE0, 0x21, 0x50, 0x22, 0x48, 0x2C, 0x46, 0x20, 0x40, 0x00, 0x40,
    0x00, 0x40, 0x40, 0x40, 0x20, 0xA0, 0x21, 0x10, 0x02, 0x08, 0x04, 0x06, 0x11, 0xF0, 0x10, 0x40,
    0x20, 0x40, 0xE3, 0xF8, 0x20, 0x40, 0x22, 0x48, 0x21, 0x48, 0x21, 0x50, 0x2F, 0xFE, 0x00, 0x00,
    0x00, 0x14, 0x40, 0x12, 0x20, 0x10, 0x27, 0xFE, 0x04, 0x10, 0x04, 0x10, 0x15, 0xD0, 0x14, 0x12,
    0x24, 0x12, 0xE5, 0xD4, 0x25, 0x54, 0x25, 0x48, 0x25, 0xDA, 0x24, 0x2A, 0x28, 0x46, 0x10, 0x82,
    0x00, 0x00, 0x47, 0xFC, 0x20, 0xA0, 0x20, 0xA0, 0x07, 0xFC, 0x04, 0xA4, 0x14, 0xA4, 0x14, 0xA4,
    0x27, 0xFC, 0xE0, 0x40, 0x20, 0x40, 0x27, 0xFC, 0x20, 0x40, 0x20, 0x40, 0x2F, 0xFE, 0x00, 0x00,
    0x00, 0x40, 0x40, 0x40, 0x27, 0xFC, 0x20, 0x40, 0x03, 0xF8, 0x00, 0x80, 0x17, 0xFC, 0x11, 0x10,
    0x22, 0x08, 0xE5, 0xF6, 0x20, 0x40, 0x23, 0xF8, 0x20, 0x40, 0x20, 0xA0, 0x21, 0x10, 0x06, 0x08,
    0x00, 0x40, 0x42, 0x48, 0x22, 0x48, 0x22, 0x48, 0x03, 0xF8, 0x00, 0x00, 0x17, 0xFC, 0x10, 0x00,
    0x23, 0xF8, 0xE2, 0x08, 0x22, 0x08, 0x23, 0xF8, 0x21, 0x10, 0x20, 0xA0, 0x27, 0xFE, 0x00, 0x00,
    0x00, 0x00, 0x47, 0xFC, 0x20, 0xA0, 0x20, 0xA0, 0x07, 0xFC, 0x04, 0xA4, 0x14, 0xA4, 0x17, 0xFC,
    0x20, 0x40, 0xE0, 0x40, 0x27, 0xFC, 0x20, 0xE0, 0x21, 0x50, 0x22, 0x48, 0x2C, 0x46, 0x00, 0x40,
    0x00, 0x40, 0x40, 0x40, 0x20, 0xA0, 0x21, 0x90, 0x02, 0x48, 0x17, 0xFE, 0x1A, 0x08, 0x13, 0xF8,
    0x22, 0x08, 0x23, 0xF8, 0xE2, 0x00, 0x23, 0xF8, 0x25, 0x08, 0x25, 0x08, 0x29, 0xF8, 0x01, 0x08,
    0x00, 0x00, 0x47, 0xFC, 0x24, 0x04, 0x20, 0x00, 0x03, 0xF8, 0x0A, 0x08, 0x0B, 0xF8, 0x12, 0x08,
    0x13, 0xF8, 0xE0, 0x80, 0x20, 0x40, 0x27, 0xFC, 0x20, 0x00, 0x21, 0x10, 0x22, 0x08, 0x04, 0x04,
    0x41, 0x40, 0x21, 0x20, 0x03, 0xFE, 0x0A, 0x20, 0x17, 0xFC, 0xEA, 0x20, 0x23, 0xFC, 0x22, 0x20,
    0x23, 0xFE, 0x02, 0x00, 0x01, 0x00, 0xFF, 0xFE, 0x01, 0x00, 0x01, 0x00, 0x01, 0x00, 0x01, 0x00,
    0x00, 0x40, 0x44, 0x44, 0x27, 0xFC, 0x21, 0x20, 0x01, 0x10, 0x03, 0xFE, 0x12, 0x20, 0x16, 0x20,
    0x2B, 0xFC, 0xE2, 0x20, 0x22, 0x20, 0x23, 0xFC, 0x22, 0x20, 0x22, 0x20, 0x23, 0xFE, 0x02, 0x00,
    0x04, 0x80, 0x44, 0x82, 0x24, 0x9C, 0x2F, 0xD0, 0x04, 0x90, 0x07, 0x90, 0x14, 0x9E, 0x17, 0x94,
    0x24, 0x94, 0xE4, 0x94, 0x2F, 0xD4, 0x20, 0x14, 0x25, 0x14, 0x28, 0xA4, 0x30, 0x24, 0x00, 0x44,
    0x00, 0x00, 0x47, 0xFC, 0x24, 0xA4, 0x27, 0xFC, 0x00, 0x40, 0x03, 0xF8, 0x10, 0x40, 0x17, 0xFC,
    0x21, 0x10, 0xE0, 0xA0, 0x23, 0xF8, 0x20, 0x40, 0x2F, 0xFE, 0x20, 0x40, 0x20, 0x40, 0x00, 0x40,
    0x01, 0x10, 0x41, 0x10, 0x27, 0xBC, 0x21, 0x10, 0x03, 0xB8, 0x05, 0x54, 0x19, 0x12, 0x10, 0x00,
    0x23, 0xF8, 0xE0, 0x00, 0x27, 0xFC, 0x20, 0x40, 0x22, 0x48, 0x24, 0x44, 0x29, 0x42, 0x00, 0x80,
    0x00, 0x40, 0x4F, 0xFE, 0x20, 0x00, 0x27, 0xFC, 0x04, 0x04, 0x05, 0xF4, 0x15, 0x14, 0x15, 0xF4,
    0x24, 0x04, 0xE7, 0xFC, 0x20, 0x00, 0x23, 0xF8, 0x20, 0x00, 0x2F, 0xFE, 0x22, 0x48, 0x04, 0xC4,
    0x00, 0x40, 0x4F, 0xFE, 0x20, 0x00, 0x27, 0xFC, 0x04, 0x04, 0x05, 0xF4, 0x15, 0x14, 0x15, 0xF4,
    0x24, 0x04, 0xE7, 0xFC, 0x20, 0x08, 0x23, 0xF0, 0x20, 0x40, 0x2F, 0xFE, 0x21, 0x50, 0x0E, 0x4E,
    0x04, 0x00, 0x45, 0x7C, 0x26, 0x04, 0x24, 0xA8, 0x03, 0x90, 0x10, 0x7C, 0x14, 0x14, 0x17, 0x94,
    0x2A, 0x50, 0x22, 0x50, 0xEF, 0xDC, 0x22, 0x50, 0x25, 0x50, 0x24, 0xB0, 0x28, 0x9E, 0x01, 0x00,
    0x08, 0x00, 0x8B, 0xDE, 0x4A, 0x92, 0x4A, 0x92, 0x0B, 0xD2, 0x2A, 0x5E, 0x2A, 0x50, 0x2B, 0xD0,
    0x4A, 0x92, 0xCA, 0x92, 0x4B, 0xCE, 0x50, 0x00, 0x40, 0x00, 0x45, 0x24, 0x44, 0x92, 0x08, 0x92,
    0x00, 0x40, 0x4F, 0xFE, 0x20, 0x40, 0x27, 0xFC, 0x00, 0x00, 0x07, 0xFC, 0x14, 0xA4, 0x17, 0xFC,
    0x22, 0x08, 0xE3, 0xF8, 0x22, 0x08, 0x23, 0xF8, 0x22, 0x08, 0x23, 0xF8, 0x21, 0x10, 0x02, 0x08,
    0x00, 0x00, 0x0F, 0xE0, 0x08, 0x20, 0x08, 0x20, 0x08, 0x20, 0x08, 0x20, 0x08, 0x20, 0x08, 0x20,
    0x08, 0x20, 0x08, 0x20, 0x10, 0x20, 0x10, 0x22, 0x20, 0x22, 0x20, 0x22, 0x40, 0x1E, 0x80, 0x00,
    0x00, 0x00, 0x0F, 0xE0, 0x08, 0x20, 0x08, 0x20, 0x08, 0x20, 0x0A, 0x20, 0x09, 0x20, 0x08, 0xA0,
    0x08, 0xA0, 0x08, 0x20, 0x10, 0x20, 0x10, 0x22, 0x20, 0x22, 0x20, 0x22, 0x40, 0x1E, 0x80, 0x00,
    0x02, 0x00, 0x02, 0x00, 0x04, 0x00, 0x1F, 0xE0, 0x10, 0x20, 0x10, 0x20, 0x10, 0x20, 0x10, 0x20,
    0x10, 0x20, 0x10, 0x20, 0x10, 0x20, 0x10, 0x22, 0x20, 0x22, 0x20, 0x22, 0x40, 0x1E, 0x80, 0x00,
    0x02, 0x00, 0x02, 0x00, 0x02, 0x00, 0x02, 0x00, 0x1F, 0xE0, 0x10, 0x20, 0x10, 0x20, 0x10, 0x20,
    0x10, 0x20, 0x10, 0x20, 0x10, 0x20, 0x10, 0x22, 0x20, 0x22, 0x20, 0x22, 0x40, 0x1E, 0x80, 0x00,
    0x00, 0x00, 0x3F, 0xF8, 0x20, 0x08, 0x20, 0x08, 0x2F, 0xC8, 0x20, 0x48, 0x28, 0x48, 0x24, 0x88,
    0x22, 0x88, 0x21, 0x08, 0x22, 0x88, 0x24, 0x4A, 0x28, 0x4A, 0x40, 0x0A, 0x40, 0x06, 0x80, 0x02,
    0x00, 0x00, 0x3F, 0xFC, 0x20, 0x04, 0x20, 0x04, 0x3F, 0xFC, 0x20, 0x00, 0x20, 0x00, 0x23, 0xE0,
    0x22, 0x20, 0x22, 0x20, 0x22, 0x20, 0x22, 0x20, 0x24, 0x22, 0x44, 0x22, 0x48, 0x22, 0x90, 0x1E,
    0x10, 0x00, 0x10, 0xF0, 0x10, 0x90, 0x1E, 0x90, 0x12, 0x90, 0x22, 0x90, 0x22, 0x90, 0x52, 0x90,
    0x94, 0x94, 0x14, 0x94, 0x08, 0x94, 0x09, 0x0C, 0x14, 0x00, 0x23, 0x00, 0x40, 0xFE, 0x80, 0x00,
    0x00, 0x00, 0x3F, 0xF8, 0x20, 0x08, 0x21, 0x08, 0x21, 0x08, 0x21, 0x08, 0x2F, 0xE8, 0x29, 0x28,
    0x29, 0x28, 0x29, 0x28, 0x29, 0xA8, 0x29, 0x4A, 0x21, 0x0A, 0x41, 0x0A, 0x41, 0x06, 0x80, 0x02,
    0x00, 0x00, 0x3F, 0xF8, 0x20, 0x08, 0x20, 0x08, 0x2F, 0xC8, 0x20, 0x08, 0x20, 0x08, 0x3F, 0xE8,
    0x22, 0x08, 0x24, 0x88, 0x28, 0x48, 0x3F, 0xEA, 0x28, 0x2A, 0x40, 0x0A, 0x40, 0x06, 0x80, 0x02,
    0x00, 0x00, 0x3F, 0xF8, 0x20, 0x08, 0x21, 0x08, 0x21, 0x08, 0x21, 0x08, 0x2F, 0xE8, 0x21, 0x08,
    0x23, 0x88, 0x23, 0x48, 0x25, 0x28, 0x25, 0x2A, 0x29, 0x0A, 0x51, 0x0A, 0x41, 0x06, 0x80, 0x02,
    0x00, 0x00, 0x3F, 0xF8, 0x20, 0x08, 0x20, 0x88, 0x20, 0x88, 0x20, 0x88, 0x20, 0x88, 0x24, 0x88,
    0x24, 0xE8, 0x24, 0x88, 0x24, 0x88, 0x24, 0x8A, 0x24, 0x8A, 0x5F, 0xFA, 0x40, 0x06, 0x80, 0x02,
    0x02, 0x00, 0x04, 0x00, 0x3F, 0xE0, 0x20, 0x20, 0x24, 0x20, 0x22, 0xA0, 0x20, 0x40, 0x3F, 0xF8,
    0x00, 0x08, 0x1F, 0x88, 0x10, 0xA8, 0x10, 0x90, 0x10, 0x82, 0x20, 0x82, 0x40, 0x7E, 0x80, 0x00,
    0x00, 0x00, 0x3F, 0xF8, 0x20, 0x08, 0x20, 0x08, 0x2F, 0xE8, 0x20, 0x08, 0x20, 0x08, 0x27, 0xC8,
    0x24, 0x48, 0x24, 0x48, 0x27, 0xC8, 0x24, 0x4A, 0x24, 0x4A, 0x47, 0xCA, 0x44, 0x46, 0x80, 0x02,
    0x08, 0x38, 0x0B, 0xC0, 0x10, 0x40, 0x30, 0x40, 0x57, 0xFE, 0x90, 0x40, 0x10, 0x40, 0x10, 0x40,
    0x13, 0xF8, 0x00, 0x00, 0x0F, 0xE0, 0x08, 0x20, 0x08, 0x20, 0x10, 0x22, 0x20, 0x22, 0xC0, 0x1E,
    0x00, 0x00, 0x3F, 0xF8, 0x20, 0x08, 0x20, 0x08, 0x2F, 0xE8, 0x21, 0x08, 0x22, 0x08, 0x27, 0xC8,
    0x24, 0x48, 0x24, 0x48, 0x27, 0xC8, 0x24, 0x4A, 0x24, 0x4A, 0x47, 0xCA, 0x44, 0x46, 0x80, 0x02,
    0x10, 0x00, 0x92, 0xF0, 0x92, 0x90, 0x92, 0x90, 0xFE, 0x90, 0x00, 0x90, 0xFE, 0x90, 0x02, 0x90,
    0x02, 0x90, 0x7E, 0x90, 0x40, 0x90, 0x40, 0x92, 0x46, 0x92, 0x59, 0x12, 0x61, 0x0E, 0x02, 0x00,
    0x00, 0x00, 0x3F, 0xF8, 0x22, 0x08, 0x27, 0xC8, 0x24, 0x48, 0x27, 0xC8, 0x24, 0x48, 0x27, 0xC8,
    0x20, 0x08, 0x2F, 0xE8, 0x21, 0x08, 0x27, 0xCA, 0x21, 0x0A, 0x4F, 0xEA, 0x40, 0x06, 0x80, 0x02,
    0x08, 0x00, 0x49, 0x00, 0x49, 0x78, 0x7F, 0x48, 0x00, 0x48, 0xFF, 0x48, 0x00, 0x48, 0x7F, 0x48,
    0x41, 0x48, 0x41, 0x48, 0x7F, 0x48, 0x42, 0x48, 0x24, 0x4A, 0x0F, 0x4A, 0xF0, 0x8A, 0x41, 0x06,
    0x00, 0x00, 0x3F, 0xF8, 0x24, 0x48, 0x22, 0x88, 0x3F, 0xF8, 0x22, 0x88, 0x2F, 0xE8, 0x22, 0xA8,
    0x3F, 0xF8, 0x22, 0xA8, 0x2F, 0xE8, 0x22, 0x8A, 0x26, 0xCA, 0x4A, 0xAA, 0x52, 0x96, 0x82, 0x82,
    0x00, 0x90, 0x7E, 0xA0, 0x04, 0x44, 0x2B, 0xA8, 0x10, 0x10, 0x2F, 0xE8, 0xC8, 0x26, 0x0F, 0xE0,
    0x04, 0x40, 0x7F, 0xFC, 0x00, 0x00, 0x0F, 0xE0, 0x08, 0x20, 0x08, 0x22, 0x10, 0x22, 0x60, 0x1E,
    0x00, 0x00, 0x43, 0xFC, 0x22, 0x40, 0x0B, 0xF8, 0x0A, 0x40, 0x13, 0xF8, 0x22, 0x40, 0xE3, 0xFC,
    0x20, 0x04, 0x25, 0x54, 0x20, 0x08, 0x0F, 0xE0, 0x08, 0x20, 0x08, 0x22, 0x10, 0x22, 0x60, 0x1E,
    0x00, 0x00, 0x00, 0x00, 0x00, 0x00, 0x00, 0x00, 0x40, 0x04, 0x40, 0x04, 0x40, 0x04, 0x40, 0x04,
    0x40, 0x04, 0x40, 0x04, 0x40, 0x04, 0x40, 0x04, 0x40, 0x04, 0x40, 0x04, 0x7F, 0xFC, 0x00, 0x04,
    0x00, 0x00, 0x00, 0x10, 0x10, 0x10, 0x08, 0x20, 0x44, 0x44, 0x42, 0x84, 0x41, 0x04, 0x42, 0x84,
    0x44, 0x44, 0x48, 0x24, 0x50, 0x14, 0x60, 0x14, 0x40, 0x04, 0x40, 0x04, 0x7F, 0xFC, 0x00, 0x04,
    0x01, 0x00, 0x01, 0x00, 0x01, 0x00, 0x01, 0x00, 0x4F, 0xE4, 0x41, 0x04, 0x41, 0x04, 0x41, 0x04,
    0x41, 0x04, 0x41, 0x04, 0x5F, 0xF4, 0x40, 0x04, 0x40, 0x04, 0x40, 0x04, 0x7F, 0xFC, 0x00, 0x04,
    0x00, 0x00, 0x0F, 0xE0, 0x08, 0x20, 0x08, 0x20, 0x08, 0x20, 0x08, 0x20, 0x08, 0x20, 0x78, 0x3C,
    0x40, 0x04, 0x40, 0x04, 0x40, 0x04, 0x40, 0x04, 0x40, 0x04, 0x40, 0x04, 0x7F, 0xFC, 0x40, 0x04,
    0x00, 0x00, 0x7C, 0x7C, 0x44, 0x44, 0x44, 0x44, 0x44, 0x44, 0x44, 0x44, 0x44, 0x44, 0x44, 0x44,
    0x44, 0x44, 0x47, 0xC4, 0x40, 0x04, 0x40, 0x04, 0x40, 0x04, 0x40, 0x04, 0x7F, 0xFC, 0x40, 0x04,
    0x01, 0x00, 0x01, 0x00, 0x21, 0x08, 0x21, 0x08, 0x21, 0x08, 0x21, 0x08, 0x3F, 0xF8, 0x01, 0x08,
    0x01, 0x00, 0x01, 0x00, 0x41, 0x04, 0x41, 0x04, 0x41, 0x04, 0x41, 0x04, 0x7F, 0xFC, 0x00, 0x04,
    0x01, 0x00, 0x01, 0x00, 0x01, 0x00, 0x3F, 0xF8, 0x01, 0x00, 0x01, 0x00, 0x01, 0x00, 0xFF, 0xFE,
    0x01, 0x00, 0x01, 0x00, 0x21, 0x08, 0x21, 0x08, 0x21, 0x08, 0x21, 0x08, 0x3F, 0xF8, 0x00, 0x08,
    0x01, 0x00, 0x01, 0x00, 0x01, 0x00, 0x01, 0x10, 0x5D, 0x24, 0x45, 0x44, 0x45, 0x84, 0x49, 0x44,
    0x49, 0x24, 0x51, 0x14, 0x61, 0x14, 0x45, 0x04, 0x42, 0x04, 0x40, 0x04, 0x7F, 0xFC, 0x00, 0x04,
    0x00, 0x00, 0x3F, 0xF0, 0x00, 0x20, 0x00, 0x40, 0x51, 0x94, 0x49, 0x24, 0x45, 0x44, 0x41, 0x04,
    0x45, 0x44, 0x49, 0x24, 0x51, 0x14, 0x45, 0x04, 0x42, 0x04, 0x40, 0x04, 0x7F, 0xFC, 0x00, 0x04,
    0x00, 0x00, 0x3F, 0xF0, 0x00, 0x20, 0x00, 0x40, 0x41, 0x84, 0x5D, 0x74, 0x55, 0x94, 0x55, 0x54,
    0x55, 0x24, 0x5D, 0x54, 0x41, 0x94, 0x45, 0x04, 0x42, 0x04, 0x40, 0x04, 0x7F, 0xFC, 0x00, 0x04,
    0x04, 0x40, 0x24, 0x48, 0x14, 0x50, 0x04, 0x40, 0xFF, 0xFE, 0x00, 0x00, 0x04, 0x40, 0x22, 0x88,
    0x2F, 0xE8, 0x21, 0x08, 0x21, 0x08, 0x2F, 0xE8, 0x21, 0x08, 0x21, 0x08, 0x3F, 0xF8, 0x00, 0x08,
    0x00, 0x00, 0x00, 0x00, 0x3F, 0xF8, 0x02, 0x08, 0x02, 0x08, 0x02, 0x08, 0x02, 0x08, 0x02, 0x08,
    0x02, 0x08, 0x04, 0x08, 0x04, 0x08, 0x08, 0x08, 0x08, 0x08, 0x10, 0x08, 0x20, 0x50, 0x40, 0x20,
    0x00, 0x00, 0x3F, 0xF8, 0x00, 0x08, 0x00, 0x08, 0x00, 0x08, 0x00, 0x48, 0x00, 0x88, 0x01, 0x08,
    0x02, 0x08, 0x04, 0x08, 0x08, 0x08, 0x10, 0x08, 0x60, 0x08, 0x00, 0x08, 0x00, 0x50, 0x00, 0x20,
    0x00, 0x04, 0x00, 0x04, 0x00, 0x04, 0x00, 0x44, 0x00, 0x44, 0x00, 0x44, 0x00, 0x44, 0x00, 0x44,
    0x00, 0x44, 0x00, 0x44, 0x00, 0x44, 0x00, 0x04, 0x00, 0x04, 0x00, 0x04, 0x00, 0x14, 0x00, 0x08,
    0x00, 0x00, 0x3F, 0xF8, 0x02, 0x08, 0x02, 0x08, 0x02, 0x08, 0x22, 0x08, 0x22, 0x08, 0x22, 0x08,
    0x42, 0x08, 0x02, 0x08, 0x04, 0x08, 0x04, 0x08, 0x08, 0x08, 0x08, 0x08, 0x10, 0x50, 0x60, 0x20,
    0x00, 0x00, 0x7F, 0xF0, 0x04, 0x10, 0x04, 0x10, 0x24, 0x10, 0x14, 0x10, 0x0C, 0x10, 0x04, 0x10,
    0x06, 0x10, 0x05, 0x90, 0x08, 0x70, 0x08, 0x1E, 0x10, 0x10, 0x10, 0x10, 0x20, 0xA0, 0xC0, 0x40,
    0x00, 0x00, 0x7F, 0xE0, 0x04, 0x20, 0x04, 0x20, 0x04, 0x20, 0x04, 0x20, 0x24, 0x28, 0x24, 0x24,
    0x44, 0x22, 0x84, 0x22, 0x08, 0x20, 0x08, 0x20, 0x10, 0x20, 0x10, 0x20, 0x21, 0x40, 0xC0, 0x80,
    0x00, 0x40, 0x04, 0x40, 0x04, 0x20, 0x08, 0x20, 0x10, 0x10, 0x20, 0x08, 0x40, 0x04, 0x9F, 0xE2,
    0x04, 0x20, 0x04, 0x20, 0x04, 0x20, 0x08, 0x20, 0x08, 0x20, 0x10, 0x20, 0x21, 0x40, 0x40, 0x80,
    0x10, 0x00, 0x10, 0x00, 0x11, 0xFC, 0x10, 0x44, 0x10, 0x44, 0x1E, 0x44, 0xF0, 0x44, 0x10, 0x44,
    0x10, 0x44, 0x12, 0x44, 0x14, 0x44, 0x18, 0x84, 0x10, 0x84, 0x01, 0x04, 0x02, 0x28, 0x04, 0x10,
    0x00, 0x04, 0x01, 0x04, 0x01, 0x04, 0x21, 0x24, 0x11, 0x24, 0x0A, 0x24, 0x0A, 0x24, 0x04, 0x24,
    0x04, 0x24, 0x0A, 0x24, 0x0A, 0x24, 0x11, 0x24, 0x21, 0x04, 0x40, 0x04, 0x80, 0x14, 0x00, 0x08,
    0x10, 0x04, 0x10, 0x04, 0x20, 0x04, 0x3F, 0xA4, 0x40, 0x24, 0x80, 0x24, 0x3F, 0x24, 0x02, 0x24,
    0x04, 0x24, 0x08, 0x24, 0x10, 0x24, 0x20, 0x24, 0x40, 0x84, 0x40, 0x84, 0x3F, 0x94, 0x00, 0x08,
    0x00, 0x04, 0x7F, 0x04, 0x08, 0x04, 0x08, 0x24, 0x08, 0x24, 0x08, 0x24, 0x08, 0x24, 0xFF, 0xA4,
    0x08, 0x24, 0x08, 0x24, 0x08, 0x24, 0x08, 0x24, 0x08, 0x04, 0x08, 0x04, 0x08, 0x14, 0x08, 0x08,
    0x00, 0x04, 0x07, 0x04, 0x78, 0x04, 0x08, 0x24, 0x08, 0x24, 0x08, 0x24, 0x08, 0x24, 0xFF, 0xA4,
    0x08, 0x24, 0x08, 0x24, 0x10, 0x24, 0x10, 0x24, 0x20, 0x04, 0x20, 0x04, 0x40, 0x14, 0x80, 0x08,
    0x04, 0x04, 0x04, 0x04, 0x04, 0x04, 0x04, 0x24, 0xFF, 0xA4, 0x04, 0x24, 0x04, 0x24, 0x04, 0x24,
    0x44, 0x24, 0x24, 0x24, 0x24, 0x24, 0x04, 0x24, 0x04, 0x04, 0x04, 0x04, 0x14, 0x14, 0x08, 0x08,
    0x04, 0x00, 0x04, 0x00, 0x0F, 0xF0, 0x10, 0x10, 0x20, 0x20, 0x40, 0x40, 0xBF, 0xF8, 0x00, 0x08,
    0x00, 0x08, 0x00, 0x08, 0x1F, 0xF8, 0x00, 0x08, 0x00, 0x08, 0x00, 0x08, 0x3F, 0xF8, 0x00, 0x08,
    0x20, 0x04, 0x20, 0x04, 0x20, 0x04, 0x3F, 0xA4, 0x54, 0xA4, 0x94, 0xA4, 0x14, 0xA4, 0x24, 0xA4,
    0x24, 0xA4, 0x48, 0xA4, 0x88, 0xA4, 0x10, 0xA4, 0x20, 0x84, 0x40, 0x84, 0x85, 0x14, 0x02, 0x08,
    0x20, 0x04, 0x20, 0x04, 0x3F, 0x84, 0x40, 0x24, 0x80, 0x24, 0x3F, 0x24, 0x00, 0x24, 0x00, 0x24,
    0x7F, 0x24, 0x01, 0x24, 0x01, 0x24, 0x01, 0x24, 0x01, 0x44, 0x01, 0x44, 0x00, 0xD4, 0x00, 0x48,
    0x00, 0x04, 0x3F, 0x04, 0x21, 0x04, 0x21, 0x24, 0x29, 0x24, 0x25, 0x24, 0x25, 0x24, 0x21, 0x24,
    0xFF, 0xE4, 0x21, 0x24, 0x21, 0x24, 0x21, 0x24, 0x21, 0x04, 0x41, 0x04, 0x45, 0x14, 0x82, 0x08,
    0x00, 0x04, 0x7F, 0x84, 0x12, 0x04, 0x12, 0x24, 0x12, 0x24, 0x12, 0x24, 0x12, 0x24, 0xFF, 0xE4,
    0x12, 0x24, 0x12, 0x24, 0x12, 0x24, 0x12, 0x24, 0x22, 0x04, 0x22, 0x04, 0x42, 0x14, 0x82, 0x08,
    0x10, 0x04, 0x14, 0x04, 0x12, 0x04, 0x10, 0x24, 0x13, 0xA4, 0xFC, 0x24, 0x10, 0x24, 0x11, 0x24,
    0x11, 0x24, 0x12, 0x24, 0x0C, 0x24, 0x08, 0xA4, 0x14, 0x84, 0x22, 0x84, 0xC1, 0x94, 0x00, 0x88,
    0x00, 0x04, 0x3F, 0x04, 0x00, 0x04, 0x00, 0x24, 0x00, 0x24, 0xFF, 0xA4, 0x12, 0x24, 0x12, 0x24,
    0x12, 0x24, 0x12, 0x24, 0x12, 0x24, 0x22, 0xA4, 0x23, 0x04, 0x42, 0x04, 0x80, 0x14, 0x00, 0x08,
    0x08, 0x04, 0x08, 0x04, 0x08, 0x04, 0x7F, 0x24, 0x09, 0x24, 0x09, 0x24, 0x09, 0x24, 0x09, 0x24,
    0xFF, 0xE4, 0x08, 0x24, 0x08, 0x24, 0x14, 0x24, 0x12, 0x04, 0x21, 0x04, 0x41, 0x14, 0x80, 0x08,
    0x00, 0x00, 0x3F, 0xF8, 0x02, 0x08, 0x02, 0x08, 0x04, 0x08, 0x08, 0x50, 0x30, 0x20, 0x00, 0x00,
    0x7E, 0xFC, 0x12, 0x24, 0x12, 0x24, 0x12, 0x24, 0x22, 0x44, 0x22, 0x44, 0x4A, 0x94, 0x85, 0x08,
    0x00, 0x04, 0x3F, 0x04, 0x21, 0x04, 0x21, 0x24, 0x21, 0x24, 0x3F, 0x24, 0x21, 0x24, 0x21, 0x24,
    0x21, 0x24, 0x3F, 0x24, 0x21, 0x24, 0x21, 0x24, 0x21, 0x04, 0x41, 0x04, 0x45, 0x14, 0x82, 0x08,
    0x00, 0x04, 0x7F, 0x84, 0x08, 0x04, 0x08, 0x24, 0x1F, 0x24, 0x11, 0x24, 0x21, 0x24, 0x21, 0x24,
    0x52, 0x24, 0x8A, 0x24, 0x04, 0x24, 0x04, 0x24, 0x08, 0x04, 0x10, 0x04, 0x20, 0x14, 0x40, 0x08,
    0x10, 0x04, 0x08, 0x04, 0x08, 0x04, 0xFF, 0xA4, 0x02, 0x24, 0x42, 0x24, 0x22, 0x24, 0x14, 0x24,
    0x14, 0x24, 0x08, 0x24, 0x08, 0x24, 0x14, 0x24, 0x24, 0x04, 0x42, 0x04, 0x82, 0x14, 0x00, 0x08,
    0x00, 0x04, 0x7F, 0x04, 0x41, 0x04, 0x41, 0x24, 0x49, 0x24, 0x49, 0x24, 0x49, 0x24, 0x49, 0x24,
    0x49, 0x24, 0x49, 0x24, 0x49, 0x24, 0x14, 0x24, 0x12, 0x04, 0x21, 0x04, 0x40, 0x94, 0x80, 0x88,
    0x00, 0x04, 0x7F, 0x04, 0x41, 0x04, 0x41, 0x24, 0x65, 0x24, 0x55, 0x24, 0x55, 0x24, 0x49, 0x24,
    0x49, 0x24, 0x55, 0x24, 0x55, 0x24, 0x65, 0x24, 0x41, 0x04, 0x41, 0x04, 0x45, 0x14, 0x42, 0x08,
    0x08, 0x04, 0x08, 0x04, 0x14, 0x04, 0x12, 0x24, 0x21, 0x24, 0x40, 0xA4, 0xBE, 0x24, 0x22, 0x24,
    0x22, 0x24, 0x22, 0x24, 0x2A, 0x24, 0x24, 0x24, 0x20, 0x84, 0x20, 0x84, 0x1F, 0x94, 0x00, 0x08,
    0x12, 0x02, 0x12, 0x02, 0x12, 0x02, 0x7F, 0x82, 0x12, 0x92, 0x12, 0x92, 0x7F, 0x92, 0x52, 0x12,
    0x52, 0x12, 0x7F, 0xD2, 0x12, 0x52, 0x12, 0x52, 0x23, 0x42, 0x22, 0x82, 0x42, 0x0A, 0x82, 0x04,
    0x20, 0x00, 0x10, 0x00, 0x01, 0xFC, 0xFC, 0x44, 0x08, 0x44, 0x10, 0x44, 0x10, 0x44, 0x34, 0x44,
    0x58, 0x44, 0x94, 0x44, 0x14, 0x44, 0x10, 0x84, 0x10, 0x84, 0x11, 0x04, 0x12, 0x28, 0x14, 0x10,
    0x00, 0x04, 0x3F, 0x04, 0x21, 0x04, 0x21, 0x24, 0x21, 0x24, 0x3F, 0x24, 0x21, 0x24, 0x21, 0x24,
    0x3F, 0x24, 0x21, 0x24, 0x21, 0x24, 0x21, 0x24, 0x27, 0x84, 0xF8, 0x04, 0x40, 0x14, 0x00, 0x08,
    0x00, 0x04, 0x7F, 0x04, 0x11, 0x04, 0x11, 0x24, 0x21, 0x24, 0x25, 0x24, 0x42, 0x24, 0x80, 0x24,
    0x3F, 0x24, 0x21, 0x24, 0x21, 0x24, 0x21, 0x24, 0x21, 0x04, 0x3F, 0x04, 0x21, 0x14, 0x00, 0x08,
    0x00, 0x02, 0x7B, 0xC2, 0x4A, 0x42, 0x4A, 0x4A, 0x4A, 0x4A, 0x4A, 0x4A, 0x4A, 0x4A, 0xFF, 0xEA,
    0x4A, 0x4A, 0x4A, 0x4A, 0x4A, 0x4A, 0x4A, 0x4A, 0x4A, 0x42, 0x5A, 0x42, 0x85, 0x4A, 0x08, 0x84,
    0x00, 0x02, 0x7F, 0x82, 0x40, 0x82, 0x40, 0x82, 0x40, 0x92, 0x7F, 0x92, 0x44, 0x12, 0x44, 0x12,
    0x7F, 0xD2, 0x44, 0x12, 0x44, 0x12, 0x42, 0x12, 0x42, 0x42, 0x51, 0x42, 0x60, 0xCA, 0x40, 0x44,
    0x08, 0x04, 0x08, 0x04, 0x14, 0x04, 0x12, 0x24, 0x21, 0x24, 0x48, 0xA4, 0x84, 0x24, 0x04, 0x24,
    0x7F, 0x24, 0x01, 0x24, 0x22, 0x24, 0x14, 0x24, 0x08, 0x04, 0x04, 0x04, 0x04, 0x14, 0x00, 0x08,
    0x08, 0x04, 0x08, 0x04, 0x08, 0x04, 0x10, 0x24, 0x12, 0x24, 0x21, 0x24, 0x7F, 0xA4, 0x20, 0xA4,
    0x00, 0x24, 0x3F, 0x24, 0x21, 0x24, 0x21, 0x24, 0x21, 0x04, 0x21, 0x04, 0x3F, 0x14, 0x21, 0x08,
    0x04, 0x04, 0x44, 0x84, 0x24, 0x84, 0x25, 0x24, 0x04, 0x24, 0x7F, 0xA4, 0x04, 0x24, 0x04, 0x24,
    0x04, 0x24, 0xFF, 0xE4, 0x04, 0x24, 0x08, 0x24, 0x08, 0x04, 0x10, 0x04, 0x20, 0x14, 0x40, 0x08,
    0x00, 0x04, 0x7F, 0x04, 0x41, 0x04, 0x41, 0x24, 0x41, 0x24, 0x7F, 0x24, 0x00, 0x24, 0x10, 0x24,
    0x10, 0x24, 0x1F, 0x24, 0x11, 0x24, 0x11, 0x24, 0x21, 0x04, 0x21, 0x04, 0x4A, 0x14, 0x84, 0x08,
    0x08, 0x04, 0x08, 0x04, 0x08, 0x04, 0x7F, 0x24, 0x08, 0x24, 0x08, 0x24, 0x08, 0x24, 0xFF, 0xA4,
    0x08, 0x24, 0x10, 0x24, 0x10, 0x24, 0x22, 0x24, 0x41, 0x04, 0xFF, 0x84, 0x40, 0x94, 0x00, 0x08,
    0x08, 0x00, 0x08, 0x00, 0x08, 0xFC, 0x7F, 0x24, 0x08, 0x24, 0x08, 0x24, 0x08, 0x24, 0xFF, 0xA4,
    0x10, 0x24, 0x10, 0x24, 0x24, 0x24, 0x42, 0x24, 0xFF, 0x44, 0x41, 0x44, 0x00, 0x94, 0x01, 0x08,
    0x10, 0x04, 0x10, 0x04, 0x3F, 0x04, 0x21, 0x24, 0x41, 0x24, 0xBD, 0x24, 0x25, 0x24, 0x25, 0x24,
    0x3D, 0x24, 0x21, 0x24, 0x25, 0x24, 0x22, 0x24, 0x20, 0x84, 0x20, 0x84, 0x1F, 0x94, 0x00, 0x08,
    0x01, 0x04, 0x07, 0x84, 0x7C, 0x04, 0x04, 0x24, 0x04, 0x24, 0x04, 0x24, 0xFF, 0xA4, 0x0C, 0x24,
    0x16, 0x24, 0x15, 0x24, 0x24, 0xA4, 0x24, 0x24, 0x44, 0x04, 0x84, 0x04, 0x04, 0x14, 0x04, 0x08,
    0x00, 0x04, 0x7F, 0x04, 0x55, 0x04, 0x55, 0x24, 0x55, 0x24, 0x55, 0x24, 0x55, 0x24, 0xFF, 0xA4,
    0x55, 0x24, 0x55, 0x24, 0x55, 0x24, 0x55, 0x24, 0x55, 0x04, 0x51, 0x04, 0x45, 0x14, 0x42, 0x08,
    0x00, 0x04, 0x7F, 0x04, 0x41, 0x04, 0x41, 0x24, 0x41, 0x24, 0x7F, 0x24, 0x10, 0x24, 0x10, 0x24,
    0xFF, 0x24, 0x11, 0x24, 0x11, 0x24, 0x11, 0x24, 0x21, 0x04, 0x21, 0x04, 0x4A, 0x14, 0x84, 0x08,
    0x14, 0x04, 0x12, 0x04, 0x10, 0x04, 0x17, 0x24, 0x78, 0x24, 0x10, 0x24, 0x17, 0xA4, 0xF8, 0x24,
    0x11, 0x24, 0x12, 0x24, 0x0C, 0x24, 0x08, 0xA4, 0x14, 0x84, 0x22, 0x84, 0xC1, 0x94, 0x00, 0x88,
    0x00, 0x04, 0x7F, 0x04, 0x02, 0x04, 0x04, 0x24, 0x0C, 0x24, 0x12, 0x24, 0x21, 0x24, 0xC0, 0xA4,
    0x00, 0x24, 0x7F, 0x24, 0x08, 0x24, 0x08, 0x24, 0x08, 0x04, 0x0F, 0x04, 0xF0, 0x14, 0x40, 0x08,
    0x02, 0x04, 0x0F, 0x04, 0x78, 0x04, 0x08, 0x24, 0x08, 0x24, 0xFF, 0xA4, 0x08, 0x24, 0x08, 0x24,
    0x08, 0x24, 0x7F, 0x24, 0x41, 0x24, 0x41, 0x24, 0x41, 0x04, 0x41, 0x04, 0x7F, 0x14, 0x41, 0x08,
    0x00, 0x04, 0x7F, 0x84, 0x00, 0x04, 0x00, 0x24, 0x3F, 0x24, 0x21, 0x24, 0x21, 0x24, 0x3F, 0x24,
    0x21, 0x24, 0x21, 0x24, 0x3F, 0x24, 0x21, 0x24, 0x00, 0x04, 0x07, 0x84, 0xF8, 0x14, 0x40, 0x08,
    0x00, 0x04, 0xFF, 0x84, 0x08, 0x04, 0x10, 0x24, 0x22, 0x24, 0x41, 0x24, 0xFF, 0xA4, 0x08, 0xA4,
    0x08, 0x24, 0x08, 0x24, 0x7F, 0x24, 0x08, 0x24, 0x08, 0x04, 0x0F, 0x84, 0xF8, 0x14, 0x40, 0x08,
    0x24, 0x00, 0x24, 0x00, 0x25, 0xF8, 0x24, 0x48, 0x7E, 0x48, 0x24, 0x48, 0x25, 0x4C, 0x25, 0x4A,
    0xFE, 0x4A, 0x24, 0x48, 0x24, 0x48, 0x24, 0x48, 0x24, 0x48, 0x44, 0x88, 0x44, 0xA8, 0x85, 0x10,
    0x08, 0x04, 0x08, 0x04, 0x7F, 0x04, 0x08, 0x24, 0x08, 0x24, 0x08, 0x24, 0xFF, 0xA4, 0x00, 0x24,
    0x08, 0x24, 0x08, 0x24, 0x7F, 0x24, 0x08, 0x24, 0x08, 0x04, 0x0F, 0x04, 0xF0, 0x14, 0x40, 0x08,
    0x08, 0x04, 0x08, 0x04, 0xFF, 0x84, 0x14, 0x24, 0x22, 0x24, 0x41, 0x24, 0xBE, 0xA4, 0x00, 0x24,
    0xFF, 0xA4, 0x10, 0x24, 0x20, 0x24, 0x7F, 0x24, 0x01, 0x04, 0x01, 0x04, 0x0A, 0x14, 0x04, 0x08,
    0x00, 0x04, 0x7F, 0x04, 0x11, 0x04, 0x12, 0x24, 0x23, 0xA4, 0x20, 0xA4, 0x4A, 0xA4, 0x89, 0x24,
    0x08, 0x24, 0xFF, 0xA4, 0x18, 0x24, 0x2C, 0x24, 0x2A, 0x04, 0x49, 0x04, 0x88, 0x94, 0x08, 0x08,
    0x00, 0x04, 0xFF, 0x84, 0x22, 0x04, 0x22, 0x24, 0x3E, 0x24, 0x22, 0x24, 0x22, 0x24, 0x3E, 0x24,
    0x22, 0x24, 0x22, 0x24, 0x27, 0xA4, 0xFA, 0x24, 0x42, 0x04, 0x02, 0x04, 0x02, 0x14, 0x02, 0x08,
    0x04, 0x04, 0x24, 0x04, 0x24, 0x04, 0x3F, 0xA4, 0x44, 0x24, 0x04, 0x24, 0xFF, 0xE4, 0x04, 0x24,
    0x04, 0x24, 0x3F, 0xA4, 0x24, 0xA4, 0x24, 0xA4, 0x26, 0x84, 0x25, 0x04, 0x04, 0x14, 0x04, 0x08,
    0x00, 0x02, 0x3F, 0xC2, 0x20, 0x42, 0x20, 0x42, 0x3F, 0xD2, 0x22, 0x12, 0x22, 0x12, 0x22, 0x12,
    0x3F, 0xD2, 0x52, 0x52, 0x52, 0x52, 0x52, 0x52, 0x93, 0x42, 0x12, 0x82, 0x02, 0x0A, 0x02, 0x04,
    0x01, 0x00, 0x11, 0x10, 0x09, 0x20, 0x3F, 0xF8, 0x02, 0x00, 0x02, 0x00, 0x7F, 0xFC, 0x08, 0x20,
    0x10, 0x10, 0x2F, 0xE8, 0xC4, 0x26, 0x04, 0x20, 0x08, 0x20, 0x08, 0x20, 0x11, 0x40, 0x20, 0x80,
    0x01, 0x04, 0x62, 0x04, 0x14, 0x04, 0x08, 0x24, 0x14, 0x24, 0x22, 0x24, 0x49, 0x24, 0x08, 0x24,
    0xFF, 0xA4, 0x08, 0x24, 0x2A, 0x24, 0x29, 0x24, 0x48, 0x84, 0x88, 0x84, 0x28, 0x14, 0x10, 0x08,
    0x08, 0x04, 0x08, 0x04, 0xFF, 0x84, 0x08, 0x24, 0x08, 0x24, 0x7F, 0x24, 0x49, 0x24, 0x49, 0x24,
    0x4D, 0x24, 0x4A, 0x24, 0x1C, 0x24, 0x2A, 0x24, 0x49, 0x04, 0x88, 0x84, 0x08, 0x14, 0x08, 0x08,
    0x10, 0x04, 0x08, 0x04, 0x00, 0x04, 0xFF, 0xA4, 0x08, 0x24, 0x11, 0x24, 0x21, 0x24, 0x7E, 0x24,
    0x04, 0x24, 0x09, 0x24, 0x12, 0x24, 0x24, 0x24, 0xCC, 0x04, 0x12, 0x04, 0x21, 0x14, 0xC0, 0x88,
    0x10, 0x00, 0x10, 0x00, 0x10, 0xFC, 0x7E, 0x24, 0x10, 0x24, 0x10, 0xA4, 0x10, 0xA4, 0xFE, 0xA4,
    0x10, 0xA4, 0x11, 0x24, 0x20, 0x24, 0x28, 0x24, 0x44, 0x44, 0xFE, 0x44, 0x42, 0x94, 0x01, 0x08,
    0x08, 0x04, 0x08, 0x04, 0x14, 0x04, 0x22, 0x24, 0x41, 0x24, 0xBE, 0xA4, 0x00, 0x24, 0x00, 0x24,
    0xFF, 0xA4, 0x10, 0x24, 0x10, 0x24, 0x22, 0x24, 0x41, 0x04, 0xFF, 0x04, 0x41, 0x14, 0x00, 0x08,
    0x08, 0x04, 0x08, 0x04, 0x08, 0x04, 0xFF, 0xA4, 0x08, 0x24, 0x49, 0x24, 0x29, 0x24, 0x2A, 0x24,
    0xFF, 0xA4, 0x08, 0x24, 0x08, 0x24, 0x14, 0x24, 0x12, 0x04, 0x21, 0x04, 0x41, 0x14, 0x80, 0x08,
    0x08, 0x04, 0x49, 0x04, 0x49, 0x04, 0x49, 0x24, 0x7F, 0x24, 0x10, 0x24, 0x10, 0x24, 0x3F, 0x24,
    0x41, 0x24, 0xA1, 0x24, 0x12, 0x24, 0x14, 0x24, 0x08, 0x04, 0x10, 0x04, 0x20, 0x14, 0xC0, 0x08,
    0x08, 0x04, 0x49, 0x04, 0x49, 0x04, 0x49, 0x24, 0x7F, 0x24, 0x00, 0x24, 0x7F, 0x24, 0x01, 0x24,
    0x01, 0x24, 0x3F, 0x24, 0x20, 0x24, 0x20, 0x24, 0x23, 0x04, 0x2C, 0x04, 0x30, 0x14, 0x00, 0x08,
    0x00, 0x04, 0x3E, 0x04, 0x22, 0x04, 0x22, 0x24, 0x22, 0x24, 0x49, 0xA4, 0x88, 0x24, 0x08, 0x24,
    0xFF, 0xA4, 0x08, 0x24, 0x1C, 0x24, 0x2A, 0x24, 0x49, 0x04, 0x88, 0x84, 0x08, 0x14, 0x08, 0x08,
    0x10, 0x04, 0x08, 0x04, 0xFF, 0x84, 0x02, 0x24, 0x64, 0x24, 0x18, 0x24, 0x26, 0x24, 0xC1, 0x24,
    0x22, 0xA4, 0x22, 0x24, 0x22, 0x24, 0x22, 0x24, 0x22, 0x04, 0x42, 0x04, 0x42, 0x14, 0x82, 0x08,
    0x42, 0x04, 0x22, 0x04, 0x24, 0x04, 0xFF, 0x24, 0x09, 0x24, 0x09, 0x24, 0xFF, 0x24, 0x88, 0x24,
    0x88, 0x24, 0xFF, 0xA4, 0x18, 0xA4, 0x28, 0xA4, 0x4A, 0x84, 0x89, 0x04, 0x08, 0x14, 0x08, 0x08,
    0x00, 0x04, 0x7F, 0x84, 0x00, 0x04, 0x24, 0xA4, 0x49, 0x24, 0x92, 0x24, 0x49, 0x24, 0x24, 0xA4,
    0x00, 0x24, 0x7F, 0xA4, 0x08, 0x24, 0x08, 0x24, 0x08, 0x04, 0x0B, 0x84, 0xFC, 0x14, 0x00, 0x08,
    0x00, 0x04, 0x7F, 0x84, 0x00, 0x04, 0x00, 0x24, 0x3F, 0x24, 0x21, 0x24, 0x21, 0x24, 0x21, 0x24,
    0x3F, 0x24, 0x00, 0x24, 0x21, 0x24, 0x11, 0x24, 0x12, 0x04, 0x07, 0x84, 0x78, 0x14, 0x20, 0x08,
    0x08, 0x04, 0x04, 0x04, 0x3F, 0x04, 0x21, 0x24, 0x21, 0x24, 0x3F, 0x24, 0x21, 0x24, 0x21, 0x24,
    0x3F, 0x24, 0x20, 0x24, 0x24, 0x24, 0x22, 0x24, 0x25, 0x04, 0x29, 0x04, 0x30, 0x14, 0x20, 0x08,
    0x00, 0x04, 0x7F, 0x04, 0x41, 0x04, 0x41, 0x24, 0x7F, 0x24, 0x41, 0x24, 0x41, 0x24, 0x7F, 0x24,
    0x41, 0x24, 0x41, 0x24, 0x7F, 0x24, 0x00, 0x24, 0x22, 0x04, 0x21, 0x04, 0x40, 0x94, 0x80, 0x88,
    0x00, 0x04, 0x3F, 0x04, 0x21, 0x04, 0x21, 0x24, 0x3F, 0x24, 0x00, 0x24, 0x7F, 0xA4, 0x40, 0xA4,
    0x40, 0xA4, 0x7F, 0xA4, 0x40, 0xA4, 0x40, 0xA4, 0x7F, 0x84, 0x40, 0x84, 0x42, 0x94, 0x41, 0x08,
    0x08, 0x04, 0x08, 0x04, 0x2A, 0x04, 0x2A, 0x24, 0x2A, 0x24, 0x5D, 0x24, 0x88, 0xA4, 0x08, 0x24,
    0x08, 0x24, 0x7F, 0x24, 0x08, 0x24, 0x08, 0x24, 0x08, 0x04, 0x0F, 0x84, 0xF8, 0x14, 0x40, 0x08,
    0x08, 0x04, 0x49, 0x04, 0x29, 0x04, 0x2A, 0x24, 0x08, 0x24, 0x7F, 0x24, 0x41, 0x24, 0x41, 0x24,
    0x7F, 0x24, 0x41, 0x24, 0x41, 0x24, 0x7F, 0x24, 0x41, 0x04, 0x41, 0x04, 0x45, 0x14, 0x42, 0x08,
    0x08, 0x08, 0x08, 0x08, 0xFF, 0x48, 0x08, 0x48, 0x08, 0x48, 0x7F, 0x48, 0x41, 0x48, 0x41, 0x48,
    0x7F, 0x48, 0x14, 0x48, 0x14, 0x08, 0x14, 0x28, 0x24, 0x12, 0x24, 0x02, 0x43, 0xFE, 0x80, 0x00,
    0x08, 0x04, 0x08, 0x04, 0xFF, 0x84, 0x08, 0x24, 0x08, 0x24, 0x7F, 0x24, 0x49, 0x24, 0x49, 0x24,
    0x7F, 0x24, 0x08, 0x24, 0x1C, 0x24, 0x2A, 0x24, 0x49, 0x04, 0x88, 0x04, 0x08, 0x14, 0x08, 0x08,
    0x10, 0x10, 0x08, 0x10, 0x08, 0x20, 0xFF, 0xFE, 0x00, 0x00, 0x3E, 0x08, 0x22, 0x48, 0x22, 0x48,
    0x3E, 0x48, 0x22, 0x48, 0x22, 0x48, 0x3E, 0x48, 0x22, 0x08, 0x22, 0x08, 0x2A, 0x28, 0x24, 0x10,
    0x02, 0x04, 0x64, 0x04, 0x18, 0x04, 0x16, 0x24, 0x21, 0x24, 0xCA, 0x24, 0x09, 0x24, 0x08, 0x24,
    0xFF, 0xA4, 0x18, 0x24, 0x1C, 0x24, 0x2A, 0x24, 0x29, 0x04, 0x48, 0x84, 0x88, 0x94, 0x08, 0x08,
    0x42, 0x00, 0x24, 0x00, 0x00, 0xFC, 0x7E, 0x24, 0x24, 0x24, 0x24, 0xA4, 0x24, 0xA4, 0x24, 0xA4,
    0xFE, 0xA4, 0x25, 0x24, 0x24, 0x24, 0x24, 0x24, 0x24, 0x44, 0x44, 0x44, 0x44, 0x94, 0x85, 0x08,
    0x00, 0x04, 0x7F, 0x04, 0x41, 0x04, 0x41, 0x24, 0x41, 0x24, 0x7F, 0x24, 0x08, 0x24, 0x08, 0x24,
    0xFF, 0xA4, 0x88, 0xA4, 0x94, 0xA4, 0xA2, 0xA4, 0xC2, 0x84, 0x80, 0x84, 0x82, 0x94, 0x81, 0x08,
    0x08, 0x04, 0x08, 0x04, 0x14, 0x04, 0x12, 0x24, 0x21, 0x24, 0x40, 0xA4, 0xBE, 0x24, 0x00, 0x24,
    0x11, 0x24, 0x09, 0x24, 0x49, 0x24, 0x22, 0x24, 0x22, 0x04, 0x07, 0x84, 0x78, 0x14, 0x20, 0x08,
    0x12, 0x04, 0x12, 0x04, 0x12, 0x04, 0x7F, 0x24, 0x12, 0x24, 0x12, 0x24, 0xFF, 0xA4, 0x00, 0x24,
    0x3F, 0x24, 0x21, 0x24, 0x21, 0x24, 0x3F, 0x24, 0x21, 0x04, 0x21, 0x04, 0x3F, 0x14, 0x21, 0x08,
    0x0C, 0x80, 0x70, 0x80, 0x11, 0xFC, 0xFD, 0x24, 0x32, 0x24, 0x38, 0x44, 0x54, 0x84, 0x91, 0x04,
    0x12, 0x28, 0x10, 0x10, 0x00, 0x00, 0x7F, 0xF8, 0x04, 0x08, 0x08, 0x08, 0x10, 0x50, 0x60, 0x20,
    0x00, 0x04, 0x3F, 0x04, 0x21, 0x04, 0x21, 0x24, 0x3F, 0x24, 0x21, 0x24, 0x21, 0x24, 0x3F, 0x24,
    0x10, 0x24, 0x3F, 0xA4, 0x4A, 0xA4, 0x92, 0xA4, 0x24, 0x84, 0x48, 0x84, 0x12, 0x94, 0x21, 0x08,
    0x12, 0x02, 0x12, 0x02, 0x12, 0x02, 0xF3, 0xC2, 0x12, 0x12, 0x12, 0x12, 0x12, 0x12, 0x73, 0x92,
    0x12, 0x12, 0x12, 0x12, 0x12, 0x12, 0xF3, 0xD2, 0x12, 0x02, 0x12, 0x02, 0x12, 0x0A, 0x12, 0x04,
    0x10, 0x04, 0x08, 0x04, 0x7F, 0x84, 0x00, 0x24, 0x21, 0x24, 0x12, 0x24, 0xFF, 0xE4, 0x00, 0x24,
    0x00, 0x24, 0x3F, 0x24, 0x21, 0x24, 0x21, 0x24, 0x21, 0x04, 0x3F, 0x04, 0x21, 0x14, 0x00, 0x08,
    0x24, 0x04, 0x22, 0x04, 0x2F, 0x04, 0xF0, 0x24, 0x14, 0x24, 0x09, 0x24, 0x35, 0x24, 0xCB, 0x24,
    0x24, 0x24, 0x2F, 0x24, 0xF0, 0x24, 0x12, 0x24, 0x14, 0x04, 0x09, 0x04, 0x35, 0x14, 0xC3, 0x08,
    0x22, 0x04, 0x22, 0x04, 0xFF, 0x84, 0x22, 0x24, 0x22, 0x24, 0x3E, 0x24, 0x22, 0x24, 0x22, 0x24,
    0x3E, 0x24, 0x22, 0x24, 0x22, 0x24, 0xFF, 0xA4, 0x00, 0x04, 0x22, 0x04, 0x41, 0x14, 0x80, 0x88,
    0x42, 0x00, 0x24, 0x00, 0x01, 0xF8, 0x7E, 0x48, 0x24, 0x48, 0x24, 0x48, 0x25, 0x4C, 0x25, 0x4A,
    0xFE, 0x4A, 0x24, 0x48, 0x24, 0x48, 0x24, 0x48, 0x24, 0x48, 0x44, 0x88, 0x44, 0xA8, 0x85, 0x10,
    0x04, 0x02, 0x04, 0x02, 0xFF, 0xC2, 0x04, 0x02, 0x3F, 0x92, 0x24, 0x92, 0x3F, 0x92, 0x04, 0x12,
    0x3F, 0x92, 0x04, 0x92, 0xFF, 0xD2, 0x04, 0x92, 0x3F, 0x82, 0x04, 0x02, 0x14, 0x0A, 0x08, 0x04,
    0x00, 0x02, 0x7F, 0xC2, 0x40, 0x42, 0x51, 0x42, 0x4A, 0x52, 0x7F, 0xD2, 0x44, 0x52, 0x44, 0x52,
    0x55, 0x52, 0x55, 0x52, 0x55, 0x52, 0x5F, 0x52, 0x40, 0x42, 0x40, 0x42, 0x41, 0x4A, 0x40, 0x84,
    0x08, 0x04, 0x04, 0x04, 0x7F, 0x84, 0x40, 0xA4, 0x20, 0x24, 0x3B, 0xA4, 0x2A, 0xA4, 0x2A, 0xA4,
    0x2A, 0xA4, 0x5A, 0xA4, 0x4B, 0xA4, 0x8A, 0x24, 0x12, 0x04, 0x12, 0x84, 0x23, 0x14, 0x42, 0x08,
    0x20, 0x04, 0x3E, 0x04, 0x42, 0x04, 0x7C, 0x24, 0x04, 0x24, 0xFF, 0xA4, 0x08, 0x24, 0x09, 0x24,
    0x49, 0x24, 0x2A, 0x24, 0x1C, 0x24, 0x2A, 0x24, 0xC9, 0x04, 0x09, 0x04, 0x28, 0x14, 0x10, 0x08,
    0x08, 0x04, 0x08, 0x04, 0x7F, 0x84, 0x14, 0x24, 0x22, 0x24, 0x41, 0x24, 0xFF, 0xE4, 0x01, 0x24,
    0x79, 0x24, 0x49, 0x24, 0x49, 0x24, 0x49, 0x24, 0x79, 0x04, 0x01, 0x04, 0x05, 0x14, 0x02, 0x08,
    0x00, 0x04, 0x7B, 0x84, 0x08, 0x84, 0x2A, 0xA4, 0x11, 0x24, 0x2A, 0xA4, 0x44, 0xA4, 0x88, 0x24,
    0x00, 0x24, 0x7B, 0xA4, 0x08, 0xA4, 0x2A, 0xA4, 0x11, 0x04, 0x2A, 0x84, 0x44, 0x94, 0x88, 0x08,
    0x10, 0x04, 0x08, 0x04, 0xFF, 0x84, 0x00, 0x24, 0x00, 0x24, 0x7F, 0x24, 0x41, 0x24, 0x41, 0x24,
    0x41, 0x24, 0x7F, 0x24, 0x08, 0x24, 0x2A, 0x24, 0x49, 0x04, 0x88, 0x84, 0x28, 0x14, 0x10, 0x08,
    0x08, 0x04, 0x09, 0x04, 0x49, 0x04, 0x4A, 0x24, 0x88, 0x24, 0x14, 0x24, 0x22, 0x24, 0x49, 0x24,
    0x88, 0x24, 0x49, 0x24, 0x49, 0x24, 0x8A, 0x24, 0x14, 0x04, 0x22, 0x04, 0x41, 0x14, 0x80, 0x88,
    0x00, 0x04, 0xFF, 0x84, 0x08, 0x04, 0x10, 0x24, 0x28, 0x24, 0xC4, 0xA4, 0x0D, 0x24, 0x56, 0x24,
    0x25, 0x24, 0xD5, 0x24, 0x0C, 0xA4, 0x14, 0xA4, 0x24, 0x04, 0xC4, 0x04, 0x14, 0x14, 0x08, 0x08,
    0x08, 0x04, 0x08, 0x04, 0x14, 0x04, 0x22, 0x24, 0x41, 0x24, 0xBE, 0xA4, 0x08, 0x24, 0x08, 0x24,
    0x7F, 0x24, 0x49, 0x24, 0x49, 0x24, 0x7F, 0x24, 0x08, 0x04, 0x14, 0x04, 0x22, 0x14, 0x41, 0x08,
    0x10, 0x04, 0x08, 0x04, 0xFF, 0x84, 0x02, 0x24, 0x64, 0x24, 0x18, 0x24, 0x26, 0x24, 0xC1, 0x24,
    0x22, 0xA4, 0x3E, 0x24, 0x22, 0x24, 0x22, 0x24, 0x3E, 0x04, 0x42, 0x04, 0x42, 0x14, 0x82, 0x08,
    0x00, 0x04, 0x7E, 0x04, 0x02, 0x04, 0x3E, 0x24, 0x02, 0x24, 0xFF, 0xA4, 0x08, 0x24, 0x09, 0x24,
    0x49, 0x24, 0x2A, 0x24, 0x1C, 0x24, 0x2A, 0x24, 0xC9, 0x04, 0x09, 0x04, 0x28, 0x14, 0x10, 0x08,
    0x08, 0x04, 0x08, 0x04, 0xFF, 0x84, 0x14, 0x24, 0x22, 0x24, 0x49, 0x24, 0x88, 0xA4, 0x7F, 0x24,
    0x49, 0x24, 0x7F, 0x24, 0x49, 0x24, 0x7F, 0x24, 0x08, 0x04, 0x0A, 0x04, 0x0C, 0x14, 0x08, 0x08,
    0x00, 0x04, 0x3F, 0x84, 0x20, 0x84, 0x20, 0xA4, 0x3F, 0xA4, 0x24, 0x24, 0x24, 0x24, 0x3F, 0xA4,
    0x24, 0x24, 0x24, 0x24, 0x3F, 0xA4, 0x50, 0xA4, 0x50, 0x84, 0x90, 0x84, 0x1F, 0x94, 0x10, 0x88,
    0x08, 0x04, 0x08, 0x04, 0xFF, 0x84, 0x08, 0x24, 0x7F, 0x24, 0x08, 0x24, 0xFF, 0xA4, 0x08, 0x24,
    0xFF, 0xA4, 0x10, 0x24, 0x20, 0x24, 0x7F, 0x24, 0xA1, 0x04, 0x21, 0x04, 0x3F, 0x14, 0x21, 0x08,
    0x07, 0x02, 0x78, 0x02, 0x08, 0x02, 0xFF, 0x82, 0x2A, 0x12, 0x2A, 0x92, 0xEB, 0x12, 0x2A, 0x92,
    0x6A, 0x92, 0xA9, 0x92, 0x1C, 0x12, 0x2A, 0x12, 0x49, 0x02, 0x88, 0x82, 0x08, 0x0A, 0x08, 0x04,
    0x08, 0x20, 0xFF, 0xFE, 0x00, 0x00, 0x3E, 0x08, 0x22, 0x48, 0x3E, 0x48, 0x22, 0x48, 0x3E, 0x48,
    0x22, 0x08, 0x26, 0x18, 0x00, 0x00, 0x7F, 0xF8, 0x04, 0x08, 0x08, 0x08, 0x10, 0x50, 0x60, 0x20,
    0x04, 0x02, 0x02, 0x02, 0x3F, 0xE2, 0x24, 0x82, 0x24, 0x92, 0x3F, 0xF2, 0x24, 0x92, 0x27, 0x92,
    0x20, 0x12, 0x2F, 0xD2, 0x20, 0x52, 0x24, 0x92, 0x22, 0x82, 0x41, 0x02, 0x46, 0x8A, 0x98, 0x44,
    0x08, 0x04, 0x49, 0x04, 0x49, 0x04, 0x49, 0x24, 0x7F, 0x24, 0x00, 0x24, 0xFF, 0xA4, 0x08, 0x24,
    0x10, 0x24, 0x7F, 0x24, 0x55, 0x24, 0x55, 0x24, 0x55, 0x04, 0x55, 0x04, 0x55, 0x14, 0x43, 0x08,
    0x00, 0x04, 0x3F, 0x84, 0x20, 0x84, 0x20, 0xA4, 0x3F, 0xA4, 0x20, 0x24, 0x3F, 0xA4, 0x24, 0x24,
    0x29, 0x24, 0x2F, 0xA4, 0x22, 0x24, 0x2F, 0xA4, 0x22, 0x04, 0x43, 0x84, 0x5E, 0x14, 0x88, 0x08,
    0x00, 0x04, 0x7F, 0x04, 0x41, 0x04, 0x41, 0x24, 0x79, 0x24, 0x49, 0x24, 0x49, 0x24, 0xFF, 0xA4,
    0x80, 0xA4, 0xBE, 0xA4, 0xA2, 0xA4, 0xA2, 0xA4, 0xBE, 0x84, 0x80, 0x84, 0x82, 0x94, 0x81, 0x08,
    0x00, 0x02, 0x7F, 0xC2, 0x00, 0x02, 0x3F, 0x82, 0x20, 0x92, 0x20, 0x92, 0x3F, 0x92, 0x00, 0x12,
    0x7F, 0xD2, 0x44, 0x52, 0x44, 0x52, 0x7F, 0xD2, 0x44, 0x42, 0x44, 0x42, 0x7F, 0xCA, 0x40, 0x44,
    0x03, 0x82, 0x3C, 0x02, 0x04, 0x02, 0x7F, 0xC2, 0x15, 0x12, 0x15, 0x12, 0xFF, 0xD2, 0x15, 0x12,
    0x15, 0x12, 0x7F, 0xD2, 0x0E, 0x12, 0x15, 0x12, 0x24, 0x82, 0x44, 0x42, 0x84, 0x0A, 0x04, 0x04,
    0x08, 0x00, 0x08, 0x00, 0x14, 0x7E, 0x22, 0x12, 0x41, 0x12, 0xBE, 0xD2, 0x08, 0x52, 0x08, 0x52,
    0x7F, 0x52, 0x49, 0x92, 0x49, 0x12, 0x7F, 0x12, 0x08, 0x22, 0x14, 0x22, 0x22, 0x4A, 0x41, 0x84,
    0x10, 0x04, 0x08, 0x04, 0xFF, 0x84, 0x80, 0xA4, 0x09, 0x24, 0x7F, 0x24, 0x08, 0x24, 0x7F, 0x24,
    0x08, 0x24, 0xFF, 0xA4, 0x08, 0x24, 0x7F, 0x24, 0x41, 0x04, 0x41, 0x04, 0x7F, 0x14, 0x41, 0x08,
    0x22, 0x04, 0x22, 0x04, 0xFF, 0x84, 0x22, 0x24, 0x08, 0x24, 0x14, 0x24, 0x22, 0x24, 0x41, 0x24,
    0xBE, 0xA4, 0x00, 0x24, 0x00, 0x24, 0x7F, 0x24, 0x41, 0x04, 0x41, 0x04, 0x7F, 0x14, 0x41, 0x08,
    0x08, 0x04, 0x49, 0x04, 0x49, 0x04, 0x7F, 0x24, 0x00, 0x24, 0xFF, 0x24, 0x00, 0x24, 0x7F, 0x24,
    0x41, 0x24, 0x41, 0x24, 0x7F, 0x24, 0x42, 0x24, 0x24, 0x04, 0x0F, 0x04, 0xF0, 0x14, 0x40, 0x08,
    0x08, 0x04, 0x0C, 0x04, 0x12, 0x04, 0x29, 0x24, 0x44, 0xA4, 0xBF, 0x24, 0x21, 0x24, 0x3F, 0x24,
    0x21, 0x24, 0x3F, 0x24, 0x20, 0x24, 0x3F, 0x24, 0x51, 0x04, 0x51, 0x04, 0x9F, 0x14, 0x11, 0x08,
    0x20, 0x04, 0x3F, 0x04, 0x41, 0x04, 0x7E, 0x24, 0x02, 0x24, 0xFF, 0xA4, 0x10, 0x24, 0x28, 0xA4,
    0xCD, 0x24, 0x16, 0x24, 0x25, 0x24, 0xCD, 0x24, 0x14, 0x84, 0x24, 0x84, 0xD4, 0x14, 0x08, 0x08,
    0x08, 0x04, 0x04, 0x04, 0x3F, 0x84, 0x11, 0x24, 0x0A, 0x24, 0x3F, 0xA4, 0x22, 0x24, 0x2A, 0x24,
    0x2F, 0xA4, 0x32, 0x24, 0x22, 0x24, 0x2F, 0xA4, 0x22, 0x04, 0x42, 0x04, 0x43, 0x94, 0x9C, 0x08,
    0x08, 0x04, 0xFF, 0x84, 0x08, 0x04, 0x7F, 0x24, 0x49, 0x24, 0x7F, 0x24, 0x49, 0x24, 0x7F, 0x24,
    0x08, 0xA4, 0xFF, 0xA4, 0x02, 0x24, 0xFF, 0xA4, 0x42, 0x04, 0x22, 0x04, 0x0A, 0x14, 0x04, 0x08,
    0x00, 0x04, 0x77, 0x04, 0x11, 0x04, 0x55, 0x24, 0x33, 0x24, 0x55, 0x24, 0x0C, 0x24, 0x33, 0x24,
    0xC4, 0xA4, 0x18, 0x24, 0x62, 0x24, 0x0C, 0xA4, 0x71, 0x04, 0x06, 0x04, 0x18, 0x14, 0xE0, 0x08,
    0x08, 0x20, 0x08, 0x20, 0x7E, 0x7E, 0x08, 0xC4, 0xFF, 0x28, 0x1C, 0x10, 0x2A, 0x28, 0x48, 0xC6,
    0x00, 0x00, 0x3F, 0xFE, 0x20, 0x00, 0x2F, 0xF8, 0x22, 0x08, 0x42, 0x08, 0x44, 0x28, 0x98, 0x10,
    0x02, 0x02, 0x22, 0x22, 0x22, 0x22, 0x3F, 0xEA, 0x00, 0x0A, 0x3D, 0xEA, 0x25, 0x2A, 0x25, 0x2A,
    0x3D, 0xEA, 0x25, 0x2A, 0x25, 0x2A, 0x3D, 0xEA, 0x25, 0x22, 0x25, 0x22, 0x55, 0xAA, 0x8A, 0x44,
    0x10, 0x04, 0x22, 0x04, 0x7F, 0x04, 0x42, 0x24, 0x94, 0xA4, 0xF7, 0xA4, 0x08, 0x24, 0x36, 0x24,
    0xC9, 0x24, 0x30, 0xA4, 0xC4, 0x24, 0x19, 0x24, 0x62, 0x04, 0x0C, 0x04, 0x30, 0x14, 0xC0, 0x08,
    0x00, 0x02, 0xFF, 0xE2, 0x0A, 0x02, 0x7F, 0xC2, 0x4A, 0x52, 0x4A, 0x52, 0x7F, 0xD2, 0x00, 0x12,
    0x7F, 0xD2, 0x00, 0x12, 0xFF, 0xF2, 0x04, 0x12, 0x24, 0x82, 0x44, 0x42, 0x94, 0x2A, 0x08, 0x04,
    0x00, 0x02, 0x7F, 0xC2, 0x40, 0x02, 0x4F, 0x82, 0x48, 0x92, 0x48, 0x92, 0x4F, 0x92, 0x40, 0x12,
    0x5D, 0xD2, 0x55, 0x52, 0x55, 0x52, 0x55, 0x52, 0x5D, 0xC2, 0x40, 0x02, 0x7F, 0xEA, 0x00, 0x04,
    0x49, 0x04, 0x92, 0x04, 0x49, 0x04, 0x00, 0x24, 0x7F, 0x24, 0x49, 0x24, 0x7F, 0x24, 0x49, 0x24,
    0x7F, 0x24, 0x08, 0x24, 0xFF, 0xA4, 0x1C, 0x24, 0x2A, 0x04, 0x49, 0x04, 0x88, 0x14, 0x08, 0x08,
    0x00, 0x04, 0x7F, 0x04, 0x12, 0x04, 0x0C, 0x24, 0xFF, 0xA4, 0x14, 0xA4, 0x25, 0x24, 0xD4, 0x24,
    0x08, 0x24, 0xFF, 0xA4, 0x94, 0xA4, 0xA2, 0xA4, 0xDD, 0x84, 0x94, 0x84, 0x9C, 0x94, 0x81, 0x88,
    0x12, 0x02, 0x11, 0x02, 0x3F, 0xC2, 0x22, 0x02, 0x62, 0x12, 0xBF, 0xD2, 0x22, 0x12, 0x22, 0x12,
    0x3F, 0xD2, 0x22, 0x12, 0x22, 0x12, 0x3F, 0xD2, 0x20, 0x02, 0x54, 0x82, 0x4A, 0x4A, 0x8A, 0x44,
    0x00, 0x02, 0x7F, 0xF2, 0x40, 0x02, 0x51, 0x4A, 0x4A, 0x4A, 0x5F, 0x7A, 0x44, 0x9A, 0x44, 0x2A,
    0x55, 0x0A, 0x55, 0x4A, 0x5F, 0x4A, 0x44, 0x4A, 0x44, 0xA2, 0x48, 0xA2, 0x49, 0x2A, 0x92, 0x04,
    0x08, 0x04, 0x7F, 0x04, 0x09, 0x04, 0xFF, 0xA4, 0x09, 0x24, 0x7F, 0x24, 0x08, 0x24, 0xFF, 0xA4,
    0x00, 0x24, 0x7F, 0x24, 0x49, 0x24, 0x7F, 0x24, 0x49, 0x04, 0x7F, 0x04, 0x00, 0x14, 0xFF, 0x88,
    0x42, 0x04, 0x42, 0x04, 0x7B, 0xC4, 0x45, 0x24, 0xA8, 0xA4, 0x14, 0x24, 0x22, 0x24, 0x41, 0x24,
    0xBE, 0xA4, 0x00, 0x24, 0x00, 0x24, 0x7F, 0x24, 0x41, 0x04, 0x41, 0x04, 0x7F, 0x14, 0x41, 0x08,
    0x00, 0x04, 0x7F, 0x04, 0x55, 0x04, 0x55, 0x24, 0x7F, 0x24, 0x20, 0x24, 0x7F, 0xA4, 0x90, 0xA4,
    0x7C, 0xA4, 0x54, 0xA4, 0x54, 0xA4, 0x7C, 0xA4, 0x12, 0x84, 0xFE, 0x84, 0x02, 0x94, 0x01, 0x08,
    0x02, 0x02, 0x3F, 0xF2, 0x28, 0x82, 0x25, 0x0A, 0x3F, 0xEA, 0x25, 0x0A, 0x2F, 0xCA, 0x25, 0x4A,
    0x3F, 0xEA, 0x25, 0x4A, 0x2F, 0xCA, 0x25, 0x0A, 0x2D, 0x82, 0x55, 0x42, 0x65, 0x2A, 0x85, 0x04,
    0x08, 0x04, 0x0F, 0x04, 0x08, 0x04, 0x7F, 0xA4, 0x48, 0xA4, 0x7E, 0x24, 0x49, 0x24, 0x47, 0x24,
    0x40, 0x24, 0x7F, 0xA4, 0x48, 0x24, 0x55, 0x24, 0x4A, 0x04, 0xB7, 0x04, 0x0A, 0x94, 0x36, 0x08,
    0x00, 0x40, 0x7C, 0x20, 0x45, 0xFC, 0x44, 0x88, 0x7C, 0x50, 0x43, 0xFE, 0x7C, 0x20, 0xA5, 0xFC,
    0x24, 0x20, 0x3C, 0x20, 0x00, 0x00, 0x7F, 0xF8, 0x04, 0x08, 0x08, 0x08, 0x10, 0x50, 0x60, 0x20,
    0x08, 0x02, 0x77, 0xC2, 0x52, 0x42, 0x4A, 0x42, 0x55, 0x52, 0x64, 0x92, 0x0A, 0x12, 0x11, 0x12,
    0x3F, 0x92, 0xC4, 0x52, 0x3F, 0x12, 0x04, 0x92, 0x25, 0x02, 0x17, 0xC2, 0x7C, 0x0A, 0x20, 0x04,
    0x04, 0x02, 0x0B, 0x02, 0x30, 0xC2, 0xDF, 0x22, 0x00, 0x12, 0x7F, 0xD2, 0x55, 0x52, 0x4E, 0x52,
    0x7F, 0xD2, 0x00, 0x12, 0x3F, 0x92, 0x20, 0x92, 0x3F, 0x82, 0x20, 0x82, 0x3F, 0x8A, 0x20, 0x84,
    0x00, 0x04, 0x7F, 0x04, 0x41, 0x04, 0x7F, 0x24, 0x00, 0x24, 0xF7, 0xA4, 0x94, 0xA4, 0xF7, 0xA4,
    0x08, 0x24, 0x08, 0x24, 0xFF, 0xA4, 0x1C, 0x24, 0x2A, 0x04, 0x49, 0x04, 0x88, 0x94, 0x08, 0x08,
    0x02, 0x02, 0x13, 0xC2, 0x12, 0x02, 0x7F, 0xEA, 0x01, 0x0A, 0x01, 0x4A, 0x3F, 0xEA, 0x21, 0x0A,
    0x3F, 0x0A, 0x25, 0x4A, 0x25, 0x4A, 0x2D, 0x4A, 0x36, 0x82, 0x44, 0xA2, 0x89, 0x6A, 0x32, 0x24,
    0x08, 0x04, 0x08, 0x04, 0x14, 0x04, 0x22, 0x24, 0x41, 0x24, 0xBE, 0xA4, 0x00, 0x24, 0x00, 0x24,
    0x77, 0x24, 0x55, 0x24, 0x55, 0x24, 0x77, 0x24, 0x22, 0x04, 0x22, 0x04, 0x55, 0x14, 0x88, 0x88,
    0x08, 0x00, 0x08, 0x00, 0x14, 0xFC, 0x22, 0x24, 0x41, 0x24, 0xBE, 0x24, 0x00, 0x24, 0x00, 0x24,
    0x77, 0x24, 0x55, 0x24, 0x55, 0x24, 0x77, 0x24, 0x22, 0x44, 0x22, 0x44, 0x55, 0x94, 0x89, 0x08,
    0x08, 0x04, 0x49, 0x04, 0x2A, 0x04, 0xFF, 0xA4, 0x80, 0xA4, 0x3E, 0x24, 0x22, 0x24, 0x22, 0x24,
    0x3E, 0x24, 0x00, 0x24, 0x7F, 0x24, 0x49, 0x24, 0x7F, 0x04, 0x49, 0x04, 0x7F, 0x14, 0x41, 0x08,
    0x11, 0x02, 0x7F, 0xC2, 0x15, 0x02, 0x12, 0x02, 0x3F, 0xD2, 0x64, 0x12, 0xBF, 0x92, 0x24, 0x12,
    0x3F, 0x92, 0x24, 0x12, 0x3F, 0xD2, 0x20, 0x12, 0x7F, 0x82, 0x11, 0x02, 0x0E, 0x0A, 0x71, 0x84,
    0x08, 0x02, 0x04, 0x02, 0x7F, 0xC2, 0x11, 0x02, 0x0A, 0x52, 0xF5, 0x92, 0x55, 0x52, 0x55, 0x32,
    0xB5, 0x92, 0x00, 0x12, 0x20, 0x92, 0x3F, 0x92, 0x20, 0x82, 0x3F, 0x82, 0x20, 0x8A, 0x40, 0x84,
    0x08, 0x00, 0x08, 0x00, 0x14, 0x7E, 0x22, 0x12, 0x41, 0x12, 0xBE, 0x52, 0x00, 0x52, 0x00, 0x52,
    0x77, 0x52, 0x55, 0x92, 0x55, 0x12, 0x77, 0x12, 0x22, 0x22, 0x22, 0x22, 0x55, 0x4A, 0x88, 0x84,
    0x08, 0x02, 0x3F, 0x82, 0x20, 0x82, 0x3F, 0x82, 0x20, 0x92, 0x3F, 0x92, 0x00, 0x12, 0x7F, 0xD2,
    0x44, 0x52, 0x7F, 0xD2, 0x44, 0x52, 0x7F, 0xD2, 0x00, 0x02, 0xFF, 0xE2, 0x11, 0x0A, 0x21, 0x04,
    0x08, 0x00, 0x08, 0x00, 0x14, 0x7C, 0x22, 0x24, 0x41, 0x24, 0xBE, 0x24, 0x00, 0xA4, 0x00, 0x64,
    0x77, 0x24, 0x55, 0x34, 0x55, 0x2C, 0x77, 0x26, 0x22, 0x24, 0x22, 0x24, 0x55, 0x44, 0x88, 0x8C,
    0x08, 0x44, 0x73, 0x84, 0x42, 0x04, 0x7B, 0xE4, 0x52, 0xA4, 0x52, 0xA4, 0x84, 0x24, 0x7F, 0xA4,
    0x40, 0xA4, 0x7F, 0xA4, 0x40, 0xA4, 0x7F, 0xA4, 0x40, 0x84, 0x7F, 0x84, 0x21, 0x14, 0x40, 0x88,
    0x3E, 0x02, 0x42, 0x02, 0xFF, 0x82, 0x40, 0x82, 0x7F, 0x92, 0x44, 0x92, 0x77, 0x12, 0x44, 0x52,
    0x3F, 0xD2, 0x42, 0x12, 0xFF, 0x92, 0x48, 0x92, 0x7F, 0x82, 0x1A, 0x02, 0x29, 0x4A, 0xC7, 0xC4,
    0x52, 0x82, 0x7B, 0xE2, 0x94, 0x82, 0x7B, 0xEA, 0x31, 0x8A, 0x5A, 0xAA, 0x94, 0x6A, 0x3F, 0xCA,
    0x20, 0x4A, 0x3F, 0xCA, 0x20, 0x4A, 0x3F, 0xCA, 0x20, 0x42, 0x3F, 0xC2, 0x10, 0x8A, 0x20, 0x44,
    0x02, 0x02, 0x3F, 0xF2, 0x24, 0x82, 0x3F, 0xEA, 0x24, 0x8A, 0x2E, 0xCA, 0x35, 0xAA, 0x24, 0x8A,
    0x25, 0x0A, 0x3D, 0xEA, 0x25, 0x0A, 0x3D, 0xCA, 0x25, 0x02, 0x5D, 0xE2, 0x45, 0x0A, 0x85, 0x04,
    0x1F, 0x02, 0x21, 0x02, 0x3E, 0x02, 0x02, 0x02, 0x7F, 0xD2, 0x18, 0x92, 0x65, 0x12, 0x1A, 0x92,
    0x66, 0x52, 0x1A, 0x12, 0x24, 0x92, 0xFB, 0xF2, 0xAA, 0xA2, 0xFB, 0xE2, 0x28, 0xAA, 0xFB, 0xE4,
    0x7F, 0xC2, 0x40, 0x42, 0x7F, 0xC2, 0x52, 0x42, 0x4A, 0x92, 0x52, 0x52, 0x5F, 0xD2, 0x55, 0x52,
    0x5F, 0xD2, 0x64, 0x52, 0x5F, 0x52, 0x55, 0x52, 0x5F, 0x42, 0x44, 0x42, 0xBF, 0x4A, 0x00, 0x84,
    0x02, 0x00, 0x02, 0x00, 0x02, 0x00, 0x02, 0x00, 0x7F, 0xF8, 0x02, 0x08, 0x02, 0x08, 0x02, 0x08,
    0x02, 0x08, 0x04, 0x08, 0x04, 0x08, 0x08, 0x08, 0x08, 0x08, 0x10, 0x88, 0x20, 0x50, 0x40, 0x20,
    0x10, 0x20, 0x10, 0x20, 0x10, 0x20, 0x10, 0x20, 0xFF, 0x20, 0x11, 0x20, 0x11, 0x20, 0x11, 0x20,
    0x11, 0x20, 0x11, 0x20, 0x21, 0x20, 0x21, 0x22, 0x21, 0x22, 0x41, 0x22, 0x4A, 0x1E, 0x84, 0x00,
    0x00, 0x40, 0x00, 0x40, 0x00, 0x40, 0xFC, 0x40, 0x05, 0xFC, 0x04, 0x44, 0x48, 0x44, 0x28, 0x44,
    0x10, 0x44, 0x10, 0x84, 0x28, 0x84, 0x24, 0x84, 0x45, 0x04, 0x81, 0x04, 0x02, 0x28, 0x04, 0x10,
    0x02, 0x00, 0x02, 0x00, 0x02, 0x00, 0x02, 0x00, 0x7F, 0xF0, 0x02, 0x10, 0x02, 0x10, 0x12, 0x18,
    0x12, 0x14, 0x24, 0x12, 0x44, 0x12, 0x08, 0x10, 0x08, 0x10, 0x10, 0x10, 0x20, 0xA0, 0x40, 0x40,
    0x00, 0x40, 0x00, 0x40, 0x00, 0x40, 0xFE, 0x40, 0x11, 0xFC, 0x10, 0x44, 0x10, 0x44, 0x10, 0x44,
    0x10, 0x44, 0x10, 0x84, 0x10, 0x84, 0x1E, 0x84, 0xF1, 0x04, 0x41, 0x04, 0x02, 0x28, 0x04, 0x10,
    0x10, 0x00, 0x10, 0x00, 0x10, 0x00, 0x10, 0x7C, 0xFE, 0x44, 0x12, 0x44, 0x12, 0x44, 0x12, 0x44,
    0x12, 0x44, 0x12, 0x44, 0x12, 0x44, 0x12, 0x44, 0x22, 0x44, 0x22, 0x7C, 0x4A, 0x44, 0x84, 0x00,
    0x04, 0x00, 0x04, 0x00, 0x0F, 0xF0, 0x18, 0x20, 0x24, 0xC0, 0x03, 0x00, 0x0C, 0xC0, 0x32, 0x30,
    0xC2, 0x0E, 0x1F, 0xF0, 0x02, 0x10, 0x04, 0x10, 0x04, 0x10, 0x08, 0x10, 0x10, 0xA0, 0x20, 0x40,
    0x00, 0x20, 0x00, 0x20, 0xFF, 0x20, 0x20, 0x20, 0x20, 0xFC, 0x20, 0x24, 0x3E, 0x24, 0x22, 0x24,
    0x22, 0x24, 0x22, 0x24, 0x22, 0x24, 0x22, 0x24, 0x42, 0x44, 0x42, 0x44, 0x94, 0xA8, 0x09, 0x10,
    0x01, 0x00, 0x11, 0x10, 0x11, 0x08, 0x21, 0x24, 0x41, 0x44, 0x01, 0x80, 0x0E, 0x00, 0xF1, 0x00,
    0x01, 0x00, 0x3F, 0xF8, 0x02, 0x08, 0x02, 0x08, 0x04, 0x08, 0x08, 0x08, 0x10, 0x50, 0x60, 0x20,
    0x02, 0x20, 0x07, 0x20, 0x38, 0x20, 0x20, 0x20, 0x20, 0xFC, 0x20, 0x24, 0x3F, 0x24, 0x24, 0x24,
    0x24, 0x24, 0x24, 0x24, 0x24, 0x24, 0x24, 0x44, 0x24, 0x44, 0x44, 0x84, 0x45, 0x28, 0x82, 0x10,
    0x10, 0x20, 0x08, 0x20, 0x08, 0x20, 0xFF, 0x20, 0x00, 0xFC, 0x00, 0x24, 0x3C, 0x24, 0x24, 0x24,
    0x24, 0x24, 0x24, 0x24, 0x24, 0x24, 0x25, 0x44, 0x46, 0x44, 0x44, 0x84, 0x81, 0x28, 0x02, 0x10,
    0x02, 0x00, 0x02, 0x00, 0x3F, 0xF0, 0x04, 0x10, 0x08, 0x10, 0x10, 0xA0, 0x60, 0x40, 0x10, 0x20,
    0x10, 0x20, 0x7E, 0xFC, 0x12, 0x24, 0x12, 0x24, 0x22, 0x44, 0x22, 0x44, 0x4A, 0x94, 0x85, 0x08,
    0x04, 0x20, 0x0E, 0x20, 0x78, 0x20, 0x08, 0x20, 0x08, 0xFC, 0x7E, 0x24, 0x08, 0x24, 0x08, 0x24,
    0x08, 0x24, 0xFF, 0x24, 0x08, 0x24, 0x08, 0x44, 0x08, 0x44, 0x08, 0x84, 0x29, 0x28, 0x12, 0x10,
    0x00, 0x40, 0x00, 0x40, 0x7C, 0x40, 0x00, 0x40, 0x01, 0xFC, 0x00, 0x44, 0xFE, 0x44, 0x20, 0x44,
    0x20, 0x44, 0x20, 0x84, 0x48, 0x84, 0x44, 0x84, 0xFD, 0x04, 0x45, 0x04, 0x02, 0x28, 0x04, 0x10,
    0x00, 0x20, 0x7C, 0x20, 0x44, 0x20, 0x44, 0x20, 0x44, 0xFC, 0x7C, 0x24, 0x44, 0x24, 0x44, 0x24,
    0x7C, 0x24, 0x44, 0x24, 0x44, 0x24, 0x44, 0x44, 0x4E, 0x44, 0xF0, 0x84, 0x01, 0x28, 0x02, 0x10,
    0x10, 0x00, 0x10, 0x00, 0xFE, 0xFC, 0x22, 0x84, 0x44, 0x88, 0x28, 0x50, 0x10, 0x20, 0x28, 0x58,
    0xC5, 0x86, 0x02, 0x00, 0x02, 0x00, 0x7F, 0xF8, 0x04, 0x08, 0x08, 0x08, 0x10, 0x50, 0x60, 0x20,
    0x08, 0x20, 0x08, 0x20, 0x08, 0x20, 0x7E, 0x20, 0x08, 0xFC, 0x08, 0x24, 0x08, 0x24, 0xFF, 0x24,
    0x10, 0x24, 0x10, 0x24, 0x20, 0x24, 0x44, 0x44, 0xFE, 0x44, 0x42, 0x84, 0x01, 0x28, 0x02, 0x10,
    0x20, 0x20, 0x20, 0x20, 0x20, 0x20, 0x7E, 0x20, 0x42, 0xFC, 0x82, 0x24, 0x7A, 0x24, 0x4A, 0x24,
    0x4A, 0x24, 0x4A, 0x24, 0x7A, 0x24, 0x4A, 0x44, 0x02, 0x44, 0x02, 0x84, 0x15, 0x28, 0x0A, 0x10,
    0x00, 0x20, 0x7E, 0x20, 0x12, 0x20, 0x12, 0x20, 0x22, 0xFC, 0x2A, 0x24, 0x44, 0x24, 0x80, 0x24,
    0x3E, 0x24, 0x22, 0x24, 0x22, 0x24, 0x22, 0x24, 0x22, 0x44, 0x3E, 0x44, 0x22, 0xA8, 0x01, 0x10,
    0x08, 0x20, 0x08, 0x20, 0x48, 0x20, 0x48, 0x20, 0x7E, 0xFC, 0x48, 0x24, 0x88, 0x24, 0x08, 0x24,
    0xFF, 0x24, 0x08, 0x24, 0x08, 0x24, 0x14, 0x44, 0x22, 0x44, 0x42, 0x84, 0x81, 0x28, 0x02, 0x10,
    0x00, 0x20, 0x00, 0x20, 0xFF, 0x20, 0x10, 0x20, 0x10, 0xFC, 0x10, 0x24, 0x3E, 0x24, 0x22, 0x24,
    0x62, 0x24, 0xA2, 0x24, 0x22, 0x24, 0x22, 0x44, 0x3E, 0x44, 0x22, 0x84, 0x01, 0x28, 0x02, 0x10,
    0x10, 0x20, 0x10, 0x20, 0x20, 0x20, 0x7E, 0x20, 0x42, 0xFC, 0x42, 0x24, 0x42, 0x24, 0x42, 0x24,
    0x7E, 0x24, 0x42, 0x24, 0x42, 0x24, 0x42, 0x24, 0x42, 0x44, 0x7E, 0x44, 0x42, 0xA8, 0x01, 0x10,
    0x00, 0x10, 0x7F, 0xD0, 0x40, 0x10, 0x40, 0x10, 0x5F, 0x7E, 0x48, 0x12, 0x48, 0x12, 0x4F, 0x12,
    0x49, 0x12, 0x49, 0x12, 0x49, 0x12, 0x49, 0x12, 0x49, 0x12, 0x51, 0x22, 0x95, 0x2A, 0x22, 0x44,
    0x00, 0x20, 0x7E, 0x20, 0x04, 0x20, 0x08, 0x20, 0x18, 0xFC, 0x24, 0x24, 0x42, 0x24, 0x81, 0x24,
    0x00, 0x24, 0x7E, 0x24, 0x08, 0x24, 0x08, 0x44, 0x08, 0x44, 0x0E, 0x84, 0xF1, 0x28, 0x42, 0x10,
    0x08, 0x20, 0x08, 0x20, 0xFF, 0xFE, 0x08, 0x20, 0x00, 0x00, 0x7F, 0xFE, 0x42, 0x02, 0x82, 0x04,
    0x3F, 0xF0, 0x02, 0x10, 0x02, 0x10, 0x04, 0x10, 0x04, 0x10, 0x08, 0x10, 0x10, 0xA0, 0x20, 0x40,
    0x22, 0x08, 0x11, 0x08, 0x11, 0x10, 0x00, 0x20, 0x7F, 0xFE, 0x40, 0x02, 0x82, 0x04, 0x02, 0x00,
    0x7F, 0xF8, 0x02, 0x08, 0x02, 0x08, 0x04, 0x08, 0x04, 0x08, 0x08, 0x08, 0x10, 0x50, 0x60, 0x20,
    0x01, 0x00, 0x11, 0x10, 0x09, 0x20, 0x3F, 0xF8, 0x02, 0x00, 0x02, 0x00, 0x7F, 0xFC, 0x08, 0x20,
    0x12, 0x10, 0x22, 0x08, 0xDF, 0xF6, 0x04, 0x10, 0x04, 0x10, 0x08, 0x10, 0x10, 0xA0, 0x20, 0x40,
    0x04, 0x20, 0x0E, 0x20, 0x70, 0x20, 0x40, 0x20, 0x40, 0xFC, 0x7F, 0x24, 0x40, 0x24, 0x40, 0x24,
    0x5E, 0x24, 0x52, 0x24, 0x52, 0x24, 0x52, 0x24, 0x52, 0x44, 0x9E, 0x44, 0x92, 0xA8, 0x01, 0x10,
    0x22, 0x20, 0x12, 0x20, 0x14, 0x20, 0x7F, 0x20, 0x08, 0xFC, 0x08, 0x24, 0x3E, 0x24, 0x08, 0x24,
    0x08, 0x24, 0x7F, 0x24, 0x08, 0x24, 0x08, 0x44, 0x10, 0x44, 0x10, 0x84, 0x21, 0x28, 0x42, 0x10,
    0x08, 0x20, 0x08, 0x20, 0x7F, 0x20, 0x08, 0x20, 0x08, 0xFC, 0x08, 0x24, 0xFF, 0xA4, 0x00, 0x24,
    0x08, 0x24, 0x08, 0x24, 0x7F, 0x24, 0x08, 0x24, 0x08, 0x44, 0x0F, 0x44, 0xF0, 0xA8, 0x41, 0x10,
    0x10, 0x20, 0x08, 0x20, 0x00, 0x20, 0xFF, 0x20, 0x00, 0xFC, 0x24, 0x24, 0x42, 0x24, 0x81, 0x24,
    0x24, 0x24, 0x14, 0x24, 0x08, 0x24, 0x14, 0x44, 0x22, 0x44, 0x42, 0x84, 0x81, 0x28, 0x02, 0x10,
    0x10, 0x10, 0x10, 0x10, 0x24, 0x10, 0x42, 0x7E, 0xFF, 0x12, 0x09, 0x12, 0x48, 0x12, 0x48, 0x12,
    0x7F, 0x12, 0x88, 0x22, 0x08, 0x22, 0xFF, 0xA2, 0x08, 0x42, 0x08, 0x42, 0x08, 0x94, 0x09, 0x08,
    0x00, 0x10, 0x7F, 0x90, 0x40, 0x10, 0x40, 0x7E, 0x7F, 0x92, 0x44, 0x12, 0x44, 0x12, 0x5F, 0x12,
    0x44, 0x12, 0x44, 0x22, 0x7F, 0xA2, 0x40, 0x22, 0x40, 0x42, 0x7F, 0xC2, 0x00, 0x94, 0x01, 0x08,
    0x08, 0x20, 0x08, 0x20, 0x08, 0x20, 0xFF, 0x20, 0x08, 0xFC, 0x08, 0x24, 0x7E, 0x24, 0x00, 0x24,
    0x00, 0x24, 0x7E, 0x24, 0x42, 0x24, 0x42, 0x24, 0x42, 0x44, 0x7E, 0x44, 0x42, 0xA8, 0x01, 0x10,
    0x7F, 0x84, 0x08, 0x24, 0x10, 0x24, 0x3F, 0x24, 0x51, 0x24, 0x0A, 0x24, 0x04, 0x04, 0x08, 0x04,
    0x30, 0x14, 0xC2, 0x08, 0x02, 0x00, 0x7F, 0xF8, 0x04, 0x08, 0x08, 0x08, 0x10, 0x50, 0x60, 0x20,
    0x10, 0x20, 0x08, 0x20, 0x08, 0x20, 0xFF, 0x20, 0x08, 0xFC, 0x10, 0x24, 0x22, 0x24, 0x7C, 0x24,
    0x09, 0x24, 0x12, 0x24, 0x24, 0x24, 0xC8, 0x24, 0x14, 0x44, 0x22, 0x44, 0xC0, 0xA8, 0x01, 0x10,
    0x08, 0x40, 0x08, 0x40, 0x7D, 0xF8, 0x08, 0x48, 0x0C, 0x48, 0x19, 0xC8, 0x68, 0x4A, 0x08, 0xAA,
    0x28, 0x86, 0x13, 0x02, 0x02, 0x00, 0x7F, 0xF8, 0x04, 0x08, 0x08, 0x08, 0x10, 0x50, 0x60, 0x20,
    0x08, 0x20, 0x08, 0x20, 0x08, 0x20, 0x7F, 0x20, 0x08, 0xFC, 0x08, 0x24, 0x7F, 0x24, 0x41, 0x24,
    0x41, 0x24, 0x7F, 0x24, 0x14, 0x24, 0x14, 0x24, 0x25, 0x44, 0x26, 0x44, 0x44, 0xA8, 0x81, 0x10,
    0x00, 0x20, 0x7F, 0x20, 0x00, 0x20, 0x25, 0x20, 0x4A, 0xFC, 0x92, 0x24, 0x49, 0x24, 0x24, 0xA4,
    0x00, 0x24, 0x7F, 0x24, 0x08, 0x24, 0x08, 0x24, 0x08, 0x44, 0x0F, 0x44, 0xF8, 0xA8, 0x01, 0x10,
    0x08, 0x20, 0x28, 0x20, 0x28, 0x20, 0x3E, 0x20, 0x48, 0xFC, 0x08, 0x24, 0xFF, 0x24, 0x00, 0x24,
    0x00, 0x24, 0x3E, 0x24, 0x22, 0x24, 0x22, 0x24, 0x22, 0x44, 0x3E, 0x44, 0x22, 0xA8, 0x01, 0x10,
    0x08, 0x20, 0x08, 0x20, 0x7F, 0x20, 0x08, 0x20, 0x08, 0xFC, 0x7F, 0x24, 0x41, 0x24, 0x82, 0x24,
    0x3C, 0x24, 0x04, 0x24, 0x08, 0x24, 0x0F, 0x44, 0x78, 0x44, 0x08, 0x84, 0x29, 0x28, 0x12, 0x10,
    0x20, 0x10, 0x20, 0x10, 0x3F, 0x90, 0x40, 0x10, 0xBF, 0x7E, 0x21, 0x12, 0x29, 0x12, 0x25, 0x12,
    0xFF, 0xD2, 0x21, 0x12, 0x49, 0x12, 0x45, 0x12, 0x7F, 0x92, 0x01, 0x22, 0x0A, 0x2A, 0x04, 0x44,
    0x08, 0x20, 0x08, 0x20, 0xFF, 0xA0, 0x08, 0x20, 0x08, 0xFC, 0x7F, 0x24, 0x49, 0x24, 0x49, 0x24,
    0x7F, 0x24, 0x08, 0x24, 0x1C, 0x24, 0x2A, 0x44, 0x49, 0x44, 0x88, 0x84, 0x09, 0x28, 0x0A, 0x10,
    0x10, 0x20, 0x08, 0x20, 0x7E, 0x20, 0x42, 0x20, 0x42, 0xFC, 0x7E, 0x24, 0x42, 0x24, 0x42, 0x24,
    0x7E, 0x24, 0x40, 0x24, 0x48, 0x24, 0x44, 0x44, 0x4A, 0x44, 0x52, 0x84, 0x61, 0x28, 0x42, 0x10,
    0x3F, 0xF0, 0x06, 0x60, 0x01, 0x80, 0x3F, 0xF8, 0x21, 0x08, 0x3F, 0xF8, 0x21, 0x08, 0x3F, 0xF8,
    0x21, 0x08, 0x22, 0x08, 0x02, 0x00, 0x7F, 0xF8, 0x04, 0x08, 0x08, 0x08, 0x10, 0x50, 0x60, 0x20,
    0x00, 0x10, 0x7E, 0x10, 0x02, 0x10, 0x34, 0x10, 0x08, 0x7E, 0x7F, 0x12, 0x49, 0x12, 0x49, 0x12,
    0x7F, 0x12, 0x49, 0x12, 0x49, 0x12, 0x7F, 0x12, 0x49, 0x12, 0x49, 0x22, 0x49, 0x2A, 0x43, 0x44,
    0x20, 0x20, 0x20, 0x20, 0x3E, 0x20, 0x44, 0x20, 0x88, 0xFC, 0x7F, 0x24, 0x49, 0x24, 0x49, 0x24,
    0x49, 0x24, 0x7F, 0x44, 0x14, 0x44, 0x14, 0x94, 0x25, 0x0A, 0x24, 0x02, 0x43, 0xFE, 0x80, 0x00,
    0x08, 0x20, 0x08, 0x20, 0xFF, 0x20, 0x08, 0x7C, 0x08, 0x24, 0x7F, 0x24, 0x41, 0x24, 0x41, 0x24,
    0x7F, 0x24, 0x14, 0x44, 0x14, 0x54, 0x14, 0x88, 0x25, 0x02, 0x24, 0x02, 0x43, 0xFE, 0x80, 0x00,
    0x00, 0x20, 0x3E, 0x20, 0x22, 0x20, 0x22, 0x20, 0x3E, 0xFC, 0x00, 0x24, 0x7F, 0x24, 0x41, 0x24,
    0x49, 0x24, 0x49, 0x24, 0x49, 0x24, 0x49, 0x44, 0x14, 0x44, 0x12, 0x84, 0x21, 0x28, 0xC2, 0x10,
    0x08, 0x20, 0x49, 0x20, 0x2A, 0x20, 0x7F, 0x20, 0x08, 0xFC, 0x10, 0x24, 0xFF, 0xA4, 0x22, 0x24,
    0x41, 0x24, 0xBE, 0xA4, 0x22, 0x24, 0x2A, 0x24, 0x24, 0x44, 0x20, 0x44, 0x2C, 0xA8, 0x31, 0x10,
    0x10, 0x10, 0x08, 0x10, 0xFF, 0x90, 0x00, 0x10, 0x00, 0x7E, 0x7F, 0x12, 0x41, 0x12, 0x41, 0x12,
    0x41, 0x12, 0x7F, 0x12, 0x08, 0x12, 0x2A, 0x12, 0x49, 0x12, 0x88, 0xA2, 0x28, 0x2A, 0x10, 0x44,
    0x08, 0x20, 0x08, 0x20, 0x7E, 0x20, 0x08, 0x20, 0x08, 0xFC, 0xFF, 0x24, 0x22, 0x24, 0x41, 0x24,
    0x88, 0xA4, 0x08, 0x24, 0x7E, 0x24, 0x08, 0x24, 0x08, 0x44, 0x0F, 0x44, 0xF8, 0xA8, 0x41, 0x10,
    0x10, 0x20, 0x08, 0x20, 0x7F, 0x20, 0x00, 0x20, 0x22, 0xFC, 0x14, 0x24, 0xFF, 0xA4, 0x00, 0x24,
    0x00, 0x24, 0x3E, 0x24, 0x22, 0x24, 0x22, 0x24, 0x22, 0x44, 0x3E, 0x44, 0x22, 0xA8, 0x01, 0x10,
    0x00, 0x20, 0x3E, 0x20, 0x04, 0x20, 0x08, 0x20, 0x7E, 0xFC, 0x08, 0x24, 0x08, 0x24, 0x28, 0x24,
    0x10, 0x24, 0x7F, 0x24, 0x55, 0x24, 0x55, 0x44, 0x55, 0x44, 0x57, 0x84, 0xFD, 0x28, 0x02, 0x10,
    0x08, 0x20, 0x08, 0x20, 0x08, 0x20, 0xFF, 0x20, 0x08, 0xFC, 0x2A, 0x24, 0x2A, 0x24, 0x2A, 0x24,
    0x5D, 0x24, 0x88, 0x24, 0x1C, 0x24, 0x2A, 0x44, 0x49, 0x44, 0x88, 0x84, 0x09, 0x28, 0x0A, 0x10,
    0x22, 0x20, 0x22, 0x20, 0xFF, 0xA0, 0x22, 0x20, 0x3E, 0xFC, 0x08, 0x24, 0x7F, 0x24, 0x49, 0x24,
    0x49, 0x24, 0x7F, 0x24, 0x08, 0x24, 0xFF, 0xC4, 0x08, 0x44, 0x08, 0x84, 0x09, 0x28, 0x0A, 0x10,
    0x44, 0x10, 0x44, 0x90, 0x75, 0x10, 0x46, 0x10, 0x54, 0xFE, 0x64, 0x92, 0x4B, 0x92, 0x10, 0x12,
    0x7F, 0x12, 0x41, 0x12, 0x41, 0x12, 0x7F, 0x12, 0x41, 0x12, 0x41, 0x22, 0x7F, 0x2A, 0x41, 0x44,
    0x00, 0x20, 0xFF, 0xA0, 0x08, 0x20, 0x10, 0x20, 0x7F, 0x7C, 0x55, 0x24, 0x55, 0x24, 0x5D, 0x24,
    0x55, 0x24, 0x55, 0x24, 0x5D, 0x24, 0x55, 0x24, 0x55, 0x44, 0x55, 0x44, 0x7F, 0x94, 0x41, 0x08,
    0x0F, 0x20, 0x78, 0x20, 0x08, 0x20, 0xFF, 0xA0, 0x08, 0x7C, 0x7F, 0x24, 0x49, 0x24, 0x7F, 0x24,
    0x49, 0x24, 0x7F, 0x24, 0x08, 0x24, 0x7F, 0x24, 0x08, 0x44, 0x0F, 0xC4, 0xF8, 0x94, 0x41, 0x08,
    0x00, 0x20, 0xFF, 0x20, 0x81, 0x20, 0xBD, 0x20, 0x81, 0xFC, 0xBD, 0x24, 0x81, 0x24, 0x00, 0x24,
    0x7E, 0x24, 0x42, 0x24, 0x7E, 0x24, 0x42, 0x24, 0x7E, 0x44, 0x42, 0x44, 0x7E, 0xA8, 0x43, 0x10,
    0x1F, 0xF0, 0x10, 0x10, 0x1F, 0xF0, 0x10, 0x10, 0x1F, 0xF0, 0x00, 0x00, 0x3E, 0x20, 0x22, 0x20,
    0x3E, 0xFC, 0x22, 0x24, 0x3E, 0x24, 0x22, 0x24, 0x2F, 0x44, 0xF0, 0x44, 0x40, 0x94, 0x01, 0x08,
    0x22, 0x20, 0x22, 0x20, 0xFF, 0x20, 0x22, 0x20, 0x3E, 0xFC, 0x22, 0x24, 0x3E, 0x24, 0x22, 0x24,
    0x22, 0x24, 0xFF, 0x24, 0x40, 0x24, 0x54, 0x44, 0x62, 0x44, 0x40, 0x84, 0x7F, 0x28, 0x02, 0x10,
    0x00, 0x40, 0xFC, 0x40, 0x04, 0xFC, 0x68, 0x88, 0x11, 0x50, 0x08, 0x20, 0xFE, 0xD8, 0x13, 0x06,
    0x34, 0x40, 0x30, 0x40, 0x53, 0xFC, 0x50, 0x44, 0x90, 0x84, 0x10, 0x84, 0x51, 0x14, 0x22, 0x08,
    0x52, 0x10, 0x52, 0x10, 0xFF, 0x90, 0x52, 0x10, 0x5E, 0x7E, 0x40, 0x12, 0x7F, 0x12, 0x00, 0x12,
    0x7F, 0x12, 0x41, 0x12, 0x49, 0x12, 0x49, 0x12, 0x49, 0x12, 0x14, 0x22, 0x22, 0x2A, 0xC1, 0x44,
    0x00, 0x20, 0x3E, 0x20, 0x22, 0x20, 0x22, 0x20, 0x3E, 0xFC, 0x00, 0x24, 0x7F, 0x24, 0x41, 0x24,
    0x7F, 0x24, 0x41, 0x24, 0x7F, 0x24, 0x41, 0x24, 0x7F, 0x44, 0x14, 0x44, 0x22, 0xA8, 0x41, 0x10,
    0x28, 0x20, 0x44, 0x20, 0x92, 0x20, 0x20, 0x20, 0x48, 0xFC, 0xFC, 0x24, 0x04, 0x24, 0x00, 0x24,
    0xEE, 0x24, 0x22, 0x24, 0xAA, 0x24, 0x66, 0x24, 0xAA, 0x44, 0x22, 0x44, 0xAA, 0xA8, 0x45, 0x10,
    0x00, 0x20, 0x79, 0x24, 0x48, 0xA8, 0x48, 0x20, 0x49, 0xFC, 0x78, 0x40, 0x4B, 0xFE, 0x48, 0x88,
    0x49, 0x44, 0x7A, 0x42, 0x4D, 0xF8, 0x48, 0x48, 0x48, 0x88, 0x48, 0x88, 0x49, 0x28, 0x9A, 0x10,
    0x08, 0x20, 0x2A, 0xA4, 0x2C, 0xA8, 0x49, 0x20, 0x14, 0x50, 0x22, 0x88, 0x7F, 0xFE, 0x41, 0x02,
    0x81, 0x04, 0x3F, 0xF8, 0x02, 0x08, 0x02, 0x08, 0x04, 0x08, 0x08, 0x08, 0x10, 0x50, 0x60, 0x20,
    0x04, 0x40, 0x7F, 0xFC, 0x04, 0x40, 0x1F, 0xF0, 0x10, 0x10, 0x1F, 0xF0, 0x10, 0x10, 0x1F, 0xF0,
    0x04, 0x00, 0xFF, 0xFE, 0x10, 0x10, 0x22, 0x08, 0xDF, 0xF6, 0x04, 0x10, 0x08, 0x50, 0x30, 0x20,
    0x00, 0x20, 0x77, 0x20, 0x11, 0x20, 0x55, 0x20, 0x33, 0x7C, 0x55, 0x24, 0x0C, 0x24, 0x33, 0x24,
    0xC4, 0xA4, 0x18, 0x24, 0x62, 0x24, 0x0C, 0xA4, 0x71, 0x44, 0x06, 0x44, 0x18, 0x94, 0xE1, 0x08,
    0x00, 0x20, 0xFF, 0xA0, 0x14, 0x20, 0x7F, 0x20, 0x55, 0xFC, 0x55, 0x24, 0x7F, 0x24, 0x00, 0x24,
    0x7F, 0x24, 0x00, 0x24, 0xFF, 0xA4, 0x08, 0x24, 0x2A, 0x44, 0x49, 0x44, 0xA8, 0xA8, 0x11, 0x10,
    0x10, 0x40, 0x7C, 0x40, 0x11, 0xF8, 0xFE, 0x48, 0x44, 0xC8, 0x92, 0x48, 0x7C, 0xAA, 0x10, 0xAA,
    0x1D, 0x06, 0xE2, 0x02, 0x02, 0x00, 0x7F, 0xF8, 0x04, 0x08, 0x08, 0x08, 0x10, 0x50, 0x60, 0x20,
    0x08, 0x10, 0x7F, 0x10, 0x08, 0x10, 0x7F, 0x10, 0x08, 0x7E, 0xFF, 0x92, 0x00, 0x12, 0x7F, 0x12,
    0x41, 0x12, 0x7F, 0x12, 0x41, 0x12, 0x7F, 0x12, 0x41, 0x12, 0x7F, 0x22, 0x22, 0x2A, 0x41, 0x44,
    0x22, 0x20, 0x22, 0x20, 0xFF, 0xA0, 0x22, 0x20, 0x3E, 0xFC, 0x08, 0x24, 0x7F, 0x24, 0x49, 0x24,
    0x7F, 0x24, 0x08, 0x24, 0x7F, 0x24, 0x08, 0x44, 0x7F, 0x44, 0x08, 0x84, 0x0F, 0x28, 0xF2, 0x10,
    0x7C, 0xF8, 0x04, 0x88, 0x04, 0xF8, 0x7C, 0x20, 0x41, 0xFC, 0x7D, 0x24, 0x05, 0xFC, 0x04, 0x28,
    0x2B, 0xFC, 0x12, 0x04, 0x02, 0x00, 0x7F, 0xF8, 0x04, 0x08, 0x08, 0x08, 0x10, 0x50, 0x60, 0x20,
    0x49, 0x20, 0x92, 0x20, 0x49, 0x20, 0x00, 0x20, 0x7F, 0x7C, 0x49, 0x24, 0x7F, 0x24, 0x49, 0x24,
    0x7F, 0x24, 0x08, 0x24, 0xFF, 0xA4, 0x1C, 0x24, 0x2A, 0x44, 0x49, 0x44, 0x88, 0x94, 0x09, 0x08,
    0x20, 0x20, 0x20, 0x20, 0x3F, 0x20, 0x48, 0x20, 0x88, 0xFC, 0x7F, 0x24, 0x14, 0x24, 0x22, 0x24,
    0x7F, 0x24, 0xA4, 0x24, 0x3F, 0x24, 0x24, 0x24, 0x3F, 0x44, 0x24, 0x44, 0x3F, 0xA8, 0x21, 0x10,
    0x20, 0x20, 0x3E, 0x20, 0x42, 0x20, 0xFF, 0x20, 0x49, 0xFC, 0x49, 0x24, 0x7F, 0x24, 0x10, 0x24,
    0x28, 0x24, 0xD5, 0x24, 0x26, 0x24, 0xCD, 0x24, 0x15, 0x44, 0x24, 0x44, 0xD4, 0xA8, 0x09, 0x10,
    0x52, 0x20, 0xFF, 0xA0, 0x52, 0x20, 0x5E, 0x20, 0x40, 0xFC, 0x7F, 0x24, 0x00, 0x24, 0x7E, 0x24,
    0x42, 0x24, 0x7E, 0x24, 0x42, 0x24, 0x7E, 0x44, 0x42, 0x44, 0x7E, 0x84, 0x25, 0x28, 0x42, 0x10,
    0x06, 0x10, 0x78, 0x10, 0x10, 0x10, 0xFF, 0x90, 0x22, 0x7E, 0x5D, 0x12, 0x94, 0x92, 0x1C, 0x12,
    0x00, 0x12, 0x7F, 0x12, 0x41, 0x12, 0x5D, 0x12, 0x55, 0x12, 0x5D, 0x22, 0x41, 0x2A, 0x43, 0x44,
    0x0F, 0x10, 0xF8, 0x10, 0x49, 0x10, 0x2A, 0x7E, 0xFF, 0x92, 0x2A, 0x12, 0x49, 0x12, 0x80, 0x92,
    0x7F, 0x12, 0x49, 0x22, 0x49, 0x22, 0x7F, 0x22, 0x49, 0x42, 0x49, 0x42, 0x7F, 0x94, 0x41, 0x08,
    0x08, 0x10, 0x49, 0x10, 0x2A, 0x10, 0x7F, 0x10, 0x10, 0x7E, 0xFF, 0x92, 0x22, 0x12, 0x51, 0x12,
    0xA2, 0x92, 0x3C, 0x12, 0x09, 0x12, 0x7F, 0x12, 0x08, 0x12, 0x49, 0x22, 0x88, 0xAA, 0x18, 0x44,
    0x10, 0x10, 0x08, 0x10, 0x7F, 0x10, 0x22, 0x10, 0xFF, 0x7E, 0x00, 0x12, 0x7F, 0x12, 0x49, 0x12,
    0x7F, 0x12, 0x49, 0x12, 0x7F, 0x12, 0x08, 0x12, 0x7F, 0x12, 0x08, 0x22, 0x0F, 0x2A, 0xF0, 0x44,
    0x08, 0x10, 0x0F, 0x10, 0x08, 0x10, 0x7F, 0x90, 0x48, 0xFE, 0x7E, 0x12, 0x49, 0x12, 0x47, 0x12,
    0x40, 0x12, 0x7F, 0x92, 0x48, 0x12, 0x55, 0x12, 0x4A, 0x12, 0xB7, 0x22, 0x0A, 0xAA, 0x36, 0x44,
    0x08, 0x20, 0xFF, 0x20, 0x00, 0x20, 0xFF, 0x20, 0x81, 0x7C, 0xBD, 0x24, 0xA5, 0x24, 0xFF, 0x24,
    0x00, 0x24, 0x7E, 0x24, 0x42, 0x24, 0x7E, 0x24, 0x42, 0x44, 0x7E, 0x44, 0x00, 0x94, 0xFF, 0x08,
    0x10, 0x00, 0x10, 0xFE, 0x7E, 0x92, 0x12, 0x92, 0x22, 0xFE, 0x2A, 0x92, 0x44, 0x92, 0x80, 0xFE,
    0x44, 0x10, 0xFF, 0x08, 0x55, 0x28, 0x55, 0x20, 0x55, 0x64, 0x55, 0xAA, 0x59, 0x28, 0xB3, 0x18,
    0x22, 0x10, 0x22, 0x10, 0xFF, 0x90, 0x22, 0x10, 0x7F, 0x7E, 0x49, 0x12, 0x7F, 0x12, 0x49, 0x12,
    0x7F, 0x12, 0x08, 0x12, 0xFF, 0x92, 0x88, 0x92, 0x8A, 0x92, 0xBE, 0xA2, 0x82, 0xAA, 0x81, 0xC4,
    0x7F, 0x20, 0x08, 0x20, 0xFF, 0x20, 0x08, 0xFC, 0x7F, 0x24, 0x49, 0x24, 0x7F, 0x24, 0x49, 0x24,
    0x7F, 0x24, 0x08, 0x44, 0x7F, 0x44, 0x08, 0x94, 0xFF, 0x08, 0x00, 0x00, 0x24, 0x48, 0x42, 0x24,
    0x07, 0x10, 0x78, 0x10, 0x08, 0x10, 0xFF, 0x90, 0x08, 0x7E, 0x7F, 0x12, 0x6B, 0x12, 0x5D, 0x12,
    0x7F, 0x12, 0x08, 0x12, 0x7F, 0x12, 0x08, 0x12, 0xFF, 0x92, 0x00, 0x22, 0x55, 0x2A, 0x8A, 0xC4,
    0x08, 0x10, 0x0F, 0x90, 0x08, 0x10, 0x7F, 0x90, 0x48, 0xFE, 0x7E, 0x12, 0x48, 0x92, 0x5F, 0x92,
    0x55, 0x12, 0x5F, 0x12, 0x55, 0x12, 0x5F, 0x12, 0x48, 0x12, 0x55, 0x22, 0xB2, 0xAA, 0x5E, 0x44,
    0x00, 0x10, 0x7F, 0x90, 0x4A, 0x10, 0x7F, 0x90, 0x4A, 0x7E, 0x5F, 0x12, 0x55, 0x12, 0x5F, 0x12,
    0x55, 0x12, 0x5F, 0x12, 0x44, 0x12, 0x7F, 0x92, 0x64, 0x92, 0xAE, 0xA2, 0xA2, 0xAA, 0x21, 0x44,
    0x22, 0x10, 0x4F, 0x90, 0x82, 0x1E, 0x14, 0xA4, 0x2F, 0xD4, 0x60, 0x14, 0xAF, 0x94, 0x28, 0x88,
    0x2F, 0x88, 0x28, 0x94, 0x29, 0xA2, 0x02, 0x00, 0x7F, 0xFC, 0x04, 0x04, 0x18, 0x28, 0x60, 0x10,
    0x08, 0x10, 0xFF, 0x90, 0x00, 0x10, 0x77, 0x10, 0x55, 0x7E, 0x77, 0x12, 0x22, 0x12, 0x7F, 0x12,
    0x22, 0x12, 0x7F, 0x12, 0x22, 0x12, 0xFF, 0x92, 0x28, 0x92, 0x65, 0x22, 0xB2, 0x2A, 0x21, 0x44,
    0x22, 0x10, 0xFF, 0x90, 0x22, 0x10, 0xF7, 0x90, 0x94, 0xFE, 0xF7, 0x92, 0x28, 0x12, 0x24, 0x12,
    0x7F, 0x92, 0x48, 0x12, 0xFF, 0x12, 0x48, 0x12, 0x7F, 0x12, 0x48, 0x22, 0x7F, 0xAA, 0x40, 0x44,
    0x10, 0x00, 0x10, 0x00, 0x3F, 0xFC, 0x20, 0x04, 0x40, 0x04, 0x80, 0x04, 0x00, 0x04, 0x00, 0x04,
    0x00, 0x04, 0x00, 0x04, 0x00, 0x04, 0x00, 0x04, 0x00, 0x04, 0x00, 0x04, 0x00, 0x28, 0x00, 0x10,
    0x08, 0x00, 0x08, 0x00, 0x10, 0x00, 0x1F, 0xF8, 0x20, 0x08, 0x40, 0x08, 0x80, 0x08, 0x04, 0x08,
    0x02, 0x08, 0x01, 0x08, 0x01, 0x08, 0x00, 0x08, 0x00, 0x08, 0x00, 0x08, 0x00, 0x50, 0x00, 0x20,
    0x08, 0x00, 0x08, 0x00, 0x10, 0x00, 0x1F, 0xF8, 0x20, 0x08, 0x40, 0x08, 0x80, 0x08, 0x1F, 0x88,
    0x00, 0x08, 0x00, 0x08, 0x00, 0x08, 0x3F, 0xC8, 0x00, 0x08, 0x00, 0x08, 0x00, 0x50, 0x00, 0x20,
    0x10, 0x00, 0x10, 0x00, 0x3F, 0xFC, 0x20, 0x04, 0x44, 0x04, 0x84, 0x04, 0x3F, 0x84, 0x04, 0x84,
    0x04, 0x84, 0x08, 0x84, 0x08, 0x94, 0x10, 0x94, 0x20, 0x74, 0x40, 0x04, 0x00, 0x28, 0x00, 0x10,
    0x08, 0x00, 0x08, 0x00, 0x10, 0x00, 0x1F, 0xF8, 0x20, 0x08, 0x42, 0x08, 0x82, 0x08, 0x02, 0x08,
    0x05, 0x08, 0x04, 0x88, 0x04, 0x88, 0x08, 0x48, 0x10, 0x48, 0x20, 0x08, 0x00, 0x50, 0x00, 0x20,
    0x08, 0x00, 0x08, 0x00, 0x10, 0x00, 0x1F, 0xF8, 0x20, 0x08, 0x42, 0x08, 0x82, 0x08, 0x04, 0x08,
    0x04, 0x08, 0x08, 0x88, 0x10, 0x48, 0x3F, 0xE8, 0x10, 0x28, 0x00, 0x08, 0x00, 0x50, 0x00, 0x20,
    0x08, 0x00, 0x08, 0x00, 0x08, 0x00, 0x1F, 0xFC, 0x12, 0x44, 0x22, 0x44, 0x42, 0x44, 0x84, 0x44,
    0x04, 0x44, 0x08, 0x84, 0x10, 0x84, 0x21, 0x04, 0x42, 0x04, 0x04, 0x04, 0x08, 0x28, 0x10, 0x10,
    0x08, 0x00, 0x08, 0x00, 0x0F, 0xFC, 0x10, 0x04, 0x20, 0x04, 0x48, 0x04, 0x84, 0x04, 0x02, 0x04,
    0x00, 0x24, 0x00, 0xC4, 0x03, 0x04, 0x1C, 0x04, 0x08, 0x04, 0x00, 0x04, 0x00, 0x28, 0x00, 0x10,
    0x08, 0x00, 0x08, 0x00, 0x08, 0x00, 0x1F, 0xF8, 0x11, 0x08, 0x29, 0x08, 0x45, 0x08, 0x82, 0x08,
    0x03, 0x08, 0x04, 0x88, 0x04, 0x48, 0x08, 0x38, 0x10, 0x0E, 0x20, 0x08, 0x40, 0x50, 0x00, 0x20,
    0x10, 0x00, 0x10, 0x00, 0x3F, 0xFC, 0x20, 0x04, 0x48, 0x04, 0x88, 0x44, 0x08, 0x84, 0x09, 0x04,
    0x0E, 0x04, 0x08, 0x14, 0x08, 0x14, 0x08, 0x14, 0x07, 0xF4, 0x00, 0x04, 0x00, 0x28, 0x00, 0x10,
    0x08, 0x00, 0x08, 0x00, 0x0F, 0xFC, 0x10, 0x04, 0x21, 0x04, 0x41, 0x04, 0x91, 0x04, 0x12, 0x84,
    0x12, 0x44, 0x14, 0x24, 0x18, 0x24, 0x10, 0x04, 0x1F, 0xE4, 0x00, 0x04, 0x00, 0x28, 0x00, 0x10,
    0x10, 0x00, 0x10, 0x00, 0x3F, 0xFC, 0x20, 0x04, 0x42, 0x04, 0x81, 0x04, 0x00, 0x04, 0x3F, 0xF4,
    0x08, 0x04, 0x08, 0x04, 0x08, 0x04, 0x08, 0x04, 0x0F, 0xE4, 0x00, 0x04, 0x00, 0x28, 0x00, 0x10,
    0x08, 0x00, 0x08, 0x00, 0x1F, 0xF0, 0x10, 0x10, 0x20, 0x10, 0x5F, 0x90, 0x90, 0x90, 0x10, 0x90,
    0x10, 0x90, 0x1F, 0x90, 0x10, 0x50, 0x10, 0x20, 0x10, 0x04, 0x10, 0x04, 0x0F, 0xFC, 0x00, 0x00,
    0x08, 0x00, 0x08, 0x00, 0x08, 0x00, 0x1F, 0xFC, 0x12, 0x44, 0x22, 0x44, 0x42, 0x44, 0x9C, 0x44,
    0x06, 0x44, 0x09, 0x84, 0x10, 0xC4, 0x21, 0x24, 0x42, 0x14, 0x04, 0x04, 0x08, 0x28, 0x10, 0x10,
    0x10, 0x00, 0x10, 0x00, 0x3F, 0xFC, 0x22, 0x04, 0x42, 0x04, 0x87, 0xE4, 0x08, 0x24, 0x10, 0x24,
    0x24, 0x44, 0x02, 0x44, 0x02, 0x84, 0x01, 0x04, 0x06, 0x04, 0x18, 0x04, 0x60, 0x28, 0x00, 0x10,
    0x08, 0x00, 0x08, 0x00, 0x10, 0x00, 0x1F, 0xF8, 0x20, 0x08, 0x40, 0x88, 0x88, 0x88, 0x25, 0x28,
    0x22, 0x28, 0x25, 0x28, 0x28, 0xA8, 0x20, 0x28, 0x3F, 0xE8, 0x00, 0x08, 0x00, 0x50, 0x00, 0x20,
    0x10, 0x00, 0x10, 0x00, 0x3F, 0xFC, 0x20, 0x04, 0x40, 0x04, 0xBF, 0xE4, 0x02, 0x04, 0x12, 0x44,
    0x0A, 0x44, 0x0A, 0x84, 0x02, 0x04, 0x7F, 0xF4, 0x02, 0x04, 0x02, 0x04, 0x02, 0x28, 0x02, 0x10,
    0x10, 0x00, 0x10, 0x00, 0x3F, 0xFC, 0x20, 0x04, 0x42, 0x04, 0x92, 0x44, 0x0A, 0x84, 0x02, 0x04,
    0x7F, 0xF4, 0x07, 0x04, 0x0A, 0x84, 0x12, 0x44, 0x62, 0x24, 0x02, 0x04, 0x02, 0x28, 0x00, 0x10,
    0x10, 0x00, 0x10, 0x00, 0x3F, 0xFC, 0x20, 0x04, 0x48, 0x04, 0x8F, 0xC4, 0x12, 0x04, 0x02, 0x04,
    0x7F, 0xF4, 0x02, 0x04, 0x12, 0x44, 0x12, 0x44, 0x1F, 0xC4, 0x00, 0x44, 0x00, 0x28, 0x00, 0x10,
    0x10, 0x00, 0x10, 0x00, 0x3F, 0xFC, 0x22, 0x04, 0x45, 0x04, 0x88, 0x84, 0x10, 0x44, 0x6F, 0xB4,
    0x00, 0x04, 0x1F, 0xC4, 0x10, 0x44, 0x10, 0x44, 0x1F, 0xC4, 0x00, 0x04, 0x00, 0x28, 0x00, 0x10,
    0x10, 0x00, 0x10, 0x00, 0x1F, 0xFC, 0x22, 0x44, 0x42, 0x24, 0xBF, 0xF4, 0x02, 0x04, 0x3F, 0xE4,
    0x22, 0x24, 0x3F, 0xE4, 0x22, 0x24, 0x3F, 0xE4, 0x22, 0x24, 0x22, 0x24, 0x22, 0xB4, 0x20, 0x48,
    0x10, 0x00, 0x10, 0x00, 0x1F, 0xFC, 0x24, 0x04, 0x7F, 0xE4, 0x88, 0x84, 0x12, 0x44, 0x62, 0x34,
    0x1F, 0xC4, 0x12, 0x44, 0x1F, 0xC4, 0x12, 0x44, 0x1F, 0xC4, 0x02, 0x24, 0x01, 0xF4, 0x00, 0x08,
    0x10, 0x40, 0x10, 0x40, 0xFE, 0xFC, 0x28, 0x84, 0x45, 0x04, 0x82, 0xF4, 0x7C, 0x94, 0x00, 0x94,
    0xFE, 0xF4, 0x20, 0x84, 0x40, 0x94, 0x7C, 0x88, 0x04, 0x82, 0x04, 0x82, 0x28, 0x7E, 0x10, 0x00,
    0x10, 0x00, 0x10, 0x00, 0x1F, 0xFC, 0x20, 0x04, 0x7F, 0xE4, 0x80, 0x04, 0x1F, 0xC4, 0x10, 0x44,
    0x1F, 0xC4, 0x00, 0x04, 0x3F, 0xE4, 0x22, 0x24, 0x3F, 0xE4, 0x22, 0x24, 0x3F, 0xF4, 0x20, 0x28,
    0x10, 0x00, 0x10, 0x00, 0x3F, 0xFC, 0x28, 0x04, 0x5E, 0xF4, 0x92, 0x14, 0x1E, 0x14, 0x12, 0xF4,
    0x1E, 0x84, 0x12, 0x84, 0x7E, 0xF4, 0x0A, 0x14, 0x12, 0x14, 0x2A, 0x54, 0x44, 0x28, 0x00, 0x10,
    0x10, 0x00, 0x10, 0x00, 0x1F, 0xFC, 0x28, 0x84, 0x48, 0x84, 0xBF, 0xE4, 0x0A, 0x84, 0x05, 0x04,
    0x08, 0x84, 0x17, 0x44, 0x60, 0x34, 0x1F, 0xC4, 0x10, 0x44, 0x10, 0x44, 0x1F, 0xD4, 0x10, 0x48,
    0x10, 0x00, 0x10, 0x00, 0x3F, 0xFC, 0x40, 0x04, 0xBD, 0xE4, 0x25, 0x24, 0x25, 0x24, 0x3D, 0x34,
    0x26, 0x04, 0x25, 0xE4, 0x3C, 0x24, 0x20, 0xA4, 0x28, 0x44, 0x2C, 0xA4, 0x33, 0x28, 0x20, 0x10,
    0x10, 0x00, 0x10, 0x00, 0x3F, 0xFC, 0x28, 0x04, 0x5E, 0xF4, 0x92, 0x94, 0x1E, 0x94, 0x12, 0xF4,
    0x1E, 0x04, 0x12, 0xF4, 0x7E, 0x94, 0x0A, 0x94, 0x12, 0xF4, 0x2A, 0x04, 0x44, 0x28, 0x00, 0x10,
    0x10, 0x00, 0x10, 0x00, 0x10, 0x00, 0x10, 0x08, 0x10, 0x30, 0x10, 0xC0, 0x13, 0x00, 0x1C, 0x00,
    0x10, 0x00, 0x10, 0x00, 0x10, 0x00, 0x10, 0x04, 0x10, 0x04, 0x10, 0x04, 0x0F, 0xFC, 0x00, 0x00,
    0x08, 0x80, 0x08, 0x80, 0x08, 0x84, 0x10, 0x88, 0x10, 0x90, 0x30, 0xA0, 0x30, 0xC0, 0x50, 0x80,
    0x91, 0x80, 0x12, 0x80, 0x14, 0x80, 0x10, 0x82, 0x10, 0x82, 0x10, 0x82, 0x10, 0x7E, 0x10, 0x00,
    0x04, 0x40, 0x04, 0x40, 0x04, 0x40, 0x04, 0x44, 0x04, 0x48, 0x7C, 0x50, 0x04, 0x60, 0x04, 0x40,
    0x04, 0x40, 0x04, 0x40, 0x04, 0x40, 0x04, 0x42, 0x1C, 0x42, 0xE4, 0x42, 0x44, 0x3E, 0x04, 0x00,
    0x40, 0x92, 0x41, 0x24, 0x42, 0x48, 0x49, 0x24, 0x48, 0x92, 0x50, 0x40, 0x60, 0x80, 0x43, 0xFE,
    0x42, 0x02, 0x42, 0x8A, 0x42, 0x52, 0x4A, 0x22, 0x4A, 0x52, 0x4A, 0x8A, 0x3B, 0xFE, 0x02, 0x02,
    0x00, 0x00, 0x3E, 0x40, 0x22, 0x40, 0x3E, 0x44, 0x22, 0x48, 0x3E, 0x50, 0x00, 0x60, 0xFF, 0x40,
    0x08, 0x44, 0x08, 0x44, 0x2F, 0x44, 0x28, 0x3C, 0x28, 0x00, 0x58, 0x00, 0x4F, 0xFE, 0x80, 0x00,
    0x00, 0x00, 0x7F, 0xFC, 0x40, 0x00, 0x40, 0x00, 0x40, 0x00, 0x40, 0x00, 0x40, 0x00, 0x40, 0x00,
    0x40, 0x00, 0x40, 0x00, 0x40, 0x00, 0x40, 0x00, 0x40, 0x00, 0x40, 0x00, 0x7F, 0xFE, 0x00, 0x00,
    0x00, 0x00, 0x7F, 0xFC, 0x42, 0x00, 0x42, 0x00, 0x47, 0xF0, 0x44, 0x10, 0x48, 0x20, 0x50, 0x20,
    0x40, 0x40, 0x40, 0xA0, 0x41, 0x10, 0x46, 0x08, 0x58, 0x04, 0x40, 0x00, 0x7F, 0xFE, 0x00, 0x00,
    0x00, 0x00, 0x7F, 0xFC, 0x40, 0x80, 0x40, 0x80, 0x44, 0x80, 0x44, 0xF0, 0x47, 0x90, 0x5C, 0x90,
    0x44, 0xD0, 0x44, 0xA4, 0x44, 0x84, 0x44, 0x04, 0x43, 0xFC, 0x40, 0x00, 0x7F, 0xFE, 0x00, 0x00,
    0x00, 0x00, 0x7F, 0xFC, 0x40, 0x80, 0x40, 0x80, 0x40, 0x80, 0x4F, 0xF8, 0x48, 0x88, 0x48, 0x88,
    0x48, 0x88, 0x48, 0x88, 0x48, 0xA8, 0x48, 0x90, 0x40, 0x80, 0x40, 0x80, 0x7F, 0xFE, 0x00, 0x00,
    0x00, 0x00, 0x7F, 0xFC, 0x40, 0x00, 0x40, 0x00, 0x4F, 0xF8, 0x40, 0x80, 0x40, 0x80, 0x40, 0x80,
    0x40, 0x80, 0x40, 0x80, 0x40, 0x80, 0x5F, 0xFC, 0x40, 0x00, 0x40, 0x00, 0x7F, 0xFE, 0x00, 0x00,
    0x00, 0x00, 0x7F, 0xFC, 0x40, 0x00, 0x41, 0x00, 0x40, 0x80, 0x5F, 0xFC, 0x40, 0x00, 0x43, 0xE0,
    0x42, 0x20, 0x42, 0x20, 0x42, 0x24, 0x44, 0x24, 0x48, 0x1C, 0x50, 0x00, 0x7F, 0xFE, 0x00, 0x00,
    0x00, 0x00, 0x7F, 0xFC, 0x40, 0x00, 0x40, 0x38, 0x47, 0xC0, 0x44, 0x00, 0x44, 0x00, 0x47, 0xFC,
    0x44, 0x20, 0x44, 0x20, 0x44, 0x20, 0x48, 0x20, 0x48, 0x20, 0x50, 0x20, 0x7F, 0xFE, 0x00, 0x00,
    0x00, 0x00, 0x7F, 0xFC, 0x40, 0x00, 0x40, 0x00, 0x4F, 0xF8, 0x40, 0x80, 0x40, 0x80, 0x47, 0xF0,
    0x40, 0x80, 0x40, 0x80, 0x40, 0x80, 0x4F, 0xF8, 0x40, 0x00, 0x40, 0x00, 0x7F, 0xFE, 0x00, 0x00,
    0x00, 0x00, 0x7F, 0xFC, 0x44, 0x00, 0x44, 0x00, 0x47, 0xF8, 0x49, 0x28, 0x51, 0x28, 0x62, 0x48,
    0x44, 0x48, 0x48, 0x88, 0x51, 0x08, 0x42, 0x50, 0x44, 0x20, 0x40, 0x00, 0x7F, 0xFE, 0x00, 0x00,
    0x00, 0x00, 0x7F, 0xFC, 0x40, 0x00, 0x40, 0x00, 0x4F, 0xF8, 0x48, 0x88, 0x48, 0x88, 0x4F, 0xF8,
    0x48, 0x88, 0x48, 0x88, 0x4F, 0xF8, 0x48, 0x88, 0x40, 0x80, 0x40, 0x80, 0x7F, 0xFE, 0x00, 0x00,
    0x00, 0x00, 0x7F, 0xFC, 0x40, 0x00, 0x40, 0x00, 0x5F, 0xFC, 0x40, 0x80, 0x40, 0x80, 0x4F, 0xF8,
    0x40, 0x80, 0x40, 0xA0, 0x40, 0x90, 0x5F, 0xFC, 0x40, 0x00, 0x40, 0x00, 0x7F, 0xFE, 0x00, 0x00,
    0x00, 0x00, 0x7F, 0xFC, 0x42, 0x00, 0x44, 0x10, 0x48, 0x08, 0x5F, 0xFC, 0x40, 0x04, 0x44, 0x10,
    0x44, 0x10, 0x7F, 0xFE, 0x44, 0x10, 0x44, 0x10, 0x48, 0x10, 0x50, 0x10, 0x7F, 0xFE, 0x00, 0x00,
    0x00, 0x00, 0x7F, 0xFC, 0x44, 0x20, 0x44, 0x20, 0x5F, 0xA0, 0x48, 0x78, 0x52, 0x28, 0x5F, 0xA8,
    0x42, 0x28, 0x43, 0xA8, 0x5E, 0x2A, 0x4A, 0x2A, 0x42, 0x46, 0x42, 0x80, 0x7F, 0xFE, 0x00, 0x00,
    0x00, 0x00, 0x7F, 0xFC, 0x40, 0x80, 0x40, 0x80, 0x5F, 0xFC, 0x40, 0x80, 0x44, 0x90, 0x44, 0x90,
    0x4A, 0xA8, 0x51, 0x44, 0x41, 0x20, 0x42, 0x20, 0x44, 0x10, 0x48, 0x10, 0x7F, 0xFE, 0x00, 0x00,
    0x00, 0x00, 0x7F, 0xFC, 0x42, 0x20, 0x52, 0x20, 0x52, 0x20, 0x5E, 0x20, 0x43, 0xFC, 0x42, 0x20,
    0x7E, 0x20, 0x52, 0x20, 0x52, 0x20, 0x52, 0xF8, 0x62, 0x00, 0x42, 0x00, 0x7F, 0xFE, 0x00, 0x00,
    0x00, 0x00, 0x7F, 0xFC, 0x40, 0x80, 0x48, 0x88, 0x48, 0x88, 0x4F, 0xF8, 0x40, 0x80, 0x5F, 0xFC,
    0x40, 0x00, 0x40, 0x80, 0x4F, 0xF8, 0x40, 0x80, 0x5F, 0xFC, 0x40, 0x00, 0x7F, 0xFE, 0x00, 0x00,
    0x00, 0x00, 0x7F, 0xFC, 0x42, 0x40, 0x42, 0x40, 0x7E, 0x7C, 0x42, 0x40, 0x42, 0x40, 0x5E, 0x78,
    0x42, 0x40, 0x42, 0x40, 0x7E, 0x7C, 0x42, 0x40, 0x42, 0x40, 0x42, 0x40, 0x7F, 0xFE, 0x00, 0x00,
    0x00, 0x00, 0x7F, 0xFC, 0x44, 0x00, 0x4F, 0xFC, 0x51, 0x24, 0x62, 0x44, 0x44, 0xA8, 0x49, 0x10,
    0x4F, 0xF8, 0x48, 0x08, 0x4F, 0xF8, 0x48, 0x08, 0x4F, 0xF8, 0x40, 0x00, 0x7F, 0xFE, 0x00, 0x00,
    0x7F, 0xFE, 0x40, 0x80, 0x41, 0x40, 0x42, 0x20, 0x4C, 0x18, 0x73, 0xF6, 0x40, 0x00, 0x4F, 0xA4,
    0x48, 0xA4, 0x4F, 0xA4, 0x48, 0xA4, 0x4F, 0xA4, 0x48, 0x84, 0x4A, 0x94, 0x49, 0x08, 0x7F, 0xFE,
    0x00, 0x00, 0x7F, 0xFC, 0x44, 0x20, 0x5F, 0x20, 0x44, 0x20, 0x5F, 0x78, 0x55, 0x28, 0x5F, 0x28,
    0x55, 0x28, 0x5F, 0x28, 0x44, 0x2A, 0x5F, 0x2A, 0x44, 0x46, 0x44, 0x80, 0x7F, 0xFE, 0x00, 0x00,
    0x00, 0x00, 0x7F, 0xFC, 0x40, 0x80, 0x4F, 0xF8, 0x48, 0x88, 0x4F, 0xF8, 0x40, 0x80, 0x7F, 0xFE,
    0x40, 0x00, 0x4F, 0xF8, 0x48, 0x88, 0x49, 0x68, 0x42, 0x10, 0x4C, 0x08, 0x7F, 0xFE, 0x00, 0x00,
    0x00, 0x00, 0x7F, 0xFC, 0x40, 0xA0, 0x48, 0x90, 0x45, 0xFE, 0x61, 0x20, 0x57, 0xFC, 0x45, 0x20,
    0x49, 0xFC, 0x79, 0x20, 0x49, 0x20, 0x49, 0xFE, 0x49, 0x00, 0x40, 0x00, 0x7F, 0xFE, 0x00, 0x00,
    0x7F, 0xFE, 0x40, 0x00, 0x5F, 0x7C, 0x51, 0x44, 0x5F, 0x7C, 0x40, 0x00, 0x4F, 0xF8, 0x48, 0x88,
    0x4F, 0xF8, 0x48, 0x88, 0x4F, 0xF8, 0x40, 0x80, 0x7F, 0xFE, 0x40, 0x80, 0x40, 0x80, 0x7F, 0xFE,
    0x7F, 0xFE, 0x40, 0x80, 0x4F, 0xF8, 0x48, 0x88, 0x4F, 0xF8, 0x40, 0x80, 0x7F, 0xFE, 0x48, 0x08,
    0x4F, 0xF8, 0x48, 0x08, 0x4F, 0xF8, 0x48, 0x08, 0x4F, 0xF8, 0x44, 0x10, 0x48, 0x08, 0x7F, 0xFE,
    0x00, 0x00, 0x7F, 0xFC, 0x40, 0x80, 0x5F, 0xFC, 0x42, 0x20, 0x4C, 0x18, 0x77, 0xF6, 0x44, 0x10,
    0x47, 0xF0, 0x40, 0x00, 0x4F, 0x78, 0x49, 0x48, 0x4F, 0x78, 0x40, 0x00, 0x7F, 0xFE, 0x00, 0x00,
    0x7F, 0xFE, 0x40, 0x80, 0x41, 0x40, 0x42, 0x20, 0x4C, 0x18, 0x73, 0xE6, 0x40, 0x00, 0x5F, 0x7C,
    0x51, 0x44, 0x51, 0x44, 0x5F, 0x7C, 0x44, 0x10, 0x4A, 0x28, 0x51, 0x44, 0x40, 0x00, 0x7F, 0xFE,
    0x7F, 0xFE, 0x48, 0x40, 0x4F, 0x7C, 0x54, 0x90, 0x6F, 0xF8, 0x48, 0x08, 0x4F, 0xF8, 0x48, 0x08,
    0x4F, 0xF8, 0x48, 0x08, 0x4F, 0xF8, 0x42, 0x20, 0x5F, 0xFC, 0x44, 0x20, 0x48, 0x20, 0x7F, 0xFE,
    0x7F, 0xFE, 0x40, 0x80, 0x4F, 0xF8, 0x40, 0x80, 0x4F, 0xF8, 0x49, 0x48, 0x4F, 0xF8, 0x44, 0x10,
    0x47, 0xF0, 0x44, 0x10, 0x47, 0xF0, 0x44, 0x10, 0x47, 0xF0, 0x42, 0x20, 0x44, 0x10, 0x7F, 0xFE,
    0x7F, 0xFE, 0x44, 0x10, 0x5F, 0xFC, 0x44, 0x90, 0x4F, 0xFC, 0x58, 0x80, 0x6F, 0xF8, 0x48, 0x80,
    0x4F, 0xF8, 0x48, 0x80, 0x4F, 0xFC, 0x44, 0x08, 0x47, 0x38, 0x44, 0x08, 0x7F, 0xFE, 0x00, 0x00,
    0x7F, 0xFE, 0x49, 0x48, 0x4F, 0x78, 0x49, 0x48, 0x4F, 0x78, 0x49, 0x48, 0x4F, 0x78, 0x44, 0x80,
    0x47, 0xF8, 0x4C, 0x80, 0x57, 0xF0, 0x64, 0x80, 0x47, 0xFC, 0x44, 0x00, 0x7F, 0xFE, 0x00, 0x00,
    0x00, 0x00, 0x00, 0x00, 0xFF, 0xFE, 0x10, 0x00, 0x10, 0x00, 0x10, 0x00, 0x10, 0x00, 0x10, 0x00,
    0x10, 0x00, 0x10, 0x00, 0x10, 0x00, 0x10, 0x00, 0x10, 0x00, 0x1F, 0xFE, 0x00, 0x00, 0x00, 0x00,
    0x00, 0x00, 0x7F, 0xFC, 0x44, 0x40, 0x44, 0x40, 0x44, 0x40, 0x44, 0x40, 0x44, 0x40, 0x44, 0x40,
    0x44, 0x44, 0x44, 0x44, 0x48, 0x44, 0x48, 0x3C, 0x50, 0x00, 0x40, 0x00, 0x7F, 0xFE, 0x00, 0x00,
    0x00, 0x00, 0x7F, 0xFC, 0x40, 0x00, 0x40, 0x10, 0x44, 0x10, 0x42, 0x20, 0x41, 0x40, 0x40, 0x80,
    0x41, 0x40, 0x42, 0x20, 0x44, 0x10, 0x48, 0x10, 0x40, 0x00, 0x40, 0x00, 0x7F, 0xFE, 0x00, 0x00,
    0x00, 0x00, 0x7F, 0xFC, 0x44, 0x00, 0x44, 0x00, 0x4F, 0xF8, 0x50, 0x80, 0x40, 0x80, 0x5F, 0xFC,
    0x40, 0x80, 0x41, 0x40, 0x42, 0x20, 0x44, 0x10, 0x58, 0x08, 0x40, 0x00, 0x7F, 0xFE, 0x00, 0x00,
    0x00, 0x00, 0x7F, 0xFC, 0x40, 0x80, 0x41, 0x40, 0x42, 0x20, 0x44, 0x10, 0x5B, 0xEC, 0x40, 0x00,
    0x47, 0xF0, 0x44, 0x10, 0x44, 0x10, 0x47, 0xF0, 0x44, 0x10, 0x40, 0x00, 0x7F, 0xFE, 0x00, 0x00,
    0x7F, 0xFE, 0x40, 0x00, 0x4F, 0xF8, 0x48, 0x08, 0x4F, 0xF8, 0x48, 0x08, 0x4F, 0xF8, 0x41, 0x00,
    0x5F, 0xFE, 0x42, 0x10, 0x47, 0x20, 0x40, 0xC0, 0x43, 0x30, 0x4C, 0x08, 0x40, 0x00, 0x7F, 0xFE,
    0x00, 0x00, 0x7F, 0xFC, 0x40, 0x80, 0x4F, 0xF8, 0x48, 0x08, 0x4F, 0xF8, 0x48, 0x00, 0x4F, 0xFC,
    0x59, 0x24, 0x69, 0x24, 0x4F, 0xFC, 0x49, 0x24, 0x49, 0x2C, 0x40, 0x00, 0x7F, 0xFE, 0x00, 0x00,
    0x00, 0x00, 0x7F, 0xFE, 0x42, 0x20, 0x42, 0x20, 0x5F, 0xFC, 0x42, 0x20, 0x41, 0x00, 0x5F, 0xFC,
    0x42, 0x00, 0x47, 0xF8, 0x4A, 0x08, 0x52, 0x08, 0x43, 0xF8, 0x40, 0x00, 0x7F, 0xFE, 0x00, 0x00,
    0x00, 0x00, 0x7F, 0xFC, 0x40, 0x00, 0x4F, 0xF0, 0x48, 0x10, 0x48, 0x10, 0x4F, 0xF0, 0x40, 0x00,
    0x5E, 0x78, 0x52, 0x48, 0x52, 0x48, 0x5E, 0x78, 0x52, 0x48, 0x40, 0x00, 0x7F, 0xFE, 0x00, 0x00,
    0x01, 0x00, 0x01, 0x00, 0x01, 0x00, 0x01, 0x00, 0x01, 0x00, 0x01, 0x00, 0xFF, 0xFE, 0x01, 0x00,
    0x01, 0x00, 0x01, 0x00, 0x01, 0x00, 0x01, 0x00, 0x01, 0x00, 0x01, 0x00, 0x01, 0x00, 0x01, 0x00,
    0x00, 0x00, 0x7F, 0xF0, 0x04, 0x10, 0x04, 0x10, 0x04, 0x10, 0x04, 0x10, 0x04, 0x10, 0xFF, 0xD0,
    0x04, 0x10, 0x04, 0x10, 0x04, 0x12, 0x04, 0x0A, 0x04, 0x0A, 0x04, 0x06, 0x04, 0x02, 0x04, 0x00,
    0x00, 0x10, 0x00, 0xF8, 0x3F, 0x00, 0x01, 0x00, 0x01, 0x00, 0x01, 0x00, 0x01, 0x00, 0xFF, 0xFE,
    0x01, 0x00, 0x01, 0x00, 0x01, 0x00, 0x01, 0x00, 0x01, 0x00, 0x01, 0x00, 0x01, 0x00, 0x01, 0x00,
    0x08, 0x40, 0x08, 0x40, 0x08, 0x40, 0x08, 0x40, 0x08, 0x40, 0x08, 0x40, 0xFF, 0xFE, 0x08, 0x40,
    0x08, 0x40, 0x08, 0x40, 0x08, 0x40, 0x08, 0x40, 0x08, 0x40, 0x08, 0x40, 0x08, 0x40, 0x08, 0x40,
    0x10, 0x10, 0x11, 0x10, 0x11, 0x10, 0x11, 0x10, 0x11, 0x10, 0x11, 0x10, 0xFF, 0xFE, 0x11, 0x10,
    0x11, 0x10, 0x11, 0x10, 0x11, 0x10, 0x11, 0x10, 0x11, 0x10, 0x21, 0x10, 0x20, 0x10, 0x40, 0x10,
    0x02, 0x00, 0x02, 0x00, 0x3F, 0xE0, 0x04, 0x20, 0x04, 0x20, 0x08, 0x22, 0x10, 0x22, 0x21, 0x1E,
    0x41, 0x00, 0x01, 0x00, 0xFF, 0xFE, 0x01, 0x00, 0x01, 0x00, 0x01, 0x00, 0x01, 0x00, 0x01, 0x00,
    0x01, 0x20, 0x07, 0xA0, 0x3C, 0x20, 0x04, 0x20, 0x04, 0x20, 0x04, 0x20, 0x04, 0x20, 0xFF, 0xFE,
    0x04, 0x20, 0x04, 0x20, 0x04, 0x20, 0x08, 0x20, 0x08, 0x20, 0x10, 0x20, 0x20, 0x20, 0x40, 0x20,
    0x08, 0x00, 0x08, 0x00, 0x08, 0x00, 0x1F, 0xF8, 0x11, 0x00, 0x21, 0x00, 0x41, 0x00, 0x01, 0x00,
    0x01, 0x00, 0xFF, 0xFE, 0x01, 0x00, 0x01, 0x00, 0x01, 0x00, 0x01, 0x00, 0x01, 0x00, 0x01, 0x00,
    0x01, 0x00, 0x01, 0x00, 0x01, 0x00, 0x7F, 0xFC, 0x01, 0x00, 0x01, 0x00, 0x09, 0x20, 0x08, 0x20,
    0x08, 0x20, 0xFF, 0xFE, 0x08, 0x20, 0x08, 0x20, 0x10, 0x20, 0x10, 0x20, 0x20, 0x20, 0x40, 0x20,
    0x01, 0x00, 0x21, 0x08, 0x11, 0x08, 0x09, 0x10, 0x09, 0x20, 0x01, 0x00, 0x3F, 0xF8, 0x01, 0x00,
    0x01, 0x00, 0x01, 0x00, 0xFF, 0xFE, 0x01, 0x00, 0x01, 0x00, 0x01, 0x00, 0x01, 0x00, 0x01, 0x00,
    0x01, 0x00, 0x01, 0x00, 0x01, 0x00, 0x7F, 0xFC, 0x01, 0x00, 0x01, 0x00, 0x09, 0x20, 0x08, 0x20,
    0x08, 0x20, 0xFF, 0xFE, 0x08, 0x20, 0x08, 0x20, 0x08, 0x20, 0x08, 0x20, 0x0F, 0xE0, 0x08, 0x20,
    0x20, 0x10, 0x24, 0x90, 0x24, 0x90, 0x24, 0x90, 0x24, 0x90, 0x24, 0x90, 0xFF, 0xFE, 0x24, 0x90,
    0x24, 0x90, 0x24, 0x90, 0x24, 0x90, 0x24, 0x90, 0x24, 0x90, 0x24, 0x90, 0x24, 0x90, 0x20, 0x10,
    0x00, 0x04, 0x3F, 0x84, 0x00, 0x84, 0x00, 0x84, 0x00, 0x84, 0x00, 0x84, 0x00, 0x84, 0x3F, 0xFC,
    0x20, 0x84, 0x20, 0x80, 0x20, 0x80, 0x20, 0x80, 0x20, 0x80, 0x20, 0xFE, 0x20, 0x00, 0x20, 0x00,
    0x08, 0x80, 0x08, 0x88, 0x10, 0x90, 0x30, 0xE0, 0x51, 0x80, 0x96, 0x84, 0x10, 0x84, 0x10, 0x7C,
    0x11, 0x00, 0x01, 0x00, 0xFF, 0xFE, 0x01, 0x00, 0x01, 0x00, 0x01, 0x00, 0x01, 0x00, 0x01, 0x00,
    0x20, 0x80, 0x20, 0x80, 0x20, 0x80, 0x20, 0x80, 0xFB, 0xF0, 0x20, 0x90, 0x20, 0x90, 0x22, 0x98,
    0x22, 0x94, 0x24, 0x92, 0x28, 0x92, 0x20, 0x90, 0x21, 0x10, 0x21, 0x10, 0x22, 0x50, 0x24, 0x20,
    0x20, 0x00, 0x21, 0xFC, 0x21, 0x00, 0x21, 0x00, 0x21, 0x00, 0x21, 0x00, 0x21, 0x00, 0x3F, 0xFC,
    0x01, 0x04, 0x01, 0x04, 0x01, 0x04, 0x01, 0x04, 0x01, 0x04, 0xFF, 0x04, 0x00, 0x04, 0x00, 0x00,
    0x02, 0x00, 0x04, 0x00, 0x3F, 0xF8, 0x21, 0x08, 0x21, 0x08, 0x3F, 0xF8, 0x22, 0x08, 0x22, 0x08,
    0x3F, 0xF8, 0x08, 0x80, 0x10, 0x80, 0xFF, 0xFE, 0x00, 0x80, 0x00, 0x80, 0x00, 0x80, 0x00, 0x80,
    0x02, 0x00, 0x01, 0x00, 0x7F, 0xFC, 0x08, 0x20, 0x08, 0x20, 0x08, 0x20, 0x14, 0x50, 0x22, 0x88,
    0x01, 0x00, 0x01, 0x00, 0xFF, 0xFE, 0x01, 0x00, 0x01, 0x00, 0x01, 0x00, 0x01, 0x00, 0x01, 0x00,
    0x01, 0x00, 0x01, 0xFC, 0x01, 0x00, 0x01, 0x00, 0x1F, 0xF0, 0x10, 0x10, 0x1F, 0xF0, 0x10, 0x10,
    0x1F, 0xF0, 0x11, 0x10, 0x01, 0x00, 0xFF, 0xFE, 0x01, 0x00, 0x01, 0x00, 0x01, 0x00, 0x01, 0x00,
    0x20, 0x40, 0x20, 0x40, 0x23, 0xFC, 0x20, 0x84, 0xF8, 0x84, 0x21, 0x14, 0x22, 0x08, 0x20, 0x10,
    0x24, 0x10, 0x2F, 0xBE, 0x24, 0x92, 0x24, 0x92, 0x24, 0x92, 0x28, 0xA2, 0x2A, 0xAA, 0x31, 0x44,
    0x10, 0x10, 0x08, 0x20, 0x04, 0x40, 0x3F, 0xF8, 0x21, 0x08, 0x21, 0x08, 0x3F, 0xF8, 0x21, 0x08,
    0x21, 0x08, 0x3F, 0xF8, 0x01, 0x00, 0x01, 0x00, 0xFF, 0xFE, 0x01, 0x00, 0x01, 0x00, 0x01, 0x00,
    0x01, 0x00, 0x01, 0x00, 0x3F, 0xF8, 0x01, 0x00, 0x01, 0x00, 0x7F, 0xFC, 0x04, 0x04, 0x02, 0x88,
    0x12, 0x80, 0x08, 0x80, 0x09, 0x00, 0xFF, 0xFE, 0x02, 0x40, 0x04, 0x20, 0x18, 0x10, 0x60, 0x08,
    0x01, 0x00, 0x01, 0x00, 0xFF, 0xFE, 0x01, 0x00, 0x01, 0x00, 0x7F, 0xFC, 0x48, 0x24, 0x44, 0x44,
    0x4F, 0xE4, 0x41, 0x04, 0x41, 0x04, 0x5F, 0xF4, 0x41, 0x04, 0x41, 0x04, 0x41, 0x14, 0x40, 0x08,
    0x22, 0x08, 0x11, 0x08, 0x11, 0x10, 0x3F, 0xF8, 0x21, 0x08, 0x21, 0x08, 0x3F, 0xF8, 0x21, 0x08,
    0x21, 0x08, 0x3F, 0xF8, 0x01, 0x00, 0x01, 0x00, 0xFF, 0xFE, 0x01, 0x00, 0x01, 0x00, 0x01, 0x00,
    0x22, 0x10, 0x22, 0x10, 0xFF, 0x90, 0x22, 0x10, 0x3E, 0x10, 0x22, 0x10, 0x3E, 0x7E, 0x22, 0x10,
    0x22, 0x10, 0xFF, 0xD0, 0x40, 0x10, 0x52, 0x10, 0x61, 0x10, 0x40, 0x10, 0x7F, 0x90, 0x00, 0x10,
    0x20, 0x50, 0x20, 0x48, 0x2F, 0xFE, 0x20, 0x40, 0x27, 0xFC, 0xFC, 0x44, 0x27, 0xFC, 0x24, 0x44,
    0x27, 0xFC, 0x24, 0x44, 0x20, 0x08, 0x2F, 0xFE, 0x22, 0x08, 0x21, 0x08, 0x21, 0x28, 0x20, 0x10,
    0x21, 0x04, 0x47, 0xC8, 0x88, 0x12, 0xF3, 0xBC, 0x20, 0x08, 0x4B, 0x92, 0xF8, 0x3E, 0x03, 0x80,
    0xAA, 0xAA, 0xAB, 0xAA, 0x01, 0x00, 0x01, 0x00, 0xFF, 0xFE, 0x01, 0x00, 0x01, 0x00, 0x01, 0x00,
    0x02, 0x00, 0x02, 0x00, 0x02, 0x00, 0x02, 0x00, 0x02, 0x00, 0x02, 0x80, 0x02, 0x40, 0x02, 0x20,
    0x02, 0x10, 0x02, 0x10, 0x02, 0x00, 0x02, 0x00, 0x02, 0x00, 0x02, 0x00, 0x02, 0x00, 0x02, 0x00,
    0x08, 0x40, 0x08, 0x40, 0x08, 0x40, 0x08, 0x40, 0x08, 0x40, 0x08, 0x40, 0xF8, 0x7E, 0x08, 0x40,
    0x08, 0x40, 0x08, 0x40, 0x08, 0x40, 0x08, 0x40, 0x08, 0x40, 0x08, 0x40, 0x08, 0x40, 0x08, 0x40,
    0x02, 0x00, 0x01, 0x00, 0x01, 0x00, 0x00, 0x00, 0xFF, 0xFE, 0x02, 0x00, 0x02, 0x00, 0x02, 0x40,
    0x02, 0x20, 0x02, 0x10, 0x02, 0x10, 0x02, 0x00, 0x02, 0x00, 0x02, 0x00, 0x02, 0x00, 0x02, 0x00,
    0x00, 0x40, 0x00, 0x40, 0x7C, 0x40, 0x44, 0x40, 0x44, 0x40, 0x44, 0x60, 0x44, 0x50, 0x44, 0x48,
    0x44, 0x44, 0x44, 0x44, 0x7C, 0x40, 0x44, 0x40, 0x00, 0x40, 0x00, 0x40, 0x00, 0x40, 0x00, 0x40,
    0x01, 0x00, 0x01, 0x00, 0x01, 0x00, 0x01, 0xFE, 0x01, 0x00, 0x01, 0x00, 0x01, 0x00, 0x01, 0x00,
    0x3F, 0xF8, 0x20, 0x08, 0x20, 0x08, 0x20, 0x08, 0x20, 0x08, 0x20, 0x08, 0x3F, 0xF8, 0x20, 0x08,
    0x02, 0x00, 0x02, 0x00, 0x03, 0xF8, 0x02, 0x00, 0x02, 0x00, 0x02, 0x00, 0xFF, 0xFE, 0x02, 0x00,
    0x02, 0x00, 0x02, 0x40, 0x02, 0x20, 0x02, 0x10, 0x02, 0x08, 0x02, 0x00, 0x02, 0x00, 0x02, 0x00,
    0x01, 0x00, 0x01, 0x00, 0x01, 0xFC, 0x01, 0x00, 0x01, 0x00, 0x1F, 0xF8, 0x10, 0x08, 0x10, 0x08,
    0x10, 0x08, 0x1F, 0xF8, 0x10, 0x08, 0x10, 0x00, 0x20, 0x00, 0x20, 0x00, 0x40, 0x00, 0x80, 0x00,
    0x01, 0x00, 0x01, 0x00, 0x01, 0xFE, 0x01, 0x00, 0x01, 0x00, 0x3F, 0xF8, 0x20, 0x08, 0x20, 0x08,
    0x3F, 0x88, 0x20, 0x88, 0x20, 0x88, 0x3F, 0x88, 0x20, 0x08, 0x20, 0x08, 0x3F, 0xF8, 0x20, 0x08,
    0x01, 0x00, 0x01, 0x00, 0x01, 0xFE, 0x01, 0x00, 0x01, 0x00, 0x3F, 0xF8, 0x20, 0x08, 0x24, 0x48,
    0x22, 0x88, 0x21, 0x08, 0x22, 0x88, 0x24, 0x48, 0x28, 0x28, 0x20, 0x08, 0x3F, 0xF8, 0x20, 0x08,
    0x01, 0x00, 0x01, 0x00, 0x01, 0xFE, 0x01, 0x00, 0x01, 0x00, 0x3F, 0xF8, 0x20, 0x08, 0x29, 0x28,
    0x25, 0x28, 0x22, 0x48, 0x25, 0x48, 0x28, 0x88, 0x21, 0x48, 0x22, 0x28, 0x3F, 0xF8, 0x20, 0x08,
    0x08, 0x40, 0x08, 0x40, 0x08, 0x40, 0x7F, 0x40, 0x08, 0x40, 0x08, 0x60, 0xFF, 0xD0, 0x08, 0x48,
    0x08, 0x44, 0x7F, 0x44, 0x08, 0x40, 0x08, 0x40, 0x08, 0x40, 0x0F, 0xC0, 0xF0, 0x40, 0x00, 0x40,
    0x00, 0x20, 0x7F, 0xA0, 0x48, 0x20, 0x48, 0x20, 0x48, 0x20, 0x7F, 0x30, 0x41, 0x28, 0x41, 0x24,
    0x41, 0x22, 0x7F, 0x22, 0x48, 0x20, 0x48, 0x20, 0x48, 0x20, 0x7F, 0xA0, 0x00, 0x20, 0x00, 0x20,
    0x01, 0x00, 0x01, 0x00, 0x01, 0xFC, 0x01, 0x00, 0x1F, 0xF0, 0x10, 0x10, 0x1F, 0x90, 0x10, 0x90,
    0x7F, 0xFC, 0x40, 0x04, 0x4F, 0xE4, 0x48, 0x24, 0x48, 0x24, 0x4F, 0xE4, 0x40, 0x14, 0x40, 0x08,
    0x00, 0x00, 0x03, 0xF8, 0x02, 0x08, 0x02, 0x08, 0x02, 0x08, 0x02, 0x08, 0x02, 0x08, 0x02, 0x08,
    0x02, 0x08, 0x02, 0x08, 0x02, 0x28, 0x02, 0x10, 0x02, 0x00, 0x02, 0x00, 0x02, 0x00, 0x02, 0x00,
    0x00, 0x00, 0x03, 0xF8, 0x02, 0x08, 0x02, 0x08, 0x02, 0x08, 0x02, 0x88, 0x02, 0x48, 0x02, 0x48,
    0x02, 0x08, 0x02, 0x08, 0x02, 0x28, 0x02, 0x10, 0x02, 0x00, 0x02, 0x00, 0x02, 0x00, 0x02, 0x00,
    0x00, 0x00, 0x7F, 0xF8, 0x02, 0x08, 0x02, 0x08, 0x02, 0x08, 0x02, 0x08, 0x02, 0x08, 0x02, 0x08,
    0x02, 0x28, 0x02, 0x10, 0x02, 0x00, 0x02, 0x00, 0x02, 0x00, 0x02, 0x00, 0xFF, 0xFE, 0x00, 0x00,
    0x00, 0x00, 0x06, 0x00, 0x78, 0xFC, 0x40, 0x84, 0x40, 0x84, 0x40, 0x84, 0x40, 0x84, 0x40, 0x84,
    0x40, 0x84, 0x40, 0x84, 0x40, 0x84, 0x4E, 0xA8, 0x70, 0x90, 0x00, 0x80, 0x00, 0x80, 0x00, 0x80,
    0x00, 0x00, 0x00, 0x00, 0xFE, 0xFC, 0x10, 0x84, 0x10, 0x84, 0x10, 0x84, 0x10, 0x84, 0x10, 0x84,
    0x10, 0x84, 0x10, 0x84, 0x1E, 0x84, 0xF0, 0xA8, 0x40, 0x90, 0x00, 0x80, 0x00, 0x80, 0x00, 0x80,
    0x00, 0x7C, 0x3F, 0x80, 0x20, 0x00, 0x20, 0x00, 0x3F, 0xFE, 0x20, 0x00, 0x20, 0x00, 0x27, 0xF0,
    0x24, 0x10, 0x24, 0x10, 0x24, 0x50, 0x24, 0x24, 0x24, 0x04, 0x44, 0x04, 0x43, 0xFC, 0x80, 0x00,
    0x0C, 0x00, 0x70, 0xFC, 0x44, 0x84, 0x44, 0x84, 0x44, 0x84, 0x44, 0x84, 0x44, 0x84, 0x44, 0x84,
    0x44, 0x84, 0x4C, 0x84, 0x74, 0xA8, 0x04, 0x90, 0x08, 0x80, 0x08, 0x80, 0x10, 0x80, 0x20, 0x80,
    0x00, 0x00, 0x06, 0x00, 0x78, 0xFC, 0x40, 0x84, 0x40, 0x84, 0x40, 0x84, 0x7E, 0x84, 0x40, 0x84,
    0x40, 0x84, 0x40, 0x84, 0x40, 0x84, 0x4E, 0xA8, 0x70, 0x90, 0x00, 0x80, 0x00, 0x80, 0x00, 0x80,
    0x04, 0x00, 0x04, 0x00, 0x0F, 0xF0, 0x10, 0x10, 0x20, 0x20, 0x5F, 0xFC, 0x10, 0x00, 0x13, 0xF0,
    0x12, 0x10, 0x12, 0x10, 0x12, 0x50, 0x12, 0x20, 0x22, 0x04, 0x22, 0x04, 0x41, 0xFC, 0x80, 0x00,
    0x00, 0x00, 0x00, 0x00, 0x7F, 0x7C, 0x11, 0x44, 0x11, 0x44, 0x21, 0x44, 0x25, 0x44, 0x42, 0x44,
    0x80, 0x44, 0x3F, 0x44, 0x21, 0x44, 0x21, 0x54, 0x21, 0x48, 0x21, 0x40, 0x3F, 0x40, 0x21, 0x40,
    0x00, 0x00, 0x7E, 0x7C, 0x42, 0x44, 0x42, 0x44, 0x7E, 0x44, 0x42, 0x44, 0x42, 0x44, 0x7E, 0x44,
    0x40, 0x44, 0x48, 0x44, 0x44, 0x54, 0x4A, 0x48, 0x52, 0x40, 0x60, 0x40, 0x00, 0x40, 0x00, 0x40,
    0x08, 0x00, 0x08, 0x00, 0x08, 0x7C, 0x7F, 0x44, 0x08, 0x44, 0x08, 0x44, 0x08, 0x44, 0xFF, 0xC4,
    0x10, 0x44, 0x10, 0x44, 0x24, 0x44, 0x42, 0x54, 0xFF, 0x48, 0x41, 0x40, 0x00, 0x40, 0x00, 0x40,
    0x0C, 0x00, 0x70, 0xFC, 0x44, 0x84, 0x44, 0x84, 0x64, 0xA4, 0x54, 0x94, 0x54, 0x94, 0x44, 0x84,
    0x44, 0x84, 0x4C, 0x84, 0x74, 0xA8, 0x04, 0x90, 0x08, 0x80, 0x08, 0x80, 0x10, 0x80, 0x20, 0x80,
    0x10, 0x00, 0x10, 0x00, 0x3E, 0x7C, 0x42, 0x44, 0xA4, 0x44, 0x18, 0x44, 0x10, 0x44, 0x24, 0x44,
    0xC8, 0x44, 0x1F, 0x44, 0x21, 0x44, 0xD2, 0x54, 0x0C, 0x48, 0x08, 0x40, 0x30, 0x40, 0xC0, 0x40,
    0x01, 0x00, 0x11, 0x10, 0x09, 0x20, 0x3F, 0xF8, 0x02, 0x00, 0x02, 0x00, 0x7F, 0xFC, 0x08, 0x20,
    0x10, 0x10, 0x2F, 0xE8, 0xC8, 0x26, 0x08, 0x20, 0x08, 0xA8, 0x08, 0x48, 0x08, 0x08, 0x07, 0xF8,
    0x20, 0x00, 0x20, 0x00, 0x3F, 0x7C, 0x48, 0x44, 0x88, 0x44, 0x08, 0x44, 0x7F, 0x44, 0x08, 0x44,
    0x08, 0x44, 0x2E, 0x44, 0x28, 0x44, 0x28, 0x54, 0x2F, 0x48, 0xF0, 0x40, 0x40, 0x40, 0x00, 0x40,
    0x08, 0x00, 0x08, 0x00, 0x10, 0x7C, 0x7F, 0x44, 0x55, 0x44, 0x55, 0x44, 0x55, 0x44, 0x55, 0x44,
    0x55, 0x44, 0x55, 0x44, 0x55, 0x44, 0x55, 0x54, 0x57, 0xC8, 0xFC, 0x40, 0x00, 0x40, 0x00, 0x40,
    0x1F, 0xC0, 0x00, 0x44, 0x7D, 0x88, 0x05, 0x50, 0x09, 0x20, 0x31, 0x18, 0xC5, 0x06, 0x02, 0x00,
    0x3F, 0xF8, 0x00, 0x00, 0x1F, 0xF0, 0x10, 0x10, 0x10, 0x50, 0x10, 0x24, 0x10, 0x04, 0x0F, 0xFC,
    0x14, 0x00, 0x12, 0x00, 0x21, 0x7C, 0x49, 0x44, 0x08, 0x44, 0x14, 0x44, 0x22, 0x44, 0x41, 0x44,
    0xBE, 0x44, 0x22, 0x44, 0x22, 0x44, 0x22, 0x54, 0x22, 0x48, 0x3E, 0x40, 0x22, 0x40, 0x00, 0x40,
    0x00, 0x80, 0xFC, 0x80, 0x29, 0xF8, 0x2A, 0x08, 0x2D, 0xFE, 0x29, 0x00, 0x29, 0x78, 0x29, 0x48,
    0x29, 0x68, 0x29, 0x50, 0x29, 0x44, 0x2A, 0x44, 0x2C, 0x3C, 0x48, 0x02, 0x47, 0xFE, 0x80, 0x00,
    0x08, 0x00, 0x10, 0x00, 0x7E, 0x7C, 0x42, 0x44, 0x7E, 0x44, 0x42, 0x44, 0x7E, 0x44, 0x00, 0x44,
    0x40, 0x44, 0x40, 0x44, 0x7E, 0x44, 0x40, 0x54, 0x40, 0x48, 0x4C, 0x40, 0x70, 0x40, 0x00, 0x40,
    0x00, 0x00, 0x77, 0x00, 0x55, 0x7C, 0x55, 0x44, 0x77, 0x44, 0x00, 0x44, 0x7F, 0x44, 0x00, 0x44,
    0xFF, 0xC4, 0x20, 0x44, 0x3F, 0x44, 0x01, 0x54, 0x01, 0x48, 0x01, 0x40, 0x0A, 0x40, 0x04, 0x40,
    0x08, 0x00, 0x73, 0xDE, 0x42, 0x52, 0x4A, 0x52, 0x4A, 0x52, 0x4B, 0xD2, 0x4A, 0x52, 0x4A, 0x52,
    0x4A, 0x52, 0x5B, 0xD2, 0x6A, 0x12, 0x4A, 0x9A, 0x12, 0x54, 0x12, 0xB0, 0x23, 0x10, 0x42, 0x10,
    0x08, 0x00, 0x08, 0x00, 0x7F, 0x7C, 0x1C, 0x44, 0x2A, 0x44, 0x49, 0x44, 0x14, 0x44, 0x22, 0x44,
    0x49, 0x44, 0x88, 0x44, 0x2A, 0x44, 0x1C, 0x54, 0x2A, 0x48, 0xC9, 0x40, 0x28, 0x40, 0x10, 0x40,
    0x08, 0x08, 0x14, 0x48, 0x22, 0x28, 0x5C, 0x88, 0x88, 0x48, 0x7F, 0x0E, 0x08, 0xF8, 0x2A, 0x08,
    0x49, 0x08, 0x18, 0x08, 0x7F, 0xFC, 0x01, 0x04, 0x01, 0x14, 0x01, 0x08, 0x01, 0x00, 0x01, 0x00,
    0x00, 0x00, 0x3F, 0xFE, 0x20, 0x00, 0x20, 0x00, 0x20, 0x00, 0x20, 0x00, 0x20, 0x00, 0x20, 0x00,
    0x20, 0x00, 0x20, 0x00, 0x20, 0x00, 0x20, 0x00, 0x20, 0x00, 0x40, 0x00, 0x40, 0x00, 0x80, 0x00,
    0x04, 0x00, 0x04, 0x00, 0x0F, 0xF0, 0x10, 0x10, 0x20, 0x20, 0x5F, 0xFC, 0x10, 0x00, 0x10, 0x00,
    0x10, 0x00, 0x10, 0x00, 0x10, 0x00, 0x10, 0x00, 0x20, 0x00, 0x20, 0x00, 0x40, 0x00, 0x80, 0x00,
    0x00, 0x00, 0x3F, 0xFE, 0x20, 0x00, 0x20, 0x00, 0x27, 0xF0, 0x24, 0x10, 0x24, 0x10, 0x24, 0x10,
    0x24, 0x10, 0x24, 0x50, 0x24, 0x20, 0x24, 0x04, 0x24, 0x04, 0x44, 0x04, 0x43, 0xFC, 0x80, 0x00,
    0x00, 0x00, 0x3F, 0xFE, 0x20, 0x00, 0x20, 0x00, 0x20, 0x00, 0x2F, 0xFE, 0x20, 0x40, 0x20, 0x40,
    0x20, 0x40, 0x20, 0x40, 0x20, 0x40, 0x20, 0x40, 0x20, 0x40, 0x40, 0x40, 0x41, 0x40, 0x80, 0x80,
    0x00, 0x00, 0x3F, 0xFE, 0x20, 0x00, 0x20, 0x80, 0x20, 0x80, 0x20, 0x80, 0x2F, 0xFC, 0x20, 0x84,
    0x20, 0x84, 0x21, 0x04, 0x21, 0x04, 0x22, 0x04, 0x22, 0x04, 0x44, 0x04, 0x48, 0x28, 0x90, 0x10,
    0x00, 0x00, 0x3F, 0xFE, 0x20, 0x00, 0x20, 0x10, 0x20, 0xF8, 0x27, 0x80, 0x20, 0x80, 0x20, 0x80,
    0x20, 0xFE, 0x3F, 0x80, 0x20, 0x80, 0x20, 0x82, 0x20, 0x82, 0x40, 0x82, 0x40, 0x7E, 0x80, 0x00,
    0x00, 0x00, 0x3F, 0xFE, 0x20, 0x00, 0x20, 0x00, 0x2F, 0xFC, 0x20, 0x80, 0x20, 0x80, 0x20, 0x80,
    0x20, 0x80, 0x3F, 0xFE, 0x20, 0x80, 0x20, 0x80, 0x20, 0x80, 0x40, 0x80, 0x40, 0x80, 0x80, 0x80,
    0x00, 0x00, 0x3F, 0xFE, 0x20, 0x00, 0x20, 0x00, 0x2F, 0xFE, 0x21, 0x00, 0x21, 0x00, 0x21, 0xF8,
    0x21, 0x08, 0x21, 0x08, 0x21, 0x08, 0x22, 0x08, 0x22, 0x08, 0x44, 0x08, 0x48, 0x50, 0x90, 0x20,
    0x00, 0x00, 0x3F, 0xFE, 0x20, 0x00, 0x20, 0x00, 0x27, 0xFE, 0x20, 0x10, 0x22, 0x10, 0x22, 0x10,
    0x24, 0x10, 0x27, 0xFE, 0x20, 0x50, 0x20, 0x90, 0x21, 0x10, 0x42, 0x10, 0x4C, 0x50, 0x80, 0x20,
    0x00, 0x00, 0x3F, 0xFE, 0x20, 0x00, 0x20, 0x80, 0x20, 0x80, 0x20, 0x80, 0x20, 0x80, 0x2F, 0xFC,
    0x20, 0x80, 0x20, 0x80, 0x20, 0x90, 0x20, 0x88, 0x20, 0x88, 0x40, 0x80, 0x5F, 0xFE, 0x80, 0x00,
    0x00, 0x00, 0x3F, 0xFE, 0x20, 0x00, 0x20, 0x80, 0x20, 0x90, 0x20, 0x88, 0x20, 0x80, 0x2F, 0xFC,
    0x20, 0x80, 0x21, 0x40, 0x21, 0x40, 0x22, 0x20, 0x22, 0x20, 0x44, 0x10, 0x48, 0x08, 0x90, 0x06,
    0x00, 0x00, 0x3F, 0xFE, 0x20, 0x00, 0x20, 0x80, 0x20, 0x80, 0x2F, 0xFC, 0x21, 0x00, 0x22, 0x40,
    0x24, 0x40, 0x27, 0xFC, 0x20, 0x40, 0x20, 0x40, 0x4F, 0xFE, 0x40, 0x40, 0x80, 0x40, 0x00, 0x40,
    0x00, 0x00, 0x3F, 0xFE, 0x20, 0x00, 0x20, 0x00, 0x20, 0x3C, 0x27, 0xC0, 0x24, 0x40, 0x24, 0x40,
    0x24, 0x40, 0x27, 0xFE, 0x24, 0x20, 0x24, 0x20, 0x24, 0x12, 0x45, 0x0A, 0x46, 0x46, 0x84, 0x22,
    0x00, 0x00, 0x3F, 0xFE, 0x20, 0x00, 0x22, 0x00, 0x22, 0x00, 0x23, 0xFE, 0x24, 0x80, 0x24, 0x80,
    0x28, 0xFC, 0x30, 0x80, 0x20, 0x80, 0x20, 0xFC, 0x20, 0x80, 0x40, 0x80, 0x40, 0x80, 0x80, 0x80,
    0x00, 0x00, 0x3F, 0xFE, 0x20, 0x00, 0x22, 0x20, 0x22, 0x10, 0x22, 0x00, 0x2F, 0xFC, 0x22, 0x40,
    0x22, 0x40, 0x22, 0x48, 0x24, 0x50, 0x24, 0x60, 0x48, 0x42, 0x48, 0xC2, 0x93, 0x3E, 0x20, 0x00,
    0x00, 0x00, 0x3F, 0xFE, 0x20, 0x00, 0x20, 0x20, 0x2F, 0xA0, 0x28, 0xA2, 0x28, 0xA4, 0x28, 0xA8,
    0x28, 0xB0, 0x28, 0xA0, 0x28, 0xA0, 0x28, 0xA2, 0x2F, 0xA2, 0x48, 0xA2, 0x40, 0x1E, 0x80, 0x00,
    0x00, 0x00, 0x3F, 0xFE, 0x20, 0x00, 0x21, 0x00, 0x21, 0x00, 0x23, 0xFC, 0x22, 0x40, 0x24, 0x40,
    0x20, 0x40, 0x3F, 0xFE, 0x20, 0x40, 0x24, 0x44, 0x24, 0x44, 0x44, 0x44, 0x47, 0xFC, 0x80, 0x04,
    0x00, 0x00, 0x3F, 0xFE, 0x20, 0x40, 0x20, 0x40, 0x27, 0xFC, 0x20, 0x40, 0x20, 0x40, 0x2F, 0xFE,
    0x20, 0x00, 0x20, 0x40, 0x20, 0x40, 0x27, 0xFC, 0x20, 0x40, 0x40, 0x40, 0x4F, 0xFE, 0x80, 0x00,
    0x00, 0x00, 0x3F, 0xFE, 0x20, 0x00, 0x20, 0x00, 0x27, 0xFC, 0x20, 0x80, 0x21, 0x10, 0x22, 0x08,
    0x27, 0xFC, 0x20, 0x44, 0x20, 0x40, 0x27, 0xFC, 0x20, 0x40, 0x40, 0x40, 0x4F, 0xFE, 0x80, 0x00,
    0x00, 0x00, 0x3F, 0xFE, 0x20, 0x00, 0x2F, 0x84, 0x28, 0xA4, 0x28, 0xA4, 0x2A, 0xA4, 0x2A, 0xA4,
    0x2A, 0xA4, 0x2A, 0xA4, 0x2A, 0xA4, 0x22, 0x24, 0x25, 0x04, 0x44, 0x84, 0x48, 0x94, 0x90, 0x08,
    0x00, 0x00, 0x3F, 0xFE, 0x24, 0x10, 0x24, 0x08, 0x3F, 0xFE, 0x24, 0x90, 0x24, 0xA0, 0x24, 0xC8,
    0x24, 0x90, 0x24, 0xA4, 0x24, 0xC8, 0x24, 0x92, 0x28, 0xE2, 0x49, 0x82, 0x56, 0x7E, 0xA0, 0x00,
    0x00, 0x00, 0x3F, 0xFE, 0x20, 0x80, 0x20, 0x40, 0x27, 0xFC, 0x20, 0x00, 0x21, 0x10, 0x20, 0xA0,
    0x2F, 0xFE, 0x20, 0x40, 0x20, 0x40, 0x27, 0xFC, 0x20, 0x40, 0x40, 0x40, 0x40, 0x40, 0x80, 0x40,
    0x00, 0x00, 0x3F, 0xFE, 0x20, 0x00, 0x27, 0xFC, 0x24, 0x44, 0x24, 0x44, 0x27, 0xFC, 0x24, 0x44,
    0x24, 0x44, 0x27, 0xFC, 0x20, 0x40, 0x20, 0x40, 0x27, 0xFC, 0x40, 0x40, 0x40, 0x40, 0x8F, 0xFE,
    0x00, 0x00, 0x3F, 0xFE, 0x20, 0x40, 0x20, 0x40, 0x2F, 0xFC, 0x20, 0x40, 0x27, 0xFC, 0x24, 0x44,
    0x27, 0xFC, 0x24, 0x44, 0x27, 0xFC, 0x20, 0x40, 0x2F, 0xFE, 0x40, 0x40, 0x40, 0x40, 0x80, 0x40,
    0x00, 0x00, 0x3F, 0xFE, 0x20, 0x00, 0x27, 0xF8, 0x24, 0x08, 0x27, 0xF8, 0x24, 0x08, 0x27, 0xF8,
    0x20, 0x00, 0x27, 0xF8, 0x20, 0x10, 0x20, 0x20, 0x2F, 0xFE, 0x40, 0x40, 0x41, 0x40, 0x80, 0x80,
    0x00, 0x00, 0x3F, 0xFE, 0x20, 0x00, 0x20, 0x0C, 0x2F, 0x70, 0x29, 0x40, 0x29, 0x40, 0x29, 0x40,
    0x29, 0x7E, 0x29, 0x48, 0x29, 0x48, 0x29, 0x48, 0x2F, 0x48, 0x40, 0x88, 0x40, 0x88, 0x81, 0x08,
    0x00, 0x00, 0x3F, 0xFE, 0x20, 0x00, 0x20, 0x38, 0x27, 0xC0, 0x20, 0x40, 0x27, 0xFC, 0x22, 0x48,
    0x22, 0x48, 0x2F, 0xFE, 0x22, 0x48, 0x22, 0x48, 0x2F, 0xFE, 0x40, 0x40, 0x40, 0x40, 0x87, 0xFC,
    0x00, 0x00, 0x3F, 0xFE, 0x22, 0x10, 0x22, 0x10, 0x2F, 0xFC, 0x22, 0x10, 0x22, 0x10, 0x3F, 0xFE,
    0x20, 0x00, 0x27, 0xF8, 0x24, 0x08, 0x24, 0x08, 0x47, 0xF8, 0x44, 0x08, 0x84, 0x08, 0x07, 0xF8,
    0x00, 0x00, 0x3F, 0xFE, 0x21, 0x20, 0x21, 0x20, 0x21, 0x20, 0x3F, 0x3E, 0x21, 0x20, 0x21, 0x20,
    0x2F, 0x3C, 0x21, 0x20, 0x21, 0x20, 0x3F, 0x3E, 0x21, 0x20, 0x41, 0x20, 0x41, 0x20, 0x81, 0x20,
    0x00, 0x00, 0x3F, 0xFE, 0x20, 0x80, 0x21, 0x00, 0x27, 0xF0, 0x24, 0x10, 0x24, 0x10, 0x27, 0xF0,
    0x24, 0x10, 0x24, 0x10, 0x27, 0xF0, 0x20, 0x80, 0x24, 0x90, 0x48, 0x88, 0x52, 0x84, 0x81, 0x00,
    0x00, 0x00, 0x3F, 0xFE, 0x20, 0x00, 0x2F, 0x84, 0x28, 0x84, 0x28, 0xA4, 0x2F, 0xA4, 0x28, 0xA4,
    0x2F, 0xA4, 0x28, 0xA4, 0x28, 0xA4, 0x2F, 0xA4, 0x20, 0x24, 0x49, 0x04, 0x48, 0x94, 0x90, 0x88,
    0x00, 0x00, 0x3F, 0xFE, 0x20, 0x80, 0x21, 0x00, 0x27, 0xFC, 0x24, 0x04, 0x27, 0xFC, 0x24, 0x04,
    0x27, 0xFC, 0x20, 0x40, 0x27, 0x44, 0x21, 0x68, 0x22, 0x50, 0x44, 0x48, 0x59, 0x46, 0x80, 0x80,
    0x00, 0x00, 0x3F, 0xFE, 0x22, 0x00, 0x22, 0x00, 0x22, 0x7C, 0x2F, 0x44, 0x22, 0x44, 0x26, 0x7C,
    0x27, 0x44, 0x2A, 0xC4, 0x2A, 0x7C, 0x32, 0x44, 0x22, 0x44, 0x42, 0x44, 0x42, 0x7C, 0x82, 0x44,
    0x00, 0x00, 0x3F, 0xFE, 0x20, 0xA0, 0x20, 0x90, 0x3F, 0xFE, 0x21, 0x40, 0x26, 0x30, 0x38, 0x0E,
    0x2F, 0xF8, 0x28, 0x88, 0x2F, 0xF8, 0x28, 0x88, 0x4F, 0xF8, 0x48, 0x88, 0x80, 0x80, 0x00, 0x80,
    0x00, 0x00, 0x3F, 0xFE, 0x20, 0x00, 0x23, 0x0C, 0x2E, 0x70, 0x22, 0x10, 0x22, 0x10, 0x3F, 0xFE,
    0x22, 0x10, 0x27, 0x38, 0x26, 0xB4, 0x2A, 0x54, 0x2A, 0x52, 0x52, 0x90, 0x42, 0x10, 0x82, 0x10,
    0x00, 0x00, 0x3F, 0xFE, 0x20, 0x00, 0x28, 0x90, 0x25, 0x10, 0x2F, 0xBE, 0x22, 0x22, 0x22, 0x44,
    0x2A, 0x90, 0x2A, 0x90, 0x2F, 0x90, 0x22, 0x10, 0x42, 0x28, 0x44, 0x28, 0x84, 0x44, 0x08, 0x82,
    0x3F, 0xFE, 0x20, 0x00, 0x3F, 0xFC, 0x21, 0x00, 0x27, 0xF8, 0x24, 0x08, 0x27, 0xF8, 0x24, 0x08,
    0x27, 0xF8, 0x24, 0x08, 0x27, 0xF8, 0x22, 0x00, 0x47, 0xF8, 0x4A, 0x08, 0x81, 0xF0, 0x1E, 0x0E,
    0x00, 0x00, 0x3F, 0xFE, 0x20, 0x80, 0x2F, 0xFC, 0x20, 0x80, 0x27, 0xF8, 0x24, 0x08, 0x27, 0xF8,
    0x24, 0x08, 0x27, 0xF8, 0x24, 0x08, 0x27, 0xF8, 0x24, 0x08, 0x7F, 0xFE, 0x42, 0x10, 0x84, 0x08,
    0x00, 0x00, 0x3F, 0xFE, 0x20, 0x08, 0x3F, 0x88, 0x20, 0x08, 0x2F, 0x08, 0x29, 0x7E, 0x29, 0x08,
    0x29, 0x08, 0x2F, 0x48, 0x20, 0x28, 0x29, 0x08, 0x26, 0x08, 0x43, 0x88, 0x5C, 0x28, 0x88, 0x10,
    0x00, 0x00, 0x3F, 0xFE, 0x20, 0x00, 0x2F, 0x7E, 0x29, 0x10, 0x29, 0x10, 0x2F, 0x50, 0x29, 0x50,
    0x29, 0x7E, 0x2F, 0x10, 0x28, 0x28, 0x2A, 0x28, 0x29, 0x28, 0x4B, 0x4A, 0x4D, 0x4A, 0x88, 0x86,
    0x00, 0x00, 0x3F, 0xFE, 0x21, 0x10, 0x2F, 0xFE, 0x21, 0x10, 0x21, 0xF0, 0x20, 0x40, 0x27, 0xFC,
    0x24, 0x44, 0x27, 0xFC, 0x20, 0x40, 0x2F, 0xFE, 0x20, 0x40, 0x47, 0xFC, 0x40, 0x40, 0x8F, 0xFE,
    0x00, 0x00, 0x3F, 0xFE, 0x22, 0x10, 0x22, 0x10, 0x2F, 0x90, 0x22, 0x1E, 0x2F, 0xA4, 0x22, 0x24,
    0x3F, 0xD4, 0x24, 0x14, 0x27, 0x94, 0x24, 0x88, 0x24, 0x88, 0x48, 0x94, 0x4A, 0xA4, 0x91, 0x42,
    0x3F, 0xFE, 0x20, 0x00, 0x27, 0xF8, 0x24, 0x08, 0x27, 0xF8, 0x24, 0x08, 0x27, 0xF8, 0x22, 0x20,
    0x27, 0xB0, 0x2D, 0x28, 0x27, 0xFE, 0x38, 0x00, 0x47, 0xF8, 0x44, 0x08, 0x87, 0xF8, 0x04, 0x08,
    0x00, 0x00, 0x3F, 0xFE, 0x20, 0x10, 0x2F, 0x94, 0x28, 0x92, 0x2F, 0x90, 0x28, 0xFE, 0x2F, 0x90,
    0x20, 0x10, 0x2F, 0x90, 0x28, 0x90, 0x2F, 0x90, 0x28, 0xA8, 0x4F, 0xA8, 0x48, 0xC4, 0x89, 0x82,
    0x00, 0x00, 0x3F, 0xFE, 0x29, 0x00, 0x29, 0x0C, 0x3F, 0xB0, 0x29, 0x20, 0x29, 0x20, 0x2F, 0x3E,
    0x29, 0x28, 0x2F, 0x28, 0x29, 0x28, 0x29, 0x28, 0x5F, 0xA8, 0x40, 0x48, 0x8A, 0x88, 0x11, 0x08,
    0x00, 0x00, 0x3F, 0xFE, 0x22, 0x10, 0x22, 0x10, 0x3F, 0xFE, 0x27, 0x18, 0x2A, 0xB4, 0x32, 0x52,
    0x22, 0x10, 0x22, 0x10, 0x20, 0x80, 0x24, 0x44, 0x24, 0x52, 0x44, 0x12, 0x43, 0xF0, 0x80, 0x00,
    0x00, 0x00, 0x7F, 0xFE, 0x42, 0x08, 0x52, 0x48, 0x4A, 0x50, 0x4A, 0x9E, 0x5F, 0xE4, 0x50, 0x54,
    0x57, 0x54, 0x55, 0x54, 0x55, 0x48, 0x57, 0x48, 0x50, 0x48, 0x51, 0x54, 0x50, 0x94, 0x80, 0x22,
    0x00, 0x00, 0x3F, 0xFE, 0x20, 0x40, 0x20, 0xA0, 0x21, 0x10, 0x22, 0x08, 0x2D, 0xF6, 0x20, 0x00,
    0x27, 0xBC, 0x24, 0xA4, 0x24, 0xA4, 0x27, 0xBC, 0x21, 0x10, 0x42, 0xA8, 0x44, 0x44, 0x88, 0x82,
    0x00, 0x00, 0x3F, 0xFE, 0x21, 0x10, 0x2F, 0xFE, 0x21, 0x10, 0x23, 0xF8, 0x22, 0x48, 0x23, 0xF8,
    0x22, 0x48, 0x23, 0xF8, 0x20, 0x40, 0x27, 0xFC, 0x24, 0x54, 0x45, 0xF4, 0x44, 0x14, 0x84, 0x0C,
    0x11, 0x04, 0x08, 0x84, 0x08, 0x88, 0x3F, 0xFE, 0x20, 0x00, 0x27, 0x10, 0x21, 0x1E, 0x2F, 0xD4,
    0x24, 0xA4, 0x27, 0x94, 0x24, 0x94, 0x27, 0x88, 0x24, 0xE8, 0x5F, 0x94, 0x40, 0xA4, 0x80, 0xC2,
    0x3F, 0xFE, 0x28, 0x88, 0x2F, 0x8A, 0x20, 0x08, 0x2F, 0xBE, 0x28, 0x88, 0x2F, 0x88, 0x28, 0x94,
    0x29, 0xA2, 0x20, 0x00, 0x27, 0xFC, 0x24, 0x44, 0x27, 0xFC, 0x44, 0x44, 0x47, 0xFC, 0x80, 0x40,
    0x3F, 0xFE, 0x20, 0x80, 0x2F, 0xF8, 0x28, 0x08, 0x2F, 0xF8, 0x44, 0x90, 0x4A, 0x88, 0x81, 0x00,
    0x7E, 0xFE, 0x48, 0x90, 0x5E, 0xBC, 0x52, 0xA4, 0x5E, 0xBC, 0x48, 0x90, 0x6A, 0xD4, 0x99, 0x30,
    0x02, 0x00, 0x02, 0x00, 0x02, 0x00, 0x02, 0x00, 0x04, 0x00, 0x04, 0x00, 0x04, 0x00, 0x08, 0x00,
    0x08, 0x40, 0x10, 0x20, 0x10, 0x10, 0x20, 0x10, 0x7F, 0xF8, 0x20, 0x08, 0x00, 0x08, 0x00, 0x00,
    0x02, 0x00, 0x02, 0x00, 0x02, 0x00, 0xFF, 0xFE, 0x04, 0x00, 0x04, 0x00, 0x04, 0x40, 0x08, 0x40,
    0x08, 0x80, 0x10, 0x80, 0x11, 0x00, 0x22, 0x10, 0x44, 0x08, 0x8F, 0xFC, 0x04, 0x04, 0x00, 0x04,
    0x08, 0x08, 0x08, 0x08, 0x08, 0x08, 0x08, 0x08, 0x08, 0x08, 0x10, 0x10, 0x10, 0x10, 0x10, 0x10,
    0x20, 0x20, 0x24, 0x24, 0x24, 0x24, 0x42, 0x42, 0xFE, 0xFE, 0x42, 0x42, 0x02, 0x02, 0x00, 0x00,
    0x02, 0x00, 0x02, 0x00, 0x3F, 0xE0, 0x02, 0x20, 0x02, 0x20, 0x04, 0x20, 0x04, 0x22, 0x08, 0x22,
    0x31, 0x1E, 0xC1, 0x00, 0x02, 0x00, 0x04, 0x20, 0x08, 0x10, 0x10, 0x08, 0x3F, 0xFC, 0x10, 0x04,
    0x01, 0x00, 0x01, 0x00, 0x01, 0x00, 0xFF, 0xFE, 0x02, 0x80, 0x04, 0x40, 0x09, 0x20, 0x31, 0x18,
    0xC2, 0x06, 0x02, 0x00, 0x04, 0x20, 0x08, 0x10, 0x10, 0x08, 0x3F, 0xFC, 0x10, 0x04, 0x00, 0x04,
    0x01, 0x00, 0x01, 0x00, 0x01, 0x00, 0x3F, 0xF8, 0x01, 0x00, 0x01, 0x00, 0x01, 0x00, 0x01, 0x00,
    0xFF, 0xFE, 0x02, 0x00, 0x02, 0x00, 0x04, 0x00, 0x08, 0x20, 0x10, 0x10, 0x3F, 0xF8, 0x00, 0x08,
    0x02, 0x00, 0x02, 0x00, 0x04, 0x00, 0x08, 0x20, 0x10, 0x10, 0x3F, 0xF8, 0x11, 0x08, 0x01, 0x00,
    0x09, 0x20, 0x09, 0x10, 0x11, 0x08, 0x21, 0x04, 0x41, 0x04, 0x01, 0x00, 0x05, 0x00, 0x02, 0x00,
    0x02, 0x00, 0x02, 0x00, 0x04, 0x00, 0x08, 0x20, 0x10, 0x10, 0x3F, 0xF8, 0x00, 0x08, 0x10, 0x10,
    0x10, 0x10, 0x10, 0x10, 0x20, 0x20, 0x24, 0x24, 0x42, 0x42, 0xFE, 0xFE, 0x42, 0x42, 0x00, 0x00,
    0x00, 0x00, 0x7F, 0xF0, 0x04, 0x10, 0x04, 0x10, 0x04, 0x10, 0x3F, 0x90, 0x04, 0x10, 0x04, 0x10,
    0x7F, 0xD0, 0x04, 0x10, 0x08, 0x10, 0x11, 0x12, 0x20, 0x8A, 0x7F, 0xCA, 0x00, 0x46, 0x00, 0x02,
    0x00, 0x00, 0x1F, 0xF0, 0x10, 0x10, 0x10, 0x10, 0x1F, 0xF0, 0x10, 0x10, 0x10, 0x10, 0x1F, 0xF0,
    0x10, 0x10, 0x10, 0x10, 0xFF, 0xFE, 0x04, 0x00, 0x08, 0x20, 0x10, 0x10, 0x3F, 0xF8, 0x10, 0x08,
    0x01, 0x00, 0x01, 0x00, 0xFF, 0xFE, 0x01, 0x00, 0x3F, 0xF8, 0x21, 0x08, 0x21, 0x08, 0x3F, 0xF8,
    0x21, 0x08, 0x21, 0x08, 0x3F, 0xF8, 0x04, 0x00, 0x08, 0x20, 0x10, 0x10, 0x3F, 0xF8, 0x00, 0x08,
    0x02, 0x00, 0x04, 0x40, 0x08, 0x20, 0x1F, 0xF0, 0x02, 0x00, 0x7F, 0xFC, 0x08, 0x20, 0x10, 0x10,
    0x27, 0xC8, 0xC0, 0x06, 0x00, 0x00, 0x0F, 0xE0, 0x00, 0x00, 0x00, 0x00, 0x3F, 0xF8, 0x00, 0x00,
    0x02, 0x00, 0x04, 0x40, 0x08, 0x20, 0x1F, 0xF0, 0x02, 0x00, 0x7F, 0xFC, 0x08, 0x20, 0x10, 0x90,
    0x23, 0x08, 0xCC, 0x46, 0x01, 0x80, 0x06, 0x10, 0x18, 0x20, 0x00, 0xC0, 0x07, 0x00, 0x78, 0x00,
    0x04, 0x00, 0x08, 0x20, 0x1F, 0xF0, 0x10, 0x20, 0x24, 0x48, 0x7E, 0xFC, 0x01, 0x00, 0x06, 0xC0,
    0x18, 0xB0, 0xE3, 0x0E, 0x0C, 0x40, 0x31, 0x90, 0x06, 0x20, 0x38, 0xC0, 0x07, 0x00, 0x78, 0x00,
    0x04, 0x00, 0x08, 0x20, 0x1F, 0xF0, 0x10, 0x20, 0x24, 0x48, 0x7E, 0xFC, 0x01, 0x00, 0x06, 0xC0,
    0x18, 0x30, 0xE0, 0x0E, 0x0F, 0xE0, 0x00, 0x00, 0x1F, 0xF0, 0x00, 0x00, 0x7F, 0xFC, 0x00, 0x00,
    0x04, 0x00, 0x08, 0x20, 0x1F, 0xF0, 0x10, 0x20, 0x24, 0x48, 0x7E, 0xFC, 0x01, 0x00, 0x06, 0xC0,
    0x18, 0x30, 0xE2, 0x0E, 0x02, 0x20, 0x12, 0x90, 0x12, 0x48, 0x22, 0x48, 0x0A, 0x00, 0x04, 0x00,
    0x00, 0x0E, 0x03, 0xF0, 0x78, 0x44, 0x02, 0x24, 0x01, 0x08, 0x03, 0xFE, 0xFE, 0x42, 0x10, 0x40,
    0x13, 0xFE, 0x20, 0x80, 0x28, 0xFC, 0x45, 0x44, 0xFD, 0x28, 0x42, 0x10, 0x04, 0x68, 0x01, 0x86,
    0x00, 0x10, 0x02, 0x10, 0x79, 0x7C, 0x00, 0x14, 0x00, 0xFE, 0x00, 0x14, 0xFB, 0x7C, 0x21, 0x92,
    0x21, 0x54, 0x41, 0x38, 0x51, 0x54, 0x49, 0x92, 0xF9, 0x30, 0x49, 0x00, 0x02, 0xFE, 0x04, 0x00,
    0x00, 0x00, 0x3F, 0xF0, 0x10, 0x10, 0x10, 0x10, 0x10, 0x20, 0x08, 0x20, 0x08, 0x20, 0x04, 0x40,
    0x04, 0x40, 0x02, 0x80, 0x01, 0x00, 0x02, 0x80, 0x04, 0x40, 0x08, 0x20, 0x30, 0x18, 0xC0, 0x06,
    0x00, 0x00, 0x3F, 0xF0, 0x10, 0x10, 0x12, 0x10, 0x11, 0x20, 0x09, 0x20, 0x08, 0x20, 0x04, 0x40,
    0x04, 0x40, 0x02, 0x80, 0x01, 0x00, 0x02, 0x80, 0x04, 0x40, 0x08, 0x20, 0x30, 0x18, 0xC0, 0x06,
    0x00, 0x00, 0x3F, 0xE0, 0x08, 0x20, 0x08, 0x20, 0x08, 0x40, 0x08, 0x40, 0x0C, 0xF8, 0x0A, 0x08,
    0x0A, 0x08, 0x09, 0x10, 0x11, 0x10, 0x10, 0xA0, 0x20, 0x40, 0x20, 0xA0, 0x43, 0x18, 0x8C, 0x06,
    0x02, 0x00, 0x02, 0x00, 0x02, 0x00, 0xFF, 0xFE, 0x04, 0x00, 0x04, 0x00, 0x0F, 0xF0, 0x0A, 0x10,
    0x12, 0x10, 0x11, 0x20, 0x21, 0x40, 0x40, 0x80, 0x81, 0x40, 0x06, 0x20, 0x18, 0x18, 0x60, 0x06,
    0x00, 0x00, 0x00, 0x00, 0xFD, 0xFC, 0x04, 0x84, 0x44, 0x84, 0x44, 0x84, 0x28, 0x88, 0x28, 0x88,
    0x10, 0x50, 0x10, 0x50, 0x28, 0x20, 0x28, 0x20, 0x44, 0x50, 0x44, 0x88, 0x81, 0x04, 0x02, 0x02,
    0x00, 0x10, 0x00, 0xF8, 0x3F, 0x00, 0x20, 0x00, 0x20, 0x00, 0x3F, 0xF8, 0x24, 0x08, 0x24, 0x10,
    0x22, 0x10, 0x22, 0x20, 0x21, 0x40, 0x20, 0x80, 0x41, 0x40, 0x42, 0x20, 0x8C, 0x18, 0x30, 0x06,
    0x04, 0x00, 0x04, 0x00, 0x45, 0xFC, 0x44, 0x84, 0x44, 0x84, 0x44, 0x84, 0x44, 0x88, 0x44, 0x88,
    0x4C, 0x50, 0x54, 0x50, 0x64, 0x20, 0x44, 0x20, 0x04, 0x50, 0x04, 0x88, 0x05, 0x04, 0x06, 0x02,
    0x02, 0x00, 0x02, 0x00, 0x3F, 0xF0, 0x02, 0x10, 0x02, 0x10, 0x02, 0x10, 0xFF, 0xFE, 0x02, 0x00,
    0x02, 0x00, 0x3F, 0xF0, 0x10, 0x10, 0x08, 0x20, 0x04, 0x40, 0x03, 0x80, 0x1C, 0x70, 0xE0, 0x0E,
    0x00, 0xFC, 0x3F, 0x00, 0x01, 0x00, 0x01, 0x00, 0x7F, 0xFE, 0x02, 0x00, 0x04, 0x00, 0x07, 0xF8,
    0x0A, 0x08, 0x0A, 0x08, 0x11, 0x10, 0x20, 0xA0, 0x40, 0x40, 0x80, 0xA0, 0x03, 0x18, 0x0C, 0x06,
    0x01, 0x00, 0x11, 0x10, 0x11, 0x08, 0x22, 0x00, 0x3F, 0xFC, 0x02, 0x00, 0x04, 0x00, 0x07, 0xF8,
    0x0A, 0x08, 0x09, 0x08, 0x11, 0x10, 0x10, 0xA0, 0x20, 0x40, 0x40, 0xA0, 0x03, 0x18, 0x1C, 0x06,
    0x00, 0x00, 0x3F, 0xF0, 0x00, 0x20, 0x1E, 0x40, 0x01, 0x80, 0x06, 0x60, 0x18, 0x18, 0xE0, 0x04,
    0x00, 0x00, 0x3E, 0xF8, 0x02, 0x88, 0x22, 0x88, 0x14, 0x50, 0x08, 0x20, 0x34, 0xD8, 0xC3, 0x06,
    0x01, 0x00, 0x01, 0x00, 0xFF, 0xFE, 0x01, 0x00, 0x3F, 0xF8, 0x21, 0x08, 0x21, 0x08, 0x3F, 0xF8,
    0x01, 0x00, 0x3F, 0xF0, 0x10, 0x10, 0x08, 0x20, 0x04, 0x40, 0x03, 0x80, 0x1C, 0x70, 0xE0, 0x0E,
    0x08, 0x00, 0x08, 0x00, 0x0E, 0xFC, 0x08, 0x44, 0x08, 0x44, 0x08, 0x44, 0xFF, 0x44, 0x00, 0x28,
    0x08, 0x28, 0x08, 0x28, 0x4A, 0x10, 0x49, 0x10, 0x89, 0x28, 0x08, 0x48, 0x28, 0x84, 0x11, 0x02,
    0x00, 0x00, 0x3E, 0xF8, 0x02, 0x08, 0x22, 0x88, 0x14, 0x50, 0x08, 0x20, 0x34, 0xD0, 0xC3, 0x08,
    0x00, 0x00, 0x3E, 0xF8, 0x02, 0x88, 0x22, 0x88, 0x14, 0x50, 0x08, 0x20, 0x34, 0xD8, 0xC3, 0x06,
    0x00, 0x00, 0xFF, 0x80, 0x22, 0xFC, 0x22, 0x44, 0x3E, 0x44, 0x22, 0x44, 0x22, 0x44, 0x3E, 0x44,
    0x22, 0x28, 0x22, 0x28, 0x27, 0xA8, 0xFA, 0x10, 0x42, 0x10, 0x02, 0x28, 0x02, 0x44, 0x02, 0x82,
    0x00, 0x08, 0x00, 0x7C, 0x3F, 0x88, 0x11, 0x08, 0x08, 0x90, 0x7F, 0xFE, 0x40, 0x02, 0x80, 0x04,
    0x3F, 0xF0, 0x08, 0x20, 0x04, 0x40, 0x02, 0x80, 0x01, 0x00, 0x06, 0xC0, 0x18, 0x30, 0xE0, 0x0E,
    0x02, 0x00, 0x01, 0x00, 0xFF, 0xFE, 0x04, 0x40, 0x14, 0x50, 0x24, 0x48, 0x44, 0x44, 0x00, 0x00,
    0x3F, 0xF0, 0x08, 0x20, 0x04, 0x40, 0x02, 0x80, 0x01, 0x00, 0x06, 0xC0, 0x18, 0x30, 0xE0, 0x0E,
    0x08, 0x00, 0x08, 0x00, 0x14, 0xFC, 0x22, 0x44, 0x41, 0x44, 0xBE, 0x44, 0x08, 0x44, 0x08, 0x28,
    0x7F, 0x28, 0x08, 0x28, 0x2A, 0x10, 0x29, 0x10, 0x49, 0x28, 0x88, 0x48, 0x28, 0x84, 0x11, 0x02,
    0x00, 0x00, 0x3E, 0x7C, 0x22, 0x04, 0x22, 0x04, 0x22, 0x04, 0x3E, 0x7C, 0x20, 0x00, 0x20, 0x00,
    0x3E, 0xFC, 0x20, 0x44, 0x20, 0x44, 0x3E, 0x28, 0x20, 0x10, 0x20, 0x28, 0x20, 0xC4, 0x23, 0x02,
    0x10, 0x08, 0x10, 0x1C, 0x95, 0xE0, 0x59, 0x00, 0x11, 0x00, 0x7D, 0xFC, 0x11, 0x44, 0x11, 0x44,
    0xFF, 0x44, 0x11, 0x28, 0x11, 0x28, 0x11, 0x10, 0x21, 0x10, 0x22, 0x28, 0x42, 0x44, 0x84, 0x82,
    0x02, 0x00, 0x01, 0x00, 0x7F, 0xFE, 0x41, 0x12, 0x91, 0x24, 0x22, 0xC0, 0x04, 0x30, 0x18, 0x0C,
    0xE0, 0x02, 0x3F, 0xF0, 0x10, 0x10, 0x08, 0x20, 0x04, 0x40, 0x03, 0x80, 0x1C, 0x70, 0xE0, 0x0E,
    0x10, 0x00, 0x10, 0xFC, 0x10, 0x84, 0x10, 0x84, 0x7C, 0x94, 0x10, 0x88, 0x10, 0x80, 0x10, 0xFC,
    0xFE, 0xA4, 0x10, 0xA4, 0x10, 0xA8, 0x24, 0xA8, 0x42, 0x90, 0xFE, 0xA8, 0x42, 0xC4, 0x00, 0x82,
    0x00, 0x00, 0x7F, 0x00, 0x41, 0x7C, 0x41, 0x24, 0x7F, 0x24, 0x40, 0x24, 0x5F, 0x24, 0x40, 0x28,
    0x40, 0x28, 0x7F, 0xA8, 0x44, 0x10, 0x55, 0x10, 0x94, 0xA8, 0xA4, 0xA8, 0x14, 0x44, 0x08, 0x82,
    0x01, 0x00, 0x05, 0x00, 0x39, 0x78, 0x21, 0x08, 0x21, 0x08, 0x3D, 0x78, 0x21, 0x08, 0x21, 0x08,
    0x3F, 0xF8, 0x01, 0x00, 0x3F, 0xF0, 0x08, 0x20, 0x04, 0x40, 0x03, 0x80, 0x1C, 0x70, 0xE0, 0x0E,
    0x1F, 0xE0, 0x04, 0x40, 0x03, 0x80, 0x0C, 0x40, 0x7E, 0xFC, 0x22, 0x44, 0x1C, 0x38, 0x62, 0x44,
    0x00, 0x00, 0xFF, 0xFE, 0x90, 0x12, 0x1F, 0xF0, 0x10, 0x10, 0x1F, 0xF0, 0x10, 0x10, 0xFF, 0xFE,
    0x10, 0x00, 0x1F, 0x00, 0x10, 0x7C, 0xFF, 0xA4, 0x80, 0xA4, 0x7F, 0x24, 0x2A, 0x24, 0x55, 0x28,
    0xA2, 0x28, 0x7F, 0x28, 0xA2, 0x90, 0x3E, 0x10, 0x22, 0x28, 0x3E, 0x28, 0x22, 0x44, 0x3E, 0x82,
    0x24, 0x48, 0x14, 0x50, 0xFF, 0xFE, 0x08, 0x20, 0x7F, 0xFC, 0x01, 0x00, 0x3F, 0xF8, 0x01, 0x00,
    0xFF, 0xFE, 0x22, 0x00, 0x3E, 0xFC, 0x22, 0x44, 0x3E, 0x28, 0x23, 0x90, 0xFE, 0x28, 0x02, 0xC6,
    0x00, 0x00, 0x00, 0x00, 0x3F, 0xF8, 0x20, 0x08, 0x20, 0x08, 0x20, 0x08, 0x20, 0x08, 0x20, 0x08,
    0x20, 0x08, 0x20, 0x08, 0x20, 0x08, 0x20, 0x08, 0x20, 0x08, 0x3F, 0xF8, 0x20, 0x08, 0x00, 0x00,
    0x01, 0x00, 0x01, 0x00, 0x01, 0x00, 0x01, 0x00, 0xFF, 0xFE, 0x01, 0x00, 0x01, 0x00, 0x01, 0x00,
    0x1F, 0xF0, 0x10, 0x10, 0x10, 0x10, 0x10, 0x10, 0x10, 0x10, 0x10, 0x10, 0x1F, 0xF0, 0x10, 0x10,
    0x08, 0x00, 0x08, 0x00, 0x10, 0x00, 0x1F, 0xF8, 0x20, 0x08, 0x40, 0x08, 0x9F, 0x88, 0x10, 0x88,
    0x10, 0x88, 0x10, 0x88, 0x10, 0x88, 0x1F, 0x88, 0x10, 0x88, 0x00, 0x08, 0x00, 0x50, 0x00, 0x20,
    0x00, 0x00, 0x1F, 0xF0, 0x10, 0x10, 0x10, 0x10, 0x10, 0x10, 0x1F, 0xF0, 0x02, 0x00, 0x02, 0x00,
    0x7F, 0xF8, 0x02, 0x08, 0x04, 0x08, 0x04, 0x08, 0x08, 0x08, 0x10, 0x08, 0x20, 0x50, 0x40, 0x20,
    0x00, 0x00, 0x1F, 0xF0, 0x10, 0x10, 0x10, 0x10, 0x10, 0x10, 0x1F, 0xF0, 0x00, 0x00, 0x00, 0x00,
    0x7F, 0xF8, 0x04, 0x08, 0x04, 0x08, 0x08, 0x08, 0x08, 0x08, 0x10, 0x08, 0x20, 0x50, 0xC0, 0x20,
    0x00, 0x00, 0x00, 0x00, 0x7D, 0xFC, 0x44, 0x44, 0x44, 0x44, 0x44, 0x44, 0x44, 0x44, 0x44, 0x44,
    0x44, 0x44, 0x44, 0x44, 0x7C, 0x44, 0x44, 0x84, 0x00, 0x84, 0x01, 0x04, 0x02, 0x28, 0x04, 0x10,
    0x00, 0x00, 0x00, 0xFC, 0x7C, 0x84, 0x44, 0x84, 0x44, 0x84, 0x44, 0x84, 0x44, 0x84, 0x44, 0x84,
    0x44, 0x84, 0x44, 0x84, 0x7C, 0x94, 0x44, 0x88, 0x00, 0x80, 0x00, 0x80, 0x00, 0x80, 0x00, 0x80,
    0x00, 0x00, 0x1F, 0xF0, 0x10, 0x10, 0x10, 0x10, 0x10, 0x10, 0x10, 0x10, 0x10, 0x10, 0x10, 0x10,
    0x1F, 0xF0, 0x10, 0x10, 0x00, 0x00, 0x08, 0x20, 0x08, 0x10, 0x10, 0x08, 0x20, 0x04, 0x40, 0x04,
    0x00, 0x04, 0x00, 0x04, 0x7C, 0x84, 0x44, 0x84, 0x44, 0x84, 0x44, 0x84, 0x44, 0x84, 0x44, 0x84,
    0x44, 0x8C, 0x44, 0xB4, 0x7C, 0xC4, 0x44, 0x84, 0x00, 0x04, 0x00, 0x04, 0x00, 0x04, 0x00, 0x04,
    0x00, 0x00, 0x7F, 0xF8, 0x04, 0x08, 0x04, 0x08, 0x08, 0x08, 0x08, 0x08, 0x10, 0x50, 0x20, 0x20,
    0x40, 0x00, 0x9F, 0xF8, 0x10, 0x08, 0x10, 0x08, 0x10, 0x08, 0x10, 0x08, 0x1F, 0xF8, 0x10, 0x08,
    0x00, 0x00, 0x00, 0x20, 0x79, 0x20, 0x49, 0x20, 0x49, 0x20, 0x49, 0x20, 0x49, 0x20, 0x49, 0x20,
    0x49, 0x20, 0x49, 0x10, 0x79, 0x10, 0x4A, 0x10, 0x02, 0x08, 0x04, 0x08, 0x08, 0x04, 0x10, 0x02,
    0x00, 0x00, 0x00, 0x00, 0x7B, 0xFE, 0x48, 0x20, 0x48, 0x20, 0x48, 0x20, 0x48, 0x20, 0x48, 0x20,
    0x48, 0x20, 0x48, 0x20, 0x78, 0x20, 0x48, 0x20, 0x00, 0x20, 0x00, 0x20, 0x00, 0xA0, 0x00, 0x40,
    0x00, 0x00, 0x7F, 0xFE, 0x00, 0x10, 0x00, 0x10, 0x1F, 0x10, 0x11, 0x10, 0x11, 0x10, 0x11, 0x10,
    0x11, 0x10, 0x11, 0x10, 0x1F, 0x10, 0x11, 0x10, 0x00, 0x10, 0x00, 0x10, 0x00, 0x50, 0x00, 0x20,
    0x02, 0x00, 0x02, 0x00, 0x04, 0x00, 0x08, 0x20, 0x10, 0x10, 0x20, 0x08, 0x7F, 0xFC, 0x20, 0x04,
    0x00, 0x00, 0x1F, 0xF0, 0x10, 0x10, 0x10, 0x10, 0x10, 0x10, 0x10, 0x10, 0x1F, 0xF0, 0x10, 0x10,
    0x00, 0x40, 0x00, 0x40, 0x7C, 0x40, 0x44, 0x42, 0x44, 0x44, 0x44, 0x48, 0x44, 0x50, 0x44, 0x60,
    0x44, 0x40, 0x44, 0xC0, 0x7D, 0x40, 0x44, 0x42, 0x00, 0x42, 0x00, 0x42, 0x00, 0x3E, 0x00, 0x00,
    0x01, 0x00, 0x01, 0x00, 0x01, 0x00, 0x3F, 0xF8, 0x21, 0x08, 0x21, 0x08, 0x21, 0x08, 0x3F, 0xF8,
    0x21, 0x08, 0x01, 0x00, 0x11, 0x00, 0x09, 0x00, 0x06, 0x00, 0x05, 0x80, 0x18, 0x70, 0xE0, 0x0E,
    0x02, 0x00, 0x02, 0x00, 0x02, 0x00, 0xFF, 0xFE, 0x04, 0x00, 0x04, 0x00, 0x08, 0x00, 0x08, 0x00,
    0x1F, 0xF8, 0x28, 0x08, 0x48, 0x08, 0x88, 0x08, 0x08, 0x08, 0x08, 0x08, 0x0F, 0xF8, 0x08, 0x08,
    0x02, 0x00, 0x02, 0x00, 0x3F, 0xE0, 0x02, 0x20, 0x04, 0x20, 0x04, 0x22, 0x08, 0x22, 0x30, 0x1E,
    0xC0, 0x00, 0x1F, 0xF0, 0x10, 0x10, 0x10, 0x10, 0x10, 0x10, 0x10, 0x10, 0x1F, 0xF0, 0x10, 0x10,
    0x00, 0x00, 0x7F, 0xFC, 0x40, 0x00, 0x40, 0x00, 0x40, 0x00, 0x47, 0xF0, 0x44, 0x10, 0x44, 0x10,
    0x44, 0x10, 0x44, 0x10, 0x47, 0xF0, 0x44, 0x10, 0x40, 0x00, 0x40, 0x00, 0x7F, 0xFE, 0x00, 0x00,
    0x00, 0x20, 0x00, 0x20, 0x78, 0x20, 0x48, 0x20, 0x48, 0x20, 0x48, 0x20, 0x4B, 0xFE, 0x48, 0x20,
    0x48, 0x20, 0x48, 0x20, 0x78, 0x20, 0x48, 0x20, 0x00, 0x20, 0x00, 0x20, 0x00, 0x20, 0x00, 0x20,
    0x00, 0x00, 0x1F, 0xF0, 0x10, 0x10, 0x10, 0x10, 0x10, 0x10, 0x1F, 0xF0, 0x00, 0x00, 0xFF, 0xFE,
    0x08, 0x00, 0x10, 0x00, 0x1F, 0xF0, 0x00, 0x10, 0x00, 0x10, 0x00, 0x10, 0x00, 0xA0, 0x00, 0x40,
    0x00, 0x00, 0x3F, 0xF8, 0x00, 0x08, 0x00, 0x08, 0x7F, 0xE8, 0x00, 0x08, 0x00, 0x08, 0x1F, 0x88,
    0x10, 0x88, 0x10, 0x88, 0x10, 0x88, 0x10, 0x88, 0x1F, 0x88, 0x10, 0x88, 0x00, 0x28, 0x00, 0x10,
    0x00, 0x00, 0x07, 0xF8, 0x7A, 0x08, 0x4A, 0x08, 0x4A, 0x08, 0x49, 0x10, 0x49, 0x10, 0x49, 0x10,
    0x48, 0xA0, 0x48, 0xA0, 0x78, 0x40, 0x48, 0x40, 0x00, 0xA0, 0x01, 0x10, 0x02, 0x08, 0x0C, 0x06,
    0x02, 0x00, 0x01, 0x00, 0x78, 0x80, 0x48, 0x80, 0x48, 0x40, 0x48, 0x40, 0x48, 0x40, 0x48, 0xA0,
    0x48, 0xA0, 0x48, 0xA0, 0x79, 0x10, 0x49, 0x10, 0x02, 0x08, 0x02, 0x08, 0x04, 0x04, 0x08, 0x02,
    0x00, 0x40, 0x00, 0x40, 0x78, 0x40, 0x48, 0x40, 0x4B, 0xFC, 0x48, 0x44, 0x48, 0x44, 0x48, 0x44,
    0x48, 0x44, 0x48, 0x84, 0x78, 0x84, 0x48, 0x84, 0x01, 0x04, 0x01, 0x04, 0x02, 0x28, 0x04, 0x10,
    0x00, 0x00, 0x03, 0xFC, 0x78, 0x04, 0x48, 0x04, 0x48, 0x04, 0x48, 0x14, 0x48, 0x24, 0x48, 0x44,
    0x48, 0x84, 0x49, 0x04, 0x4A, 0x04, 0x78, 0x04, 0x48, 0x04, 0x00, 0x04, 0x00, 0x28, 0x00, 0x10,
    0x00, 0x00, 0x01, 0xF0, 0x79, 0x10, 0x49, 0x10, 0x49, 0x10, 0x49, 0x10, 0x49, 0x10, 0x49, 0x10,
    0x49, 0x10, 0x49, 0x10, 0x7A, 0x10, 0x4A, 0x12, 0x02, 0x12, 0x04, 0x12, 0x04, 0x0E, 0x08, 0x00,
    0x00, 0x00, 0x3F, 0xF8, 0x00, 0x60, 0x01, 0x80, 0x01, 0x00, 0x01, 0x00, 0x01, 0x00, 0x05, 0x00,
    0x02, 0x00, 0x1F, 0xF0, 0x10, 0x10, 0x10, 0x10, 0x10, 0x10, 0x10, 0x10, 0x1F, 0xF0, 0x10, 0x10,
    0x00, 0x00, 0x00, 0x00, 0x7D, 0xFC, 0x44, 0x20, 0x44, 0x20, 0x44, 0x20, 0x44, 0x20, 0x44, 0x20,
    0x44, 0x20, 0x44, 0x20, 0x7C, 0x20, 0x44, 0x20, 0x00, 0x20, 0x00, 0x20, 0x03, 0xFE, 0x00, 0x00,
    0x00, 0x08, 0x00, 0x3C, 0x7D, 0xE0, 0x44, 0x20, 0x44, 0x20, 0x44, 0x20, 0x44, 0x20, 0x47, 0xFE,
    0x44, 0x20, 0x44, 0x20, 0x7C, 0x20, 0x44, 0x20, 0x00, 0x20, 0x00, 0x20, 0x00, 0x20, 0x00, 0x20,
    0x00, 0x00, 0x01, 0xFC, 0x78, 0x20, 0x48, 0x20, 0x48, 0x20, 0x48, 0x20, 0x48, 0x20, 0x4B, 0xFE,
    0x48, 0x20, 0x48, 0x20, 0x78, 0x20, 0x48, 0x20, 0x00, 0x20, 0x00, 0x20, 0x00, 0xA0, 0x00, 0x40,
    0x02, 0x00, 0x01, 0x00, 0xFF, 0xFE, 0x10, 0x00, 0x10, 0x00, 0x10, 0x00, 0x1F, 0xF8, 0x00, 0x00,
    0x00, 0x00, 0x1F, 0xF0, 0x10, 0x10, 0x10, 0x10, 0x10, 0x10, 0x10, 0x10, 0x1F, 0xF0, 0x10, 0x10,
    0x00, 0x80, 0x00, 0x80, 0x79, 0x00, 0x49, 0xFE, 0x4A, 0x00, 0x4C, 0x00, 0x49, 0xF8, 0x48, 0x08,
    0x48, 0x10, 0x48, 0x60, 0x78, 0x80, 0x49, 0x00, 0x02, 0x02, 0x02, 0x02, 0x01, 0xFE, 0x00, 0x00,
    0x04, 0x00, 0x04, 0x00, 0x0F, 0xE0, 0x08, 0x20, 0x14, 0x40, 0x22, 0x80, 0x41, 0x00, 0x06, 0xC0,
    0x18, 0x30, 0xE0, 0x0E, 0x1F, 0xF0, 0x10, 0x10, 0x10, 0x10, 0x10, 0x10, 0x1F, 0xF0, 0x10, 0x10,
    0x00, 0x00, 0x00, 0x00, 0x7E, 0xFC, 0x42, 0x84, 0x42, 0x84, 0x42, 0x84, 0x42, 0x84, 0x42, 0x84,
    0x42, 0x84, 0x42, 0x84, 0x42, 0x84, 0x42, 0x84, 0x7E, 0xFC, 0x42, 0x84, 0x00, 0x00, 0x00, 0x00,
    0x00, 0x20, 0x00, 0x20, 0x78, 0x40, 0x48, 0x40, 0x48, 0x84, 0x48, 0x84, 0x49, 0x08, 0x4B, 0xF8,
    0x49, 0x10, 0x48, 0x10, 0x78, 0x20, 0x48, 0x40, 0x00, 0x88, 0x01, 0x04, 0x03, 0xFE, 0x01, 0x02,
    0x00, 0x00, 0x03, 0xF8, 0x78, 0x08, 0x48, 0x10, 0x48, 0x20, 0x48, 0x40, 0x48, 0x40, 0x4F, 0xFE,
    0x48, 0x40, 0x48, 0x40, 0x78, 0x40, 0x48, 0x40, 0x00, 0x40, 0x00, 0x40, 0x01, 0x40, 0x00, 0x80,
    0x01, 0x00, 0x01, 0x00, 0x02, 0x80, 0x04, 0x40, 0x08, 0x20, 0x30, 0x18, 0xCF, 0xE6, 0x00, 0x00,
    0x00, 0x00, 0x1F, 0xF0, 0x10, 0x10, 0x10, 0x10, 0x10, 0x10, 0x10, 0x10, 0x1F, 0xF0, 0x10, 0x10,
    0x01, 0x00, 0x01, 0x00, 0x01, 0x00, 0xFF, 0xFE, 0x01, 0x00, 0x01, 0x00, 0x01, 0x00, 0x3F, 0xF8,
    0x00, 0x00, 0x00, 0x00, 0x1F, 0xF0, 0x10, 0x10, 0x10, 0x10, 0x10, 0x10, 0x1F, 0xF0, 0x10, 0x10,
    0x00, 0x00, 0x1F, 0xF0, 0x10, 0x10, 0x10, 0x10, 0x10, 0x10, 0x1F, 0xF0, 0x01, 0x00, 0x01, 0x00,
    0x3F, 0xF8, 0x21, 0x08, 0x21, 0x08, 0x21, 0x08, 0x21, 0x28, 0x21, 0x10, 0x01, 0x00, 0x01, 0x00,
    0x00, 0x10, 0x00, 0x10, 0x78, 0x10, 0x48, 0x10, 0x4B, 0xFE, 0x48, 0x10, 0x48, 0x10, 0x48, 0x10,
    0x49, 0x10, 0x48, 0x90, 0x78, 0x90, 0x48, 0x10, 0x00, 0x10, 0x00, 0x10, 0x00, 0x50, 0x00, 0x20,
    0x00, 0x00, 0x3F, 0xFC, 0x20, 0x04, 0x20, 0x04, 0x2F, 0xF4, 0x20, 0x04, 0x20, 0x04, 0x27, 0xE4,
    0x24, 0x24, 0x24, 0x24, 0x24, 0x24, 0x27, 0xE4, 0x24, 0x24, 0x20, 0x04, 0x20, 0x14, 0x20, 0x08,
    0x02, 0x00, 0x02, 0x00, 0x07, 0xF0, 0x08, 0x10, 0x14, 0x20, 0x62, 0x40, 0x02, 0x80, 0x01, 0x00,
    0x06, 0x00, 0x1F, 0xF8, 0xE8, 0x08, 0x08, 0x08, 0x08, 0x08, 0x08, 0x08, 0x0F, 0xF8, 0x08, 0x08,
    0x00, 0x10, 0x00, 0xF8, 0x1F, 0x00, 0x10, 0x00, 0x10, 0x00, 0x1F, 0xFE, 0x10, 0x00, 0x10, 0x00,
    0x10, 0x00, 0x17, 0xF8, 0x14, 0x08, 0x24, 0x08, 0x24, 0x08, 0x44, 0x08, 0x87, 0xF8, 0x04, 0x08,
    0x01, 0x00, 0x01, 0x00, 0xFF, 0xFE, 0x01, 0x00, 0x01, 0x00, 0x3F, 0xF8, 0x21, 0x08, 0x21, 0x08,
    0x21, 0x08, 0x3F, 0xF8, 0x11, 0x00, 0x09, 0x00, 0x06, 0x00, 0x05, 0x80, 0x18, 0x70, 0xE0, 0x0E,
    0x00, 0x40, 0x00, 0x40, 0x78, 0x40, 0x48, 0x40, 0x48, 0x40, 0x48, 0x40, 0x4F, 0xFC, 0x48, 0x40,
    0x48, 0x40, 0x48, 0x40, 0x78, 0x40, 0x48, 0x40, 0x00, 0x40, 0x00, 0x40, 0x0F, 0xFE, 0x00, 0x00,
    0x02, 0x00, 0x04, 0x00, 0x08, 0x00, 0x7F, 0xFC, 0x40, 0x04, 0x40, 0x04, 0x47, 0xC4, 0x44, 0x44,
    0x44, 0x44, 0x44, 0x44, 0x44, 0x44, 0x47, 0xC4, 0x44, 0x44, 0x40, 0x04, 0x40, 0x14, 0x40, 0x08,
    0x00, 0x08, 0x00, 0x3C, 0x7B, 0xC0, 0x48, 0x40, 0x48, 0x40, 0x48, 0x40, 0x48, 0x40, 0x48, 0x7E,
    0x4B, 0xC0, 0x48, 0x40, 0x78, 0x40, 0x48, 0x42, 0x00, 0x42, 0x00, 0x42, 0x00, 0x3E, 0x00, 0x00,
    0x00, 0x00, 0x07, 0xFE, 0x78, 0x40, 0x48, 0x40, 0x48, 0x40, 0x48, 0x40, 0x48, 0x50, 0x48, 0x48,
    0x48, 0x44, 0x48, 0x44, 0x78, 0x40, 0x48, 0x40, 0x00, 0x40, 0x00, 0x40, 0x00, 0x40, 0x00, 0x40,
    0x00, 0x20, 0x00, 0x20, 0x78, 0x20, 0x49, 0x20, 0x49, 0x2C, 0x49, 0x34, 0x49, 0x64, 0x4B, 0xA4,
    0x49, 0x24, 0x49, 0x34, 0x79, 0x28, 0x49, 0x22, 0x01, 0x22, 0x01, 0x02, 0x00, 0xFE, 0x00, 0x00,
    0x00, 0x00, 0x1F, 0xF0, 0x10, 0x10, 0x10, 0x10, 0x10, 0x10, 0x10, 0x10, 0x1F, 0xF0, 0x00, 0x00,
    0x00, 0x00, 0x3F, 0xF8, 0x20, 0x08, 0x20, 0x08, 0x20, 0x08, 0x20, 0x08, 0x3F, 0xF8, 0x20, 0x08,
    0x00, 0x00, 0x02, 0x02, 0x79, 0x04, 0x48, 0x88, 0x48, 0x50, 0x48, 0x20, 0x48, 0x20, 0x48, 0x20,
    0x48, 0x20, 0x48, 0x20, 0x78, 0x20, 0x48, 0x20, 0x00, 0x20, 0x00, 0x20, 0x00, 0x20, 0x00, 0x20,
    0x00, 0x00, 0x03, 0xF0, 0x78, 0x10, 0x48, 0x10, 0x49, 0x10, 0x49, 0x10, 0x49, 0x10, 0x49, 0xFC,
    0x48, 0x04, 0x48, 0x04, 0x78, 0x04, 0x4B, 0xF4, 0x00, 0x04, 0x00, 0x04, 0x00, 0x28, 0x00, 0x10,
    0x00, 0x80, 0x00, 0x80, 0x78, 0x80, 0x49, 0xFC, 0x49, 0x20, 0x4A, 0x20, 0x48, 0x20, 0x48, 0x20,
    0x4B, 0xFE, 0x48, 0x20, 0x78, 0x20, 0x48, 0x20, 0x00, 0x20, 0x00, 0x20, 0x00, 0x20, 0x00, 0x20,
    0x00, 0x40, 0x00, 0x40, 0x78, 0x40, 0x48, 0x40, 0x4A, 0x44, 0x4A, 0x44, 0x4A, 0x48, 0x4C, 0x50,
    0x48, 0x40, 0x48, 0xA0, 0x78, 0xA0, 0x49, 0x10, 0x01, 0x10, 0x02, 0x08, 0x04, 0x04, 0x08, 0x02,
    0x00, 0x00, 0x03, 0xF8, 0x78, 0x88, 0x48, 0x88, 0x48, 0x88, 0x4F, 0xFE, 0x48, 0x88, 0x48, 0x88,
    0x48, 0x88, 0x4B, 0xF8, 0x78, 0x88, 0x48, 0x80, 0x01, 0x00, 0x01, 0x00, 0x02, 0x00, 0x04, 0x00,
    0x00, 0x00, 0x3F, 0xF8, 0x04, 0x08, 0x04, 0x08, 0xFF, 0xFE, 0x04, 0x08, 0x04, 0x08, 0x3F, 0xF8,
    0x08, 0x00, 0x08, 0x00, 0x1F, 0xF8, 0x18, 0x08, 0x28, 0x08, 0x48, 0x08, 0x8F, 0xF8, 0x08, 0x08,
    0x00, 0x00, 0x03, 0xF8, 0x78, 0x88, 0x48, 0x88, 0x48, 0x88, 0x48, 0x88, 0x48, 0x88, 0x4F, 0xF8,
    0x49, 0x08, 0x49, 0x08, 0x79, 0x08, 0x49, 0x08, 0x01, 0x08, 0x01, 0x08, 0x07, 0xFE, 0x00, 0x00,
    0x02, 0x00, 0x01, 0x00, 0x7F, 0xFC, 0x08, 0x20, 0x04, 0x40, 0x03, 0x80, 0x0C, 0x60, 0x30, 0x18,
    0xC0, 0x06, 0x1F, 0xF0, 0x10, 0x10, 0x10, 0x10, 0x10, 0x10, 0x10, 0x10, 0x1F, 0xF0, 0x10, 0x10,
    0x00, 0x00, 0x3F, 0xF8, 0x01, 0x00, 0x01, 0x00, 0xFF, 0xFE, 0x02, 0x80, 0x04, 0x40, 0x08, 0x20,
    0x30, 0x18, 0xDF, 0xF6, 0x10, 0x10, 0x10, 0x10, 0x10, 0x10, 0x10, 0x10, 0x1F, 0xF0, 0x10, 0x10,
    0x00, 0x40, 0x00, 0x40, 0x78, 0xA0, 0x48, 0xA0, 0x49, 0x10, 0x4A, 0x88, 0x4C, 0x46, 0x48, 0x40,
    0x48, 0x00, 0x4B, 0xF8, 0x78, 0x08, 0x48, 0x10, 0x00, 0x10, 0x00, 0x20, 0x00, 0x20, 0x00, 0x40,
    0x00, 0x40, 0x00, 0x50, 0x78, 0x48, 0x48, 0x48, 0x48, 0x40, 0x4F, 0xFE, 0x48, 0x40, 0x48, 0x40,
    0x48, 0xA0, 0x48, 0xA0, 0x48, 0xA0, 0x79, 0x10, 0x49, 0x10, 0x02, 0x08, 0x04, 0x04, 0x08, 0x02,
    0x00, 0x20, 0x02, 0x20, 0x7A, 0x20, 0x4A, 0x22, 0x4A, 0x22, 0x4A, 0x24, 0x4B, 0xA8, 0x4A, 0x30,
    0x4A, 0x20, 0x4A, 0x20, 0x7A, 0x20, 0x4A, 0x22, 0x02, 0xA2, 0x03, 0x22, 0x02, 0x1E, 0x00, 0x00,
    0x01, 0x00, 0x00, 0x80, 0x08, 0x88, 0x48, 0x04, 0x48, 0x12, 0x48, 0x12, 0x87, 0xF0, 0x00, 0x00,
    0x00, 0x00, 0x1F, 0xF8, 0x10, 0x08, 0x10, 0x08, 0x10, 0x08, 0x10, 0x08, 0x1F, 0xF8, 0x10, 0x08,
    0x00, 0x00, 0x00, 0x40, 0xF0, 0x20, 0x90, 0x10, 0x90, 0x90, 0x90, 0x80, 0x90, 0x80, 0x92, 0x84,
    0x92, 0x82, 0x92, 0x82, 0xF2, 0x82, 0x94, 0x88, 0x00, 0x88, 0x00, 0x88, 0x00, 0x78, 0x00, 0x00,
    0x00, 0x40, 0x00, 0x40, 0x78, 0xA0, 0x48, 0xA0, 0x49, 0x10, 0x4A, 0x08, 0x4C, 0x06, 0x49, 0x10,
    0x49, 0x10, 0x49, 0x10, 0x79, 0x10, 0x49, 0x10, 0x01, 0x10, 0x02, 0x10, 0x02, 0x10, 0x04, 0x10,
    0x00, 0x00, 0x00, 0x00, 0x7B, 0xFE, 0x48, 0x10, 0x48, 0x10, 0x48, 0x20, 0x48, 0x20, 0x48, 0x68,
    0x48, 0x64, 0x48, 0xA4, 0x79, 0x22, 0x4A, 0x22, 0x04, 0x20, 0x00, 0x20, 0x00, 0x20, 0x00, 0x20,
    0x00, 0x00, 0x7F, 0xFC, 0x00, 0x80, 0x01, 0x00, 0x03, 0x00, 0x05, 0x60, 0x09, 0x18, 0x31, 0x04,
    0xC1, 0x02, 0x00, 0x00, 0x1F, 0xF0, 0x10, 0x10, 0x10, 0x10, 0x10, 0x10, 0x1F, 0xF0, 0x10, 0x10,
    0x00, 0x00, 0x03, 0xF8, 0x7A, 0x48, 0x4A, 0x48, 0x4A, 0x48, 0x4A, 0x48, 0x4A, 0x48, 0x4B, 0xF8,
    0x4A, 0x08, 0x4A, 0x00, 0x7A, 0x00, 0x4A, 0x02, 0x02, 0x02, 0x02, 0x02, 0x01, 0xFE, 0x00, 0x00,
    0x00, 0x40, 0x00, 0x40, 0x78, 0x40, 0x4B, 0xFC, 0x48, 0x40, 0x4A, 0x48, 0x4A, 0x48, 0x4A, 0x48,
    0x4A, 0x48, 0x4B, 0xF8, 0x78, 0x48, 0x48, 0x40, 0x00, 0x42, 0x00, 0x42, 0x00, 0x3E, 0x00, 0x00,
    0x00, 0x10, 0x00, 0x90, 0x78, 0x90, 0x48, 0x88, 0x49, 0x08, 0x49, 0x04, 0x4A, 0x04, 0x4D, 0xFA,
    0x48, 0x88, 0x48, 0x88, 0x48, 0x88, 0x78, 0x88, 0x49, 0x08, 0x01, 0x08, 0x02, 0x28, 0x04, 0x10,
    0x00, 0xA0, 0x00, 0xA0, 0x78, 0xA0, 0x49, 0x24, 0x49, 0x24, 0x4B, 0x28, 0x4D, 0x30, 0x49, 0x20,
    0x49, 0x60, 0x49, 0xA0, 0x79, 0x20, 0x49, 0x22, 0x01, 0x22, 0x01, 0x22, 0x01, 0x1E, 0x01, 0x00,
    0x01, 0x00, 0x01, 0x00, 0x02, 0x80, 0x04, 0x40, 0x0A, 0x20, 0x31, 0x18, 0xC1, 0x06, 0x0F, 0xE0,
    0x00, 0x40, 0x00, 0x80, 0x1F, 0xF0, 0x10, 0x10, 0x10, 0x10, 0x10, 0x10, 0x1F, 0xF0, 0x10, 0x10,
    0x00, 0x08, 0x00, 0x1C, 0x79, 0xE0, 0x49, 0x00, 0x49, 0x00, 0x49, 0x00, 0x49, 0xFE, 0x49, 0x10,
    0x49, 0x10, 0x49, 0x10, 0x79, 0x10, 0x49, 0x10, 0x01, 0x10, 0x02, 0x10, 0x02, 0x10, 0x04, 0x10,
    0x00, 0x80, 0x00, 0x40, 0x78, 0x40, 0x4F, 0xFC, 0x48, 0x00, 0x48, 0x00, 0x49, 0xF0, 0x49, 0x10,
    0x49, 0x10, 0x49, 0x10, 0x79, 0x10, 0x49, 0x12, 0x02, 0x12, 0x02, 0x12, 0x04, 0x0E, 0x08, 0x00,
    0x00, 0x80, 0x00, 0x80, 0x79, 0x00, 0x49, 0x10, 0x4A, 0x08, 0x4F, 0xFC, 0x48, 0x04, 0x49, 0x20,
    0x49, 0x20, 0x49, 0x20, 0x79, 0x20, 0x49, 0x20, 0x02, 0x22, 0x02, 0x22, 0x04, 0x1E, 0x08, 0x00,
    0x01, 0x00, 0x00, 0x80, 0x1F, 0xFC, 0x10, 0x04, 0x10, 0x04, 0x10, 0x04, 0x1F, 0xFC, 0x10, 0x00,
    0x10, 0x00, 0x10, 0x00, 0x17, 0xFC, 0x24, 0x04, 0x24, 0x04, 0x44, 0x04, 0x87, 0xFC, 0x04, 0x04,
    0x00, 0x40, 0x00, 0x40, 0x78, 0x40, 0x48, 0x40, 0x4B, 0xFE, 0x48, 0x40, 0x48, 0x80, 0x48, 0x90,
    0x48, 0x90, 0x49, 0x20, 0x79, 0x20, 0x4A, 0x48, 0x02, 0x44, 0x04, 0x84, 0x01, 0xFE, 0x00, 0x82,
    0x00, 0x20, 0x00, 0x20, 0x78, 0x20, 0x4B, 0xFE, 0x48, 0x20, 0x48, 0x20, 0x48, 0x20, 0x49, 0xFC,
    0x48, 0x84, 0x48, 0x88, 0x78, 0x48, 0x48, 0x50, 0x00, 0x20, 0x00, 0x50, 0x01, 0x88, 0x06, 0x06,
    0x00, 0x04, 0x03, 0xE4, 0x78, 0x24, 0x48, 0x24, 0x48, 0x24, 0x49, 0xE4, 0x49, 0x04, 0x49, 0x04,
    0x4A, 0x04, 0x4B, 0xE4, 0x78, 0x24, 0x48, 0x24, 0x00, 0x24, 0x00, 0x24, 0x01, 0x44, 0x00, 0x84,
    0x00, 0x00, 0x07, 0xE0, 0x04, 0x20, 0x14, 0x20, 0x17, 0xE0, 0x10, 0x00, 0x10, 0x00, 0x1F, 0xF0,
    0x01, 0x10, 0x01, 0x10, 0xFF, 0xFE, 0x02, 0x80, 0x04, 0x40, 0x08, 0x20, 0x30, 0x18, 0xC0, 0x06,
    0x00, 0x00, 0x1F, 0xF0, 0x10, 0x10, 0x10, 0x10, 0x1F, 0xF0, 0x00, 0x00, 0x00, 0x00, 0x3F, 0xF8,
    0x01, 0x00, 0x01, 0x00, 0xFF, 0xFE, 0x02, 0x80, 0x04, 0x40, 0x08, 0x20, 0x30, 0x18, 0xC0, 0x06,
    0x00, 0x40, 0x00, 0x40, 0x78, 0x40, 0x49, 0x48, 0x49, 0x44, 0x4A, 0x42, 0x4A, 0x42, 0x4C, 0x48,
    0x48, 0x48, 0x48, 0x48, 0x78, 0x10, 0x48, 0x10, 0x00, 0x20, 0x00, 0x40, 0x01, 0x80, 0x06, 0x00,
    0x00, 0x40, 0x00, 0x20, 0x00, 0x20, 0xFB, 0xFE, 0x8A, 0x22, 0x8A, 0x22, 0x8A, 0x32, 0x8A, 0x4A,
    0x8A, 0x4A, 0x8A, 0x86, 0xFB, 0x06, 0x8A, 0x02, 0x02, 0x02, 0x02, 0x02, 0x02, 0x0A, 0x02, 0x04,
    0x00, 0x40, 0x00, 0x40, 0x78, 0x40, 0x4B, 0xF8, 0x48, 0x48, 0x48, 0x48, 0x48, 0x48, 0x48, 0x48,
    0x4F, 0xFE, 0x48, 0x40, 0x78, 0xA0, 0x48, 0xA0, 0x01, 0x10, 0x01, 0x10, 0x02, 0x08, 0x04, 0x06,
    0x00, 0x00, 0x07, 0xF8, 0x79, 0x08, 0x49, 0x10, 0x49, 0x10, 0x49, 0x20, 0x49, 0x3C, 0x49, 0x04,
    0x49, 0x04, 0x4A, 0x88, 0x7A, 0x88, 0x4A, 0x50, 0x04, 0x20, 0x04, 0x50, 0x08, 0x88, 0x03, 0x06,
    0x00, 0x80, 0x00, 0x80, 0x78, 0x80, 0x48, 0xFC, 0x49, 0x04, 0x49, 0x08, 0x4A, 0x40, 0x4C, 0x40,
    0x48, 0x40, 0x48, 0xA0, 0x78, 0xA0, 0x49, 0x10, 0x01, 0x10, 0x02, 0x08, 0x04, 0x04, 0x08, 0x02,
    0x00, 0x00, 0x01, 0xF0, 0x79, 0x10, 0x49, 0x10, 0x49, 0x10, 0x4A, 0x0E, 0x4C, 0x00, 0x4B, 0xF8,
    0x49, 0x08, 0x49, 0x10, 0x78, 0x90, 0x48, 0xA0, 0x00, 0x40, 0x00, 0xA0, 0x03, 0x18, 0x0C, 0x06,
    0x01, 0x00, 0x01, 0x00, 0x79, 0x00, 0x49, 0xFC, 0x4A, 0xA4, 0x4C, 0xA4, 0x48, 0xA4, 0x49, 0x24,
    0x49, 0x24, 0x4A, 0x44, 0x7C, 0x44, 0x48, 0x84, 0x01, 0x04, 0x02, 0x04, 0x04, 0x28, 0x00, 0x10,
    0x00, 0x10, 0x07, 0xD0, 0x78, 0x50, 0x48, 0x90, 0x49, 0x10, 0x49, 0x10, 0x49, 0x50, 0x49, 0x90,
    0x49, 0x10, 0x4F, 0x10, 0x79, 0x10, 0x49, 0x12, 0x01, 0x12, 0x01, 0x12, 0x05, 0x0E, 0x02, 0x00,
    0x00, 0x20, 0x00, 0x20, 0x79, 0x20, 0x49, 0x20, 0x49, 0xFC, 0x49, 0x20, 0x4A, 0x20, 0x48, 0x20,
    0x48, 0x20, 0x4B, 0xFE, 0x78, 0x20, 0x48, 0x20, 0x00, 0x20, 0x00, 0x20, 0x00, 0x20, 0x00, 0x20,
    0x00, 0x00, 0x7F, 0xFC, 0x02, 0x00, 0x02, 0x00, 0x3F, 0xF0, 0x04, 0x10, 0x04, 0x10, 0x08, 0x10,
    0xFF, 0xFE, 0x00, 0x00, 0x1F, 0xF0, 0x10, 0x10, 0x10, 0x10, 0x10, 0x10, 0x1F, 0xF0, 0x10, 0x10,
    0x01, 0x00, 0x11, 0x00, 0x11, 0x00, 0x1F, 0xF8, 0x21, 0x00, 0x41, 0x00, 0x01, 0x00, 0xFF, 0xFE,
    0x01, 0x00, 0x01, 0x00, 0x1F, 0xF0, 0x10, 0x10, 0x10, 0x10, 0x10, 0x10, 0x1F, 0xF0, 0x10, 0x10,
    0x00, 0x00, 0x03, 0xFC, 0x78, 0x10, 0x49, 0x10, 0x49, 0x10, 0x49, 0x10, 0x4A, 0x10, 0x4B, 0xFE,
    0x48, 0x30, 0x48, 0x50, 0x78, 0x90, 0x49, 0x10, 0x02, 0x10, 0x04, 0x10, 0x00, 0x50, 0x00, 0x20,
    0x00, 0x40, 0x00, 0x40, 0x78, 0x80, 0x48, 0xFC, 0x49, 0x04, 0x4A, 0x04, 0x48, 0x84, 0x48, 0x44,
    0x48, 0x44, 0x48, 0x14, 0x48, 0x24, 0x78, 0x44, 0x49, 0x84, 0x00, 0x04, 0x00, 0x28, 0x00, 0x10,
    0x00, 0x00, 0x1F, 0xF0, 0x10, 0x10, 0x10, 0x10, 0x10, 0x10, 0x10, 0x10, 0x1F, 0xF0, 0x02, 0x00,
    0x04, 0x00, 0x3F, 0xF8, 0x20, 0x08, 0x20, 0x08, 0x20, 0x08, 0x20, 0x08, 0x3F, 0xF8, 0x20, 0x08,
    0x00, 0x00, 0x03, 0xFE, 0x7A, 0x00, 0x4A, 0x00, 0x4A, 0xF8, 0x4A, 0x88, 0x4A, 0x88, 0x4A, 0x88,
    0x4A, 0x88, 0x4A, 0xA8, 0x7A, 0x90, 0x4A, 0x82, 0x04, 0x82, 0x04, 0x82, 0x08, 0x7E, 0x10, 0x00,
    0x00, 0x00, 0x3F, 0xE0, 0x04, 0x20, 0x04, 0x7C, 0x08, 0x04, 0x10, 0x14, 0x61, 0x08, 0x01, 0x00,
    0xFF, 0xFE, 0x01, 0x00, 0x01, 0x00, 0x3F, 0xF8, 0x20, 0x08, 0x20, 0x08, 0x3F, 0xF8, 0x20, 0x08,
    0x00, 0x80, 0x00, 0x40, 0x78, 0x40, 0x4F, 0xFC, 0x49, 0x10, 0x49, 0x10, 0x49, 0x10, 0x49, 0x10,
    0x49, 0x10, 0x48, 0xA0, 0x78, 0xA0, 0x48, 0x40, 0x00, 0xA0, 0x01, 0x10, 0x02, 0x08, 0x0C, 0x06,
    0x00, 0x00, 0x1F, 0xF0, 0x10, 0x10, 0x10, 0x10, 0x10, 0x10, 0x1F, 0xF0, 0x01, 0x00, 0x01, 0x00,
    0x7F, 0xFC, 0x03, 0x80, 0x05, 0x40, 0x09, 0x20, 0x11, 0x10, 0x21, 0x08, 0xC1, 0x06, 0x01, 0x00,
    0x01, 0x00, 0x01, 0x04, 0x7D, 0x88, 0x05, 0x50, 0x09, 0x20, 0x11, 0x10, 0x21, 0x08, 0xC5, 0x06,
    0x02, 0x00, 0x1F, 0xF0, 0x10, 0x10, 0x10, 0x10, 0x10, 0x10, 0x10, 0x10, 0x1F, 0xF0, 0x10, 0x10,
    0x00, 0x00, 0x1F, 0xF0, 0x10, 0x10, 0x10, 0x10, 0x10, 0x10, 0x1F, 0xF0, 0x00, 0x00, 0x00, 0x00,
    0x7F, 0xFC, 0x01, 0x00, 0x01, 0x00, 0x3F, 0xF8, 0x01, 0x00, 0x01, 0x00, 0xFF, 0xFE, 0x00, 0x00,
    0x00, 0x00, 0x07, 0xE0, 0x04, 0x20, 0x14, 0x20, 0x17, 0xE0, 0x10, 0x00, 0x10, 0x00, 0x1F, 0xF0,
    0x00, 0x10, 0x00, 0x10, 0xFF, 0xFE, 0x00, 0x00, 0x04, 0x40, 0x08, 0x20, 0x10, 0x10, 0x20, 0x08,
    0x01, 0x00, 0x11, 0x00, 0x11, 0x00, 0x1F, 0xF8, 0x21, 0x00, 0x41, 0x00, 0x01, 0x00, 0xFF, 0xFE,
    0x00, 0x00, 0x00, 0x00, 0x1F, 0xF0, 0x10, 0x10, 0x10, 0x10, 0x10, 0x10, 0x1F, 0xF0, 0x10, 0x10,
    0x00, 0x40, 0x00, 0x40, 0x78, 0x40, 0x4B, 0xFC, 0x48, 0x40, 0x48, 0x40, 0x48, 0x40, 0x4F, 0xFE,
    0x48, 0x40, 0x48, 0xA0, 0x78, 0xA0, 0x49, 0x10, 0x01, 0x10, 0x02, 0x08, 0x04, 0x04, 0x08, 0x02,
    0x00, 0x10, 0x01, 0x10, 0x78, 0x90, 0x48, 0x90, 0x48, 0x10, 0x49, 0x10, 0x48, 0x90, 0x48, 0x90,
    0x48, 0x10, 0x48, 0x1E, 0x7B, 0xF0, 0x48, 0x10, 0x00, 0x10, 0x00, 0x10, 0x00, 0x10, 0x00, 0x10,
    0x00, 0x00, 0x00, 0x00, 0x79, 0xFC, 0x48, 0x00, 0x48, 0x00, 0x48, 0x00, 0x4B, 0xFE, 0x48, 0x20,
    0x48, 0x20, 0x48, 0x40, 0x78, 0x40, 0x48, 0x88, 0x01, 0x04, 0x03, 0xFE, 0x01, 0x02, 0x00, 0x00,
    0x00, 0x00, 0x01, 0xFC, 0x79, 0x04, 0x49, 0x04, 0x49, 0x04, 0x49, 0x04, 0x49, 0xFC, 0x49, 0x24,
    0x49, 0x20, 0x49, 0x20, 0x79, 0x10, 0x49, 0x10, 0x02, 0x08, 0x02, 0x08, 0x04, 0x04, 0x08, 0x02,
    0x00, 0x08, 0x00, 0x68, 0x7B, 0x88, 0x48, 0x88, 0x48, 0x88, 0x48, 0x88, 0x48, 0x88, 0x4B, 0xFE,
    0x48, 0x88, 0x48, 0x88, 0x78, 0x88, 0x48, 0x88, 0x01, 0x08, 0x01, 0x08, 0x02, 0x08, 0x04, 0x08,
    0x00, 0x40, 0x00, 0x40, 0x78, 0x40, 0x4B, 0xFC, 0x4A, 0x44, 0x4A, 0x44, 0x4A, 0x44, 0x4A, 0x44,
    0x4A, 0xA4, 0x4A, 0x94, 0x7B, 0x14, 0x4A, 0x04, 0x02, 0x04, 0x02, 0x04, 0x02, 0x14, 0x02, 0x08,
    0x00, 0x10, 0x00, 0xF8, 0x3F, 0x00, 0x01, 0x00, 0x02, 0x00, 0x7F, 0xFC, 0x04, 0x40, 0x08, 0x20,
    0x30, 0x18, 0xC0, 0x06, 0x1F, 0xF0, 0x10, 0x10, 0x10, 0x10, 0x10, 0x10, 0x1F, 0xF0, 0x10, 0x10,
    0x00, 0x00, 0x03, 0xFC, 0x78, 0x40, 0x48, 0x40, 0x48, 0x40, 0x48, 0x40, 0x4F, 0xFE, 0x48, 0x40,
    0x48, 0xA0, 0x48, 0xA0, 0x78, 0xA0, 0x49, 0x20, 0x01, 0x22, 0x02, 0x22, 0x04, 0x1E, 0x08, 0x00,
    0x00, 0x90, 0x00, 0x90, 0x7B, 0xFE, 0x48, 0x90, 0x48, 0x90, 0x48, 0x00, 0x4B, 0xF8, 0x48, 0x10,
    0x48, 0x20, 0x48, 0x40, 0x78, 0x80, 0x49, 0x00, 0x02, 0x02, 0x02, 0x02, 0x01, 0xFE, 0x00, 0x00,
    0x00, 0x40, 0x00, 0x40, 0x78, 0x40, 0x48, 0x40, 0x4F, 0xFE, 0x48, 0x40, 0x48, 0x40, 0x48, 0xA0,
    0x48, 0xA0, 0x48, 0xA0, 0x79, 0x10, 0x49, 0x10, 0x02, 0x88, 0x02, 0x48, 0x04, 0x44, 0x08, 0x02,
    0x00, 0x00, 0x03, 0xFC, 0x7A, 0x00, 0x4A, 0x08, 0x4A, 0x88, 0x4A, 0x50, 0x4A, 0x50, 0x4A, 0x20,
    0x4A, 0x20, 0x4A, 0x50, 0x7A, 0x50, 0x4A, 0x88, 0x03, 0x08, 0x02, 0x00, 0x03, 0xFE, 0x00, 0x00,
    0x00, 0x00, 0x03, 0xFE, 0x7A, 0x00, 0x4A, 0x20, 0x4A, 0x20, 0x4A, 0x20, 0x4A, 0xFC, 0x4A, 0x24,
    0x4A, 0x24, 0x4A, 0x24, 0x7A, 0x44, 0x4A, 0x44, 0x04, 0x84, 0x04, 0x84, 0x09, 0x28, 0x12, 0x10,
    0x00, 0x00, 0x01, 0xFC, 0x79, 0x04, 0x49, 0x04, 0x49, 0x24, 0x49, 0x24, 0x49, 0x24, 0x49, 0x24,
    0x49, 0x24, 0x49, 0x24, 0x79, 0x24, 0x48, 0x50, 0x00, 0x48, 0x00, 0x84, 0x01, 0x02, 0x06, 0x02,
    0x00, 0x00, 0x1F, 0xF0, 0x10, 0x10, 0x10, 0x10, 0x1F, 0xF0, 0x00, 0x00, 0x3F, 0xF8, 0x20, 0x08,
    0x21, 0x08, 0x21, 0x08, 0x21, 0x08, 0x21, 0x08, 0x22, 0xC8, 0x04, 0x30, 0x18, 0x08, 0x60, 0x04,
    0x00, 0x00, 0x1F, 0xF0, 0x10, 0x10, 0x10, 0x10, 0x10, 0x10, 0x1F, 0xF0, 0x01, 0x00, 0x01, 0x00,
    0x7F, 0xFC, 0x41, 0x04, 0x42, 0x84, 0x44, 0x44, 0x48, 0x24, 0x40, 0x04, 0x40, 0x14, 0x40, 0x08,
    0x00, 0x40, 0x00, 0x40, 0x7C, 0x40, 0x44, 0x80, 0x44, 0xFE, 0x45, 0x08, 0x46, 0x88, 0x44, 0x88,
    0x44, 0x88, 0x44, 0x50, 0x7C, 0x50, 0x44, 0x20, 0x00, 0x50, 0x00, 0x88, 0x01, 0x04, 0x02, 0x02,
    0x00, 0x40, 0x00, 0x40, 0x78, 0xA0, 0x48, 0xA0, 0x49, 0x10, 0x4A, 0x08, 0x4C, 0x06, 0x49, 0xF0,
    0x49, 0x10, 0x49, 0x10, 0x79, 0x50, 0x49, 0x20, 0x01, 0x04, 0x01, 0x04, 0x00, 0xFC, 0x00, 0x00,
    0x00, 0x20, 0x00, 0x40, 0x79, 0xFC, 0x49, 0x04, 0x49, 0x04, 0x49, 0x04, 0x49, 0x14, 0x49, 0x08,
    0x49, 0x00, 0x49, 0xFE, 0x78, 0x02, 0x48, 0x02, 0x03, 0xFA, 0x00, 0x02, 0x00, 0x14, 0x00, 0x08,
    0x00, 0x40, 0x00, 0x20, 0x79, 0xFC, 0x49, 0x04, 0x49, 0x04, 0x49, 0xFC, 0x49, 0x00, 0x49, 0x00,
    0x49, 0x7C, 0x49, 0x08, 0x79, 0x10, 0x49, 0x20, 0x01, 0x42, 0x02, 0x82, 0x02, 0x7E, 0x04, 0x00,
    0x00, 0x00, 0x01, 0xFC, 0x78, 0x04, 0x48, 0x04, 0x4B, 0xF4, 0x48, 0x04, 0x48, 0x04, 0x49, 0xF4,
    0x49, 0x14, 0x49, 0x14, 0x79, 0x14, 0x49, 0xF4, 0x00, 0x04, 0x00, 0x04, 0x00, 0x14, 0x00, 0x08,
    0x00, 0x80, 0x00, 0x40, 0x78, 0x40, 0x4B, 0xFE, 0x48, 0x40, 0x48, 0x40, 0x48, 0x88, 0x49, 0x08,
    0x4B, 0xF0, 0x48, 0x20, 0x78, 0x40, 0x48, 0x88, 0x01, 0x04, 0x03, 0xFE, 0x01, 0x02, 0x00, 0x00,
    0x00, 0x40, 0x00, 0x40, 0x78, 0x40, 0x48, 0x40, 0x4F, 0xFC, 0x48, 0x40, 0x48, 0xE0, 0x48, 0xE0,
    0x49, 0x50, 0x49, 0x50, 0x4A, 0x48, 0x7D, 0xF4, 0x48, 0x42, 0x00, 0x40, 0x00, 0x40, 0x00, 0x40,
    0x00, 0x00, 0x03, 0xFC, 0x7A, 0x04, 0x4A, 0x04, 0x4A, 0x04, 0x4B, 0xFC, 0x4A, 0x20, 0x4A, 0x20,
    0x4B, 0xFE, 0x4A, 0x20, 0x7A, 0x20, 0x4A, 0x10, 0x02, 0x12, 0x02, 0x8A, 0x03, 0x06, 0x02, 0x02,
    0x00, 0x00, 0x03, 0xFC, 0x7A, 0x04, 0x4A, 0x04, 0x4A, 0x04, 0x4B, 0xFC, 0x4A, 0x00, 0x4A, 0x40,
    0x4A, 0x44, 0x4A, 0x48, 0x7A, 0x70, 0x4A, 0x40, 0x04, 0x42, 0x04, 0x42, 0x08, 0x3E, 0x10, 0x00,
    0x00, 0x00, 0x01, 0xF8, 0x79, 0x08, 0x49, 0x48, 0x49, 0x28, 0x49, 0x08, 0x49, 0x08, 0x4F, 0xFE,
    0x4A, 0x08, 0x4A, 0x88, 0x7A, 0x48, 0x4A, 0x08, 0x03, 0xFE, 0x00, 0x08, 0x00, 0x50, 0x00, 0x20,
    0x00, 0x40, 0x00, 0x40, 0x78, 0xA0, 0x48, 0xA0, 0x49, 0x10, 0x4A, 0x48, 0x4C, 0x26, 0x48, 0x20,
    0x4B, 0xF8, 0x48, 0x08, 0x78, 0x10, 0x49, 0x10, 0x00, 0xA0, 0x00, 0x40, 0x00, 0x20, 0x00, 0x20,
    0x00, 0x40, 0x00, 0x40, 0x78, 0x40, 0x4B, 0xF8, 0x4A, 0x48, 0x4A, 0x48, 0x4B, 0xF8, 0x4A, 0x48,
    0x4A, 0x48, 0x4A, 0x48, 0x4F, 0xFE, 0x7A, 0x08, 0x4A, 0x08, 0x02, 0x08, 0x02, 0x28, 0x02, 0x10,
    0x00, 0x20, 0x01, 0x20, 0x71, 0x20, 0x52, 0x20, 0x52, 0xFC, 0x54, 0xA4, 0x57, 0x24, 0x51, 0x24,
    0x52, 0x24, 0x52, 0x24, 0x74, 0xA4, 0x47, 0xA4, 0x00, 0xC4, 0x00, 0x44, 0x00, 0x94, 0x01, 0x08,
    0x00, 0x08, 0x00, 0x3C, 0x7B, 0xE0, 0x4A, 0x20, 0x4A, 0x20, 0x4A, 0x20, 0x4A, 0x20, 0x4B, 0xFE,
    0x4A, 0x20, 0x4A, 0x10, 0x7A, 0x10, 0x4A, 0x12, 0x02, 0x0A, 0x02, 0x8A, 0x03, 0x26, 0x02, 0x12,
    0x00, 0x00, 0x3F, 0xF8, 0x21, 0x08, 0x21, 0x08, 0x2F, 0xE8, 0x21, 0x08, 0x21, 0x08, 0x3F, 0xF8,
    0x20, 0x08, 0x27, 0xC8, 0x24, 0x48, 0x24, 0x48, 0x27, 0xC8, 0x40, 0x08, 0x40, 0x28, 0x80, 0x10,
    0x00, 0x00, 0x01, 0xFC, 0x78, 0x00, 0x48, 0x00, 0x48, 0x00, 0x4B, 0xFE, 0x48, 0x20, 0x48, 0x20,
    0x49, 0x28, 0x49, 0x24, 0x7A, 0x24, 0x4A, 0x22, 0x04, 0x22, 0x00, 0x20, 0x00, 0xA0, 0x00, 0x40,
    0x00, 0x00, 0x03, 0xFC, 0x7A, 0x04, 0x4A, 0x04, 0x4A, 0x04, 0x4A, 0x04, 0x4B, 0xFC, 0x48, 0x90,
    0x48, 0x90, 0x48, 0x90, 0x78, 0x90, 0x49, 0x12, 0x01, 0x12, 0x02, 0x12, 0x04, 0x0E, 0x08, 0x00,
    0x00, 0x20, 0x00, 0x20, 0x78, 0x20, 0x48, 0x20, 0x48, 0x3E, 0x48, 0x20, 0x48, 0x20, 0x48, 0x20,
    0x49, 0xFC, 0x49, 0x04, 0x49, 0x04, 0x79, 0x04, 0x49, 0x04, 0x01, 0x04, 0x01, 0xFC, 0x01, 0x04,
    0x00, 0x00, 0x00, 0x00, 0x7B, 0xFC, 0x4A, 0x94, 0x4A, 0x94, 0x4A, 0x94, 0x4A, 0x94, 0x4A, 0x94,
    0x4A, 0x94, 0x4A, 0x94, 0x4A, 0x9C, 0x7B, 0x04, 0x4A, 0x04, 0x02, 0x04, 0x03, 0xFC, 0x02, 0x04,
    0x00, 0x48, 0x02, 0x48, 0x7A, 0x48, 0x4A, 0x48, 0x4A, 0x48, 0x4F, 0xFE, 0x4A, 0x48, 0x4A, 0x48,
    0x4A, 0x48, 0x4A, 0x48, 0x7A, 0x78, 0x4A, 0x00, 0x02, 0x00, 0x02, 0x00, 0x03, 0xFE, 0x00, 0x00,
    0x00, 0x00, 0x00, 0x00, 0x79, 0xFC, 0x49, 0x04, 0x49, 0x04, 0x49, 0x04, 0x49, 0x04, 0x49, 0x04,
    0x49, 0xFC, 0x49, 0x04, 0x78, 0x00, 0x48, 0x90, 0x00, 0x88, 0x01, 0x04, 0x02, 0x02, 0x04, 0x02,
    0x00, 0x00, 0x01, 0xFC, 0x78, 0x20, 0x48, 0x20, 0x49, 0x24, 0x48, 0xA4, 0x48, 0xA8, 0x48, 0x20,
    0x4B, 0xFE, 0x48, 0x20, 0x78, 0x20, 0x48, 0x20, 0x00, 0x20, 0x00, 0x20, 0x00, 0x20, 0x00, 0x20,
    0x04, 0x40, 0x04, 0x40, 0x24, 0x44, 0x27, 0x58, 0x24, 0x60, 0x24, 0x42, 0x2F, 0x42, 0xF0, 0x3E,
    0x40, 0x00, 0x1F, 0xF0, 0x10, 0x10, 0x10, 0x10, 0x10, 0x10, 0x10, 0x10, 0x1F, 0xF0, 0x10, 0x10,
    0x00, 0x08, 0x00, 0x3C, 0x7B, 0xD0, 0x4A, 0x90, 0x4A, 0x90, 0x4A, 0x90, 0x4A, 0x90, 0x4A, 0x90,
    0x4A, 0x90, 0x4A, 0x88, 0x7A, 0x88, 0x4A, 0xC8, 0x02, 0xA4, 0x04, 0xD4, 0x04, 0x92, 0x08, 0x00,
    0x00, 0x90, 0x00, 0x90, 0x78, 0x90, 0x4A, 0x90, 0x4A, 0x92, 0x4A, 0xD4, 0x4A, 0x98, 0x4A, 0x90,
    0x4A, 0x90, 0x4A, 0x90, 0x7A, 0x90, 0x4A, 0x92, 0x03, 0xD2, 0x0E, 0x12, 0x04, 0x0E, 0x00, 0x00,
    0x00, 0x40, 0x00, 0x40, 0x78, 0x40, 0x4B, 0xFC, 0x48, 0x40, 0x48, 0x40, 0x48, 0x40, 0x4F, 0xFE,
    0x48, 0xE0, 0x49, 0x50, 0x79, 0x50, 0x4A, 0x48, 0x04, 0x44, 0x08, 0x42, 0x00, 0x40, 0x00, 0x40,
    0x00, 0x80, 0x00, 0x80, 0x79, 0x00, 0x49, 0xFC, 0x4A, 0x04, 0x4C, 0x04, 0x49, 0xE4, 0x49, 0x24,
    0x49, 0x24, 0x49, 0x24, 0x79, 0xE4, 0x49, 0x24, 0x00, 0x04, 0x00, 0x04, 0x00, 0x28, 0x00, 0x10,
    0x00, 0x00, 0x00, 0x00, 0x7B, 0xFE, 0x48, 0x08, 0x48, 0x08, 0x49, 0xE8, 0x49, 0x28, 0x49, 0x28,
    0x49, 0x28, 0x49, 0x28, 0x79, 0xE8, 0x49, 0x28, 0x00, 0x08, 0x00, 0x08, 0x00, 0x28, 0x00, 0x10,
    0x02, 0x00, 0x02, 0x00, 0xE2, 0x7C, 0xA2, 0x24, 0xAF, 0xA4, 0xA4, 0xA4, 0xA4, 0xA4, 0xA4, 0xA8,
    0xA4, 0xA8, 0xA9, 0x28, 0xE5, 0x10, 0xA2, 0x10, 0x05, 0x28, 0x09, 0x48, 0x10, 0x84, 0x01, 0x02,
    0x00, 0x00, 0x07, 0xFC, 0xF4, 0x44, 0x94, 0x44, 0x94, 0x44, 0x97, 0xFC, 0x94, 0x44, 0x94, 0x44,
    0x94, 0x44, 0x97, 0xFC, 0xF4, 0x44, 0x90, 0x40, 0x00, 0x40, 0x00, 0x40, 0x00, 0x40, 0x00, 0x40,
    0x00, 0x00, 0x03, 0xFC, 0x78, 0x20, 0x48, 0x20, 0x48, 0x40, 0x48, 0x40, 0x48, 0xD0, 0x49, 0x48,
    0x4A, 0x44, 0x4C, 0x44, 0x78, 0x40, 0x48, 0x40, 0x00, 0x40, 0x00, 0x00, 0x07, 0xFE, 0x00, 0x00,
    0x00, 0x40, 0x00, 0x40, 0x7A, 0x40, 0x4A, 0x40, 0x4B, 0xFC, 0x4A, 0x40, 0x4C, 0x40, 0x48, 0x40,
    0x4F, 0xFE, 0x48, 0x40, 0x78, 0xA0, 0x48, 0xA0, 0x01, 0x10, 0x02, 0x08, 0x04, 0x04, 0x08, 0x02,
    0x00, 0x00, 0x01, 0xF8, 0x79, 0x08, 0x49, 0x08, 0x49, 0x08, 0x49, 0xF8, 0x48, 0x00, 0x4B, 0xFE,
    0x48, 0x80, 0x49, 0x00, 0x79, 0xF8, 0x48, 0x08, 0x00, 0x08, 0x00, 0x08, 0x00, 0x50, 0x00, 0x20,
    0x00, 0x40, 0x00, 0x40, 0x78, 0x40, 0x4B, 0xF8, 0x4A, 0x48, 0x4A, 0x48, 0x4A, 0x48, 0x4B, 0xF8,
    0x4A, 0x48, 0x4A, 0x48, 0x7A, 0x48, 0x4B, 0xF8, 0x02, 0x48, 0x00, 0x40, 0x00, 0x40, 0x00, 0x40,
    0x00, 0x08, 0x00, 0x3C, 0x7B, 0xE0, 0x48, 0x20, 0x49, 0x24, 0x48, 0xA4, 0x48, 0xA8, 0x48, 0x20,
    0x4B, 0xFE, 0x48, 0x20, 0x78, 0x20, 0x48, 0x20, 0x00, 0x20, 0x00, 0x20, 0x00, 0xA0, 0x00, 0x40,
    0x01, 0x00, 0x01, 0x00, 0x02, 0x80, 0x04, 0x40, 0x08, 0x20, 0x37, 0xD8, 0xC0, 0x06, 0x00, 0x00,
    0x3E, 0xF8, 0x22, 0x88, 0x22, 0x88, 0x22, 0x88, 0x3E, 0xA8, 0x22, 0x90, 0x00, 0x80, 0x00, 0x80,
    0x00, 0x00, 0x00, 0x00, 0x79, 0xFC, 0x49, 0x04, 0x49, 0x04, 0x49, 0x04, 0x49, 0xFC, 0x49, 0x04,
    0x49, 0x04, 0x49, 0x04, 0x79, 0xFC, 0x49, 0x04, 0x00, 0x00, 0x00, 0x00, 0x03, 0xFE, 0x00, 0x00,
    0x00, 0x20, 0x00, 0x20, 0x78, 0x20, 0x49, 0xFC, 0x48, 0x20, 0x48, 0x20, 0x48, 0x20, 0x4B, 0xFE,
    0x48, 0x20, 0x48, 0x40, 0x78, 0x40, 0x48, 0x88, 0x01, 0x04, 0x03, 0xFE, 0x01, 0x02, 0x00, 0x00,
    0x00, 0x00, 0x01, 0xF8, 0x79, 0x08, 0x49, 0x08, 0x49, 0x08, 0x49, 0xF8, 0x49, 0x08, 0x49, 0x08,
    0x49, 0x08, 0x49, 0xF8, 0x79, 0x08, 0x49, 0x08, 0x01, 0x08, 0x01, 0x08, 0x07, 0xFE, 0x00, 0x00,
    0x01, 0x08, 0x01, 0x08, 0x79, 0x08, 0x49, 0x08, 0x4F, 0xFE, 0x49, 0x08, 0x49, 0x08, 0x49, 0x08,
    0x49, 0x08, 0x49, 0xF8, 0x79, 0x08, 0x49, 0x08, 0x01, 0x08, 0x01, 0x08, 0x01, 0xF8, 0x01, 0x08,
    0x00, 0x00, 0x03, 0xFE, 0x7A, 0x10, 0x4A, 0x10, 0x4A, 0x10, 0x4A, 0xFE, 0x4A, 0x92, 0x4A, 0x92,
    0x4A, 0x92, 0x4A, 0x92, 0x7A, 0x9A, 0x4A, 0x94, 0x02, 0x10, 0x02, 0x10, 0x03, 0xFE, 0x00, 0x00,
    0x01, 0x20, 0x01, 0x20, 0x79, 0x20, 0x4A, 0xA0, 0x4A, 0xAC, 0x4E, 0xB4, 0x4A, 0xE4, 0x4B, 0xA4,
    0x4A, 0xA4, 0x4A, 0xB4, 0x7A, 0xA8, 0x4A, 0xA2, 0x02, 0xA2, 0x02, 0x82, 0x02, 0x7E, 0x02, 0x00,
    0x00, 0x20, 0x00, 0x20, 0x79, 0x24, 0x49, 0x24, 0x49, 0x24, 0x49, 0x24, 0x49, 0xFC, 0x48, 0x24,
    0x48, 0x20, 0x48, 0x20, 0x7A, 0x22, 0x4A, 0x22, 0x02, 0x22, 0x02, 0x22, 0x03, 0xFE, 0x00, 0x02,
    0x02, 0x00, 0x01, 0x00, 0x3F, 0xF8, 0x00, 0x00, 0x08, 0x20, 0x04, 0x40, 0xFF, 0xFE, 0x00, 0x00,
    0x00, 0x00, 0x1F, 0xF0, 0x10, 0x10, 0x10, 0x10, 0x10, 0x10, 0x10, 0x10, 0x1F, 0xF0, 0x10, 0x10,
    0x00, 0x80, 0x00, 0x80, 0x79, 0xFC, 0x49, 0x04, 0x4A, 0x04, 0x4D, 0xF4, 0x49, 0x14, 0x49, 0x14,
    0x49, 0x14, 0x49, 0xF4, 0x79, 0x04, 0x49, 0x28, 0x01, 0x12, 0x01, 0x02, 0x00, 0xFE, 0x00, 0x00,
    0x00, 0x00, 0x00, 0x40, 0x78, 0x20, 0x48, 0x28, 0x48, 0x08, 0x48, 0x88, 0x48, 0x90, 0x4A, 0x94,
    0x4A, 0xA2, 0x4A, 0xA2, 0x7C, 0xC2, 0x48, 0x88, 0x01, 0x88, 0x02, 0x88, 0x04, 0x78, 0x00, 0x00,
    0x00, 0x90, 0x00, 0x90, 0x78, 0x90, 0x4B, 0xFC, 0x48, 0x94, 0x48, 0x94, 0x4B, 0xFC, 0x4A, 0x90,
    0x4A, 0x90, 0x4B, 0xFE, 0x78, 0x92, 0x48, 0x92, 0x01, 0x1A, 0x01, 0x14, 0x02, 0x10, 0x04, 0x10,
    0x00, 0x40, 0x00, 0x40, 0x78, 0x40, 0x4B, 0xF8, 0x4A, 0x48, 0x4A, 0x48, 0x4A, 0x48, 0x4A, 0x48,
    0x4A, 0x48, 0x4F, 0xFE, 0x78, 0x40, 0x48, 0xA0, 0x00, 0xA0, 0x01, 0x10, 0x02, 0x08, 0x04, 0x06,
    0x00, 0x38, 0x03, 0xC0, 0x78, 0x40, 0x48, 0x40, 0x48, 0x40, 0x4F, 0xFC, 0x48, 0x40, 0x48, 0xE0,
    0x48, 0xE0, 0x49, 0x50, 0x79, 0x50, 0x4A, 0x48, 0x04, 0x44, 0x08, 0x42, 0x00, 0x40, 0x00, 0x40,
    0x01, 0x00, 0x01, 0x00, 0x79, 0x00, 0x49, 0xFE, 0x4A, 0x80, 0x4A, 0x80, 0x4C, 0x80, 0x48, 0xF8,
    0x48, 0x80, 0x48, 0x80, 0x78, 0x80, 0x48, 0xFC, 0x00, 0x80, 0x00, 0x80, 0x00, 0x80, 0x00, 0x80,
    0x04, 0x00, 0x0E, 0x00, 0x78, 0x00, 0x08, 0x7C, 0x08, 0x44, 0xFF, 0x44, 0x08, 0x44, 0x18, 0x44,
    0x1C, 0x44, 0x2A, 0x44, 0x2A, 0x44, 0x48, 0x44, 0x88, 0x7C, 0x08, 0x44, 0x08, 0x00, 0x08, 0x00,
    0x00, 0x20, 0x00, 0x20, 0x78, 0x40, 0x48, 0x88, 0x49, 0x04, 0x4B, 0xFE, 0x48, 0x02, 0x48, 0x00,
    0x49, 0xFC, 0x49, 0x04, 0x79, 0x04, 0x49, 0x04, 0x01, 0x04, 0x01, 0x04, 0x01, 0xFC, 0x01, 0x04,
    0x10, 0x40, 0x10, 0x40, 0x1E, 0x50, 0x22, 0x48, 0x22, 0x44, 0x54, 0x44, 0x08, 0x40, 0x14, 0x40,
    0x23, 0xFE, 0xC0, 0x00, 0x1F, 0xF0, 0x10, 0x10, 0x10, 0x10, 0x10, 0x10, 0x1F, 0xF0, 0x10, 0x10,
    0x00, 0x40, 0x00, 0x20, 0x78, 0x10, 0x49, 0xE0, 0x48, 0x22, 0x48, 0x34, 0x4B, 0xB8, 0x48, 0xB0,
    0x48, 0xA8, 0x48, 0xA8, 0x79, 0x28, 0x49, 0x24, 0x02, 0x24, 0x04, 0x22, 0x00, 0xA0, 0x00, 0x40,
    0x00, 0x88, 0x00, 0x88, 0x78, 0x88, 0x49, 0x08, 0x49, 0x7E, 0x4B, 0x08, 0x4D, 0x08, 0x49, 0x48,
    0x49, 0x28, 0x49, 0x28, 0x79, 0x08, 0x49, 0x08, 0x01, 0x08, 0x01, 0x08, 0x01, 0x28, 0x01, 0x10,
    0x01, 0x00, 0x01, 0x00, 0x79, 0x3E, 0x49, 0x08, 0x4F, 0xC8, 0x49, 0x08, 0x49, 0x08, 0x49, 0x48,
    0x49, 0x88, 0x4F, 0x08, 0x79, 0x08, 0x49, 0x08, 0x01, 0x08, 0x01, 0x08, 0x05, 0x28, 0x02, 0x10,
    0x00, 0x00, 0x7C, 0xF8, 0x44, 0x88, 0x44, 0x88, 0x44, 0x88, 0x7C, 0xF8, 0x00, 0x00, 0x00, 0x00,
    0x0F, 0xC0, 0x08, 0x40, 0x08, 0x40, 0x08, 0x40, 0x10, 0x40, 0x10, 0x42, 0x20, 0x42, 0xC0, 0x3E,
    0x00, 0x00, 0x00, 0x00, 0x7B, 0xFC, 0x49, 0x00, 0x49, 0x00, 0x49, 0xF0, 0x49, 0x10, 0x49, 0x10,
    0x49, 0x90, 0x4A, 0x50, 0x7A, 0x50, 0x4A, 0x10, 0x02, 0x12, 0x02, 0x92, 0x03, 0x12, 0x02, 0x0E,
    0x00, 0x40, 0x00, 0x40, 0x78, 0x40, 0x48, 0x7C, 0x48, 0x40, 0x48, 0x40, 0x48, 0x40, 0x4F, 0xFE,
    0x48, 0x40, 0x48, 0x40, 0x78, 0x50, 0x48, 0x48, 0x00, 0x44, 0x00, 0x40, 0x00, 0x40, 0x00, 0x40,
    0x00, 0x20, 0x00, 0x20, 0x78, 0x20, 0x48, 0x20, 0x4B, 0xFE, 0x48, 0x20, 0x48, 0x20, 0x48, 0x20,
    0x49, 0xFC, 0x49, 0x04, 0x79, 0x04, 0x49, 0x04, 0x01, 0x04, 0x01, 0x04, 0x01, 0xFC, 0x01, 0x04,
    0x04, 0x00, 0x04, 0x00, 0xF4, 0x00, 0x94, 0x3C, 0x9F, 0xA4, 0x94, 0xA4, 0x94, 0xA4, 0x94, 0xA4,
    0x94, 0xA4, 0x94, 0xA4, 0xF4, 0xA4, 0x94, 0xA4, 0x08, 0xA4, 0x08, 0xBC, 0x12, 0xA4, 0x21, 0x00,
    0x00, 0x40, 0x00, 0x40, 0x78, 0x40, 0x48, 0x40, 0x4B, 0xFE, 0x48, 0x40, 0x48, 0x80, 0x48, 0x80,
    0x48, 0xFE, 0x49, 0x10, 0x79, 0x10, 0x4A, 0x10, 0x02, 0x10, 0x04, 0x10, 0x01, 0xFE, 0x00, 0x00,
    0x00, 0x40, 0x00, 0x40, 0x78, 0x40, 0x4B, 0xFE, 0x48, 0x80, 0x48, 0xA0, 0x49, 0x20, 0x49, 0xFC,
    0x4B, 0x24, 0x4D, 0x24, 0x79, 0x24, 0x49, 0x24, 0x01, 0x34, 0x01, 0x28, 0x00, 0x20, 0x00, 0x20,
    0x00, 0x90, 0x00, 0x88, 0x78, 0x88, 0x48, 0x80, 0x4B, 0xFE, 0x48, 0xA0, 0x48, 0xA0, 0x48, 0xA4,
    0x48, 0xA4, 0x49, 0x28, 0x79, 0x28, 0x49, 0x32, 0x02, 0x22, 0x02, 0x62, 0x04, 0x9E, 0x08, 0x00,
    0x00, 0x80, 0x00, 0x80, 0x78, 0xF8, 0x49, 0x08, 0x4B, 0x10, 0x4C, 0xA0, 0x48, 0x40, 0x48, 0xA0,
    0x4B, 0x18, 0x4C, 0x06, 0x78, 0xC0, 0x48, 0x20, 0x00, 0x10, 0x01, 0x80, 0x00, 0x60, 0x00, 0x10,
    0x00, 0x40, 0x00, 0x20, 0x78, 0x20, 0x4B, 0xFE, 0x4A, 0x02, 0x4C, 0x04, 0x48, 0x00, 0x48, 0x00,
    0x4B, 0xFE, 0x48, 0x20, 0x78, 0x20, 0x48, 0x20, 0x00, 0x20, 0x00, 0x20, 0x00, 0xA0, 0x00, 0x40,
    0x00, 0x40, 0x00, 0x20, 0x78, 0x20, 0x4B, 0xFE, 0x4A, 0x02, 0x4C, 0x04, 0x49, 0x00, 0x49, 0x08,
    0x49, 0x10, 0x49, 0x20, 0x79, 0xC0, 0x49, 0x02, 0x01, 0x02, 0x01, 0x02, 0x00, 0xFE, 0x00, 0x00,
    0x01, 0x08, 0x01, 0x08, 0x71, 0x08, 0x52, 0x10, 0x52, 0x94, 0x54, 0xA4, 0x57, 0xBC, 0x51, 0x08,
    0x51, 0x08, 0x52, 0x10, 0x74, 0x20, 0x57, 0xBC, 0x00, 0x00, 0x00, 0x00, 0x0F, 0xFE, 0x00, 0x00,
    0x00, 0x00, 0x03, 0xFC, 0x78, 0x90, 0x48, 0x90, 0x48, 0x90, 0x48, 0x90, 0x48, 0x90, 0x4F, 0xFE,
    0x48, 0x90, 0x48, 0x90, 0x78, 0x90, 0x48, 0x90, 0x01, 0x10, 0x01, 0x10, 0x02, 0x10, 0x04, 0x10,
    0x00, 0x00, 0x03, 0xFE, 0x78, 0x20, 0x48, 0x20, 0x48, 0x40, 0x49, 0xFC, 0x49, 0x04, 0x49, 0x04,
    0x49, 0x04, 0x49, 0xFC, 0x49, 0x04, 0x79, 0x04, 0x49, 0x04, 0x01, 0x04, 0x01, 0xFC, 0x01, 0x04,
    0x00, 0x00, 0x1F, 0xF0, 0x10, 0x10, 0x10, 0x10, 0x1F, 0xF0, 0x00, 0x00, 0x7F, 0xFC, 0x10, 0x10,
    0x1F, 0xF0, 0x10, 0x10, 0x1F, 0xF0, 0x10, 0x10, 0x10, 0x3E, 0xFF, 0xD0, 0x00, 0x10, 0x00, 0x10,
    0x00, 0x00, 0x03, 0xFE, 0x79, 0x08, 0x49, 0x08, 0x49, 0x08, 0x49, 0xF8, 0x49, 0x08, 0x49, 0x08,
    0x49, 0xF8, 0x49, 0x08, 0x79, 0x08, 0x49, 0x1E, 0x07, 0xE8, 0x00, 0x08, 0x00, 0x08, 0x00, 0x08,
    0x00, 0x00, 0x3E, 0xF8, 0x22, 0x88, 0x22, 0x88, 0x3E, 0xF8, 0x00, 0x00, 0x3F, 0xF8, 0x00, 0x00,
    0xFF, 0xFE, 0x04, 0x00, 0x08, 0x00, 0x0F, 0xF0, 0x00, 0x10, 0x00, 0x10, 0x00, 0xA0, 0x00, 0x40,
    0x00, 0x40, 0x00, 0x44, 0x7A, 0x44, 0x49, 0x48, 0x49, 0x50, 0x48, 0x40, 0x4F, 0xFE, 0x48, 0x90,
    0x48, 0x90, 0x48, 0x90, 0x78, 0x90, 0x48, 0x92, 0x01, 0x12, 0x01, 0x12, 0x02, 0x0E, 0x04, 0x00,
    0x00, 0x40, 0x00, 0x20, 0x78, 0x20, 0x4B, 0xFE, 0x4A, 0x02, 0x4C, 0x04, 0x48, 0x38, 0x4B, 0xC0,
    0x48, 0x40, 0x48, 0x40, 0x78, 0x7E, 0x4F, 0xC0, 0x00, 0x40, 0x00, 0x42, 0x00, 0x42, 0x00, 0x3E,
    0x00, 0x00, 0x03, 0xFE, 0x78, 0x20, 0x48, 0x40, 0x48, 0x88, 0x49, 0x04, 0x4B, 0xFE, 0x48, 0x22,
    0x48, 0x20, 0x48, 0x20, 0x7B, 0xFE, 0x48, 0x20, 0x00, 0x20, 0x00, 0x20, 0x07, 0xFE, 0x00, 0x00,
    0x00, 0x40, 0x00, 0x40, 0xF7, 0xFE, 0x90, 0x40, 0x97, 0xFC, 0x90, 0x44, 0x93, 0xFC, 0x92, 0x40,
    0x94, 0x40, 0x97, 0xFE, 0xF0, 0x42, 0x90, 0xAA, 0x00, 0xA4, 0x01, 0x10, 0x02, 0x08, 0x0C, 0x06,
    0x00, 0x04, 0x00, 0x04, 0xEF, 0xC4, 0xA2, 0x14, 0xA2, 0x14, 0xA3, 0xD4, 0xA2, 0x54, 0xA4, 0x54,
    0xA6, 0x54, 0xA5, 0x54, 0xE8, 0x94, 0xA0, 0x94, 0x01, 0x04, 0x02, 0x04, 0x04, 0x14, 0x08, 0x08,
    0x40, 0x80, 0x20, 0x80, 0x09, 0xFC, 0x12, 0x04, 0x24, 0x48, 0xE0, 0x40, 0x20, 0xA0, 0x23, 0x18,
    0x2C, 0x06, 0x00, 0x00, 0x1F, 0xF0, 0x10, 0x10, 0x10, 0x10, 0x10, 0x10, 0x1F, 0xF0, 0x10, 0x10,
    0x01, 0x04, 0x00, 0x84, 0x78, 0x88, 0x48, 0x00, 0x4B, 0xFE, 0x48, 0x20, 0x48, 0x20, 0x49, 0xFC,
    0x48, 0x20, 0x48, 0x20, 0x7B, 0xFE, 0x48, 0x20, 0x00, 0x20, 0x00, 0x20, 0x00, 0x20, 0x00, 0x20,
    0x00, 0x40, 0x00, 0x40, 0x7A, 0x48, 0x49, 0x48, 0x49, 0x50, 0x48, 0x40, 0x4F, 0xFE, 0x48, 0x40,
    0x48, 0xE0, 0x49, 0x50, 0x79, 0x50, 0x4A, 0x48, 0x04, 0x44, 0x08, 0x42, 0x00, 0x40, 0x00, 0x40,
    0x00, 0x00, 0x3E, 0x7C, 0x22, 0x44, 0x22, 0x44, 0x22, 0x44, 0x22, 0x44, 0x3E, 0x7C, 0x2A, 0x00,
    0x28, 0x28, 0x28, 0x24, 0x28, 0x44, 0x24, 0x42, 0x24, 0x82, 0x42, 0x00, 0x41, 0x80, 0x80, 0x7E,
    0x00, 0x80, 0x00, 0x40, 0xF0, 0x40, 0x97, 0xFC, 0x90, 0x00, 0x91, 0x10, 0x92, 0x08, 0x94, 0x04,
    0x91, 0x10, 0x91, 0x10, 0xF0, 0xA0, 0x90, 0x40, 0x00, 0xA0, 0x01, 0x10, 0x02, 0x08, 0x0C, 0x06,
    0x00, 0x20, 0x00, 0x20, 0x78, 0x20, 0x4B, 0xFE, 0x48, 0x20, 0x48, 0x20, 0x49, 0xFC, 0x48, 0x00,
    0x48, 0x00, 0x49, 0xFC, 0x79, 0x04, 0x49, 0x04, 0x01, 0x04, 0x01, 0x04, 0x01, 0xFC, 0x01, 0x04,
    0x00, 0x20, 0x01, 0x20, 0x79, 0x20, 0x49, 0xFC, 0x49, 0x20, 0x4A, 0x20, 0x48, 0x20, 0x4B, 0xFE,
    0x48, 0x70, 0x48, 0xA8, 0x78, 0xA8, 0x49, 0x24, 0x01, 0x24, 0x02, 0x22, 0x00, 0x20, 0x00, 0x20,
    0x00, 0x80, 0x00, 0x80, 0x78, 0xF8, 0x49, 0x08, 0x4B, 0x10, 0x4C, 0xA0, 0x48, 0x40, 0x48, 0xA0,
    0x49, 0x18, 0x4A, 0x06, 0x7D, 0xF8, 0x49, 0x08, 0x01, 0x08, 0x01, 0x08, 0x01, 0xF8, 0x01, 0x08,
    0x00, 0x80, 0x00, 0x80, 0x79, 0xFC, 0x49, 0x04, 0x4A, 0x04, 0x49, 0xE4, 0x49, 0x24, 0x49, 0x24,
    0x49, 0xE4, 0x49, 0x24, 0x79, 0x24, 0x49, 0xE4, 0x01, 0x04, 0x00, 0x04, 0x00, 0x28, 0x00, 0x10,
    0x00, 0x20, 0x00, 0x40, 0x79, 0xFC, 0x49, 0x04, 0x49, 0x04, 0x49, 0x04, 0x49, 0xFC, 0x49, 0x04,
    0x49, 0x04, 0x49, 0x04, 0x49, 0xFC, 0x79, 0x04, 0x49, 0x04, 0x01, 0x04, 0x01, 0xFC, 0x01, 0x04,
    0x02, 0x08, 0x01, 0x08, 0x79, 0x10, 0x48, 0x00, 0x4B, 0xFC, 0x48, 0x40, 0x48, 0x40, 0x48, 0x40,
    0x4F, 0xFE, 0x48, 0x40, 0x78, 0x40, 0x48, 0xA0, 0x00, 0xA0, 0x01, 0x10, 0x02, 0x08, 0x04, 0x06,
    0x00, 0x40, 0x00, 0x20, 0xF0, 0x20, 0x97, 0xFE, 0x90, 0x40, 0x90, 0x84, 0x91, 0x08, 0x93, 0xF0,
    0x90, 0x22, 0x90, 0x44, 0xF1, 0x88, 0x96, 0x10, 0x00, 0x20, 0x00, 0x50, 0x01, 0x88, 0x06, 0x04,
    0x00, 0x40, 0x00, 0x40, 0x78, 0x40, 0x4B, 0xFE, 0x48, 0x80, 0x48, 0x90, 0x48, 0x90, 0x49, 0x12,
    0x49, 0x52, 0x49, 0x54, 0x7A, 0x90, 0x4A, 0x28, 0x04, 0x28, 0x00, 0x44, 0x00, 0x84, 0x01, 0x02,
    0x00, 0x20, 0x00, 0x20, 0x7B, 0xFE, 0x48, 0x50, 0x48, 0x88, 0x49, 0x04, 0x4A, 0xFA, 0x48, 0x00,
    0x4B, 0xFE, 0x48, 0x40, 0x78, 0x80, 0x49, 0xFC, 0x00, 0x04, 0x00, 0x04, 0x00, 0x28, 0x00, 0x10,
    0x00, 0x08, 0x00, 0x3C, 0x79, 0xE0, 0x48, 0x20, 0x48, 0x20, 0x4B, 0xFE, 0x48, 0x20, 0x48, 0x20,
    0x48, 0x20, 0x49, 0xFC, 0x79, 0x04, 0x49, 0x04, 0x01, 0x04, 0x01, 0x04, 0x01, 0xFC, 0x01, 0x04,
    0x00, 0x90, 0x00, 0x90, 0x78, 0x90, 0x4A, 0x92, 0x49, 0x94, 0x48, 0x98, 0x48, 0x90, 0x49, 0x98,
    0x4A, 0x94, 0x4C, 0x92, 0x78, 0x90, 0x48, 0x90, 0x01, 0x12, 0x01, 0x12, 0x02, 0x12, 0x04, 0x0E,
    0x00, 0x50, 0x00, 0x48, 0x00, 0x40, 0x3F, 0xFE, 0x20, 0x40, 0x20, 0x40, 0x2F, 0x44, 0x20, 0x44,
    0x20, 0x44, 0x2F, 0x28, 0x29, 0x28, 0x29, 0x12, 0x2F, 0x32, 0x49, 0x4A, 0x40, 0x86, 0x81, 0x02,
    0x00, 0x40, 0x00, 0x20, 0x78, 0x20, 0x4B, 0xFE, 0x4A, 0x02, 0x4C, 0x44, 0x48, 0x40, 0x4B, 0xFE,
    0x48, 0x88, 0x48, 0x88, 0x79, 0x08, 0x48, 0xD0, 0x00, 0x20, 0x00, 0x50, 0x00, 0x88, 0x03, 0x04,
    0x00, 0x00, 0x03, 0xFE, 0x78, 0x00, 0x48, 0x00, 0x49, 0xFC, 0x49, 0x04, 0x49, 0x04, 0x49, 0xFC,
    0x49, 0x04, 0x49, 0x04, 0x79, 0xFC, 0x49, 0x04, 0x00, 0x00, 0x00, 0x00, 0x03, 0xFE, 0x00, 0x00,
    0x00, 0x90, 0x00, 0x90, 0x78, 0x90, 0x49, 0x10, 0x49, 0xFE, 0x4B, 0x10, 0x4D, 0x10, 0x49, 0x38,
    0x49, 0x38, 0x49, 0x54, 0x79, 0x54, 0x49, 0x92, 0x01, 0x10, 0x01, 0x10, 0x01, 0x10, 0x01, 0x10,
    0x00, 0x00, 0x1F, 0xF0, 0x10, 0x10, 0x10, 0x10, 0x1F, 0x90, 0x10, 0x90, 0x10, 0x90, 0x7F, 0xFC,
    0x40, 0x04, 0x40, 0x04, 0x4F, 0xE4, 0x48, 0x24, 0x48, 0x24, 0x4F, 0xE4, 0x40, 0x04, 0x40, 0x0C,
    0x00, 0x00, 0x07, 0xFC, 0xF4, 0x04, 0x94, 0x44, 0x94, 0x44, 0x94, 0x44, 0x97, 0xFC, 0x94, 0x44,
    0x94, 0x44, 0x94, 0xA4, 0xF4, 0x94, 0x95, 0x14, 0x06, 0x04, 0x04, 0x04, 0x07, 0xFC, 0x04, 0x04,
    0x00, 0x40, 0x00, 0x40, 0x78, 0x44, 0x4B, 0xF4, 0x48, 0x48, 0x48, 0x50, 0x4F, 0xFE, 0x48, 0x40,
    0x48, 0x80, 0x49, 0x84, 0x4A, 0x98, 0x7C, 0xE0, 0x48, 0x82, 0x00, 0x82, 0x00, 0x7E, 0x00, 0x00,
    0x01, 0x00, 0x01, 0x7C, 0xF1, 0x24, 0x92, 0x24, 0x92, 0x24, 0x96, 0xFE, 0x9A, 0x24, 0x92, 0x24,
    0x92, 0x24, 0x92, 0x7C, 0xF2, 0x24, 0x92, 0x20, 0x02, 0x20, 0x02, 0x20, 0x02, 0x40, 0x02, 0x80,
    0x02, 0x00, 0x01, 0x00, 0xFF, 0xFE, 0x00, 0x00, 0x00, 0x00, 0x1F, 0xF0, 0x10, 0x10, 0x10, 0x10,
    0x1F, 0xF0, 0x02, 0x80, 0x04, 0x44, 0x0C, 0x28, 0x34, 0x10, 0xC5, 0x08, 0x06, 0x06, 0x04, 0x00,
    0x00, 0x00, 0x1F, 0xF0, 0x10, 0x10, 0x10, 0x10, 0x10, 0x10, 0x10, 0x10, 0x1F, 0xF0, 0x00, 0x00,
    0x00, 0x00, 0x7C, 0x7C, 0x44, 0x44, 0x44, 0x44, 0x44, 0x44, 0x44, 0x44, 0x7C, 0x7C, 0x44, 0x44,
    0x00, 0x00, 0x07, 0xFE, 0x78, 0x90, 0x48, 0x90, 0x48, 0x90, 0x4B, 0xFC, 0x4A, 0x94, 0x4A, 0x94,
    0x4A, 0x94, 0x4A, 0x94, 0x7A, 0x9C, 0x4B, 0x04, 0x02, 0x04, 0x02, 0x04, 0x03, 0xFC, 0x02, 0x04,
    0x00, 0x00, 0x03, 0xFC, 0x7A, 0x04, 0x4A, 0x04, 0x4A, 0xF4, 0x4A, 0x04, 0x4A, 0x04, 0x4A, 0xF4,
    0x4A, 0x94, 0x4A, 0x94, 0x7A, 0x94, 0x4A, 0xF4, 0x02, 0x04, 0x02, 0x04, 0x02, 0x14, 0x02, 0x08,
    0x01, 0x10, 0x01, 0x10, 0x79, 0x10, 0x49, 0x10, 0x4B, 0xFC, 0x49, 0x10, 0x49, 0x10, 0x49, 0x10,
    0x49, 0x10, 0x4F, 0xFE, 0x78, 0x00, 0x49, 0x10, 0x01, 0x08, 0x02, 0x08, 0x04, 0x04, 0x08, 0x04,
    0x01, 0x00, 0x01, 0x00, 0x79, 0x00, 0x49, 0xFE, 0x4A, 0x02, 0x4A, 0x02, 0x4D, 0x12, 0x48, 0xA2,
    0x4A, 0x4A, 0x4A, 0xAA, 0x7B, 0x1A, 0x4A, 0x0A, 0x03, 0xFA, 0x00, 0x02, 0x00, 0x14, 0x00, 0x08,
    0x00, 0x80, 0x00, 0x80, 0xF1, 0xF8, 0x92, 0x10, 0x95, 0x20, 0x90, 0xC0, 0x90, 0x90, 0x93, 0x20,
    0x9C, 0x7C, 0x90, 0x84, 0xF1, 0x08, 0x96, 0x90, 0x00, 0x60, 0x00, 0x40, 0x01, 0x80, 0x0E, 0x00,
    0x00, 0x20, 0x00, 0x20, 0x79, 0xFC, 0x48, 0x20, 0x48, 0x20, 0x48, 0x20, 0x4B, 0xFE, 0x48, 0x00,
    0x48, 0x20, 0x48, 0x20, 0x79, 0xFC, 0x48, 0x20, 0x00, 0x20, 0x00, 0x20, 0x03, 0xFE, 0x00, 0x00,
    0x00, 0x40, 0x00, 0x40, 0x00, 0xA0, 0x79, 0x10, 0x4A, 0x08, 0x4C, 0x06, 0x4B, 0xF8, 0x48, 0x00,
    0x48, 0x00, 0x4B, 0xF8, 0x7A, 0x08, 0x4A, 0x08, 0x02, 0x08, 0x02, 0x08, 0x03, 0xF8, 0x02, 0x08,
    0x08, 0x40, 0x08, 0x48, 0x08, 0x44, 0x7F, 0x44, 0x08, 0x40, 0x08, 0x40, 0xFF, 0xFE, 0x00, 0x40,
    0x00, 0x44, 0x3E, 0x44, 0x22, 0x28, 0x22, 0x2A, 0x22, 0x12, 0x3E, 0x2A, 0x22, 0x46, 0x00, 0x82,
    0x00, 0x40, 0x00, 0x40, 0xF7, 0xFE, 0x90, 0x80, 0x91, 0x00, 0x91, 0xFC, 0x93, 0x04, 0x95, 0x04,
    0x99, 0xFC, 0x91, 0x04, 0xF1, 0x04, 0x91, 0xFC, 0x01, 0x04, 0x01, 0x04, 0x01, 0x14, 0x01, 0x08,
    0x02, 0x10, 0x02, 0x50, 0x72, 0x50, 0x52, 0x5C, 0x5F, 0x74, 0x52, 0xD4, 0x52, 0x54, 0x52, 0x54,
    0x52, 0x54, 0x52, 0x5C, 0x72, 0x50, 0x53, 0x52, 0x0E, 0x42, 0x04, 0x42, 0x00, 0x3E, 0x00, 0x00,
    0x00, 0x08, 0x00, 0x3C, 0xF7, 0xC0, 0x94, 0x00, 0x94, 0x1C, 0x95, 0xE0, 0x95, 0x20, 0x95, 0x22,
    0x95, 0x24, 0x95, 0x28, 0xF5, 0x10, 0x95, 0x10, 0x05, 0x08, 0x09, 0x44, 0x09, 0x82, 0x11, 0x00,
    0x00, 0x40, 0x00, 0x40, 0x78, 0x80, 0x4B, 0xFC, 0x4A, 0x04, 0x4A, 0x04, 0x4A, 0xF4, 0x4A, 0x94,
    0x4A, 0x94, 0x4A, 0x94, 0x7A, 0x94, 0x4A, 0xF4, 0x02, 0x04, 0x02, 0x04, 0x02, 0x14, 0x02, 0x08,
    0x01, 0x10, 0x01, 0x10, 0x7B, 0xFC, 0x49, 0x10, 0x49, 0x10, 0x48, 0x00, 0x4A, 0x08, 0x4A, 0x08,
    0x49, 0x10, 0x49, 0x10, 0x78, 0xA0, 0x48, 0x40, 0x00, 0xA0, 0x01, 0x10, 0x02, 0x08, 0x0C, 0x06,
    0x00, 0x00, 0x03, 0xF8, 0x7A, 0x08, 0x4A, 0x08, 0x4B, 0xF8, 0x4A, 0x08, 0x4A, 0x08, 0x4B, 0xF8,
    0x4A, 0x44, 0x4A, 0x48, 0x7A, 0x30, 0x4A, 0x20, 0x02, 0x10, 0x02, 0x88, 0x03, 0x06, 0x02, 0x00,
    0x00, 0x00, 0x03, 0xFE, 0x7A, 0x00, 0x4A, 0x00, 0x4B, 0xFC, 0x4A, 0x20, 0x4A, 0x20, 0x4A, 0xF8,
    0x4A, 0x20, 0x4A, 0x20, 0x7A, 0x20, 0x4B, 0xFC, 0x02, 0x00, 0x02, 0x00, 0x03, 0xFE, 0x00, 0x00,
    0x00, 0x00, 0x03, 0xFC, 0x78, 0x90, 0x48, 0x90, 0x48, 0x90, 0x48, 0x92, 0x4C, 0x92, 0x4A, 0x94,
    0x4A, 0x94, 0x4A, 0x98, 0x78, 0x90, 0x48, 0x90, 0x00, 0x90, 0x00, 0x90, 0x07, 0xFE, 0x00, 0x00,
    0x00, 0x10, 0x02, 0x10, 0x79, 0x10, 0x49, 0x10, 0x48, 0xFE, 0x48, 0x10, 0x4B, 0x10, 0x49, 0x28,
    0x49, 0x24, 0x49, 0x44, 0x79, 0x42, 0x49, 0x82, 0x01, 0x00, 0x02, 0x80, 0x04, 0x7E, 0x00, 0x00,
    0x00, 0x80, 0x00, 0x80, 0x78, 0xBC, 0x4B, 0xC0, 0x48, 0x50, 0x48, 0x24, 0x48, 0xD4, 0x4B, 0x0C,
    0x48, 0x00, 0x4B, 0xFE, 0x78, 0x90, 0x48, 0x90, 0x01, 0x12, 0x01, 0x12, 0x02, 0x0E, 0x04, 0x00,
    0x01, 0x10, 0x01, 0x12, 0x79, 0x14, 0x49, 0xD8, 0x49, 0x10, 0x49, 0x12, 0x49, 0x52, 0x49, 0x8E,
    0x49, 0x20, 0x48, 0x20, 0x7B, 0xFE, 0x48, 0x20, 0x00, 0x20, 0x00, 0x20, 0x00, 0x20, 0x00, 0x20,
    0x00, 0x20, 0x01, 0x24, 0x79, 0x24, 0x49, 0x24, 0x49, 0xFC, 0x48, 0x40, 0x48, 0x40, 0x48, 0xFC,
    0x49, 0x04, 0x4A, 0x84, 0x78, 0x48, 0x48, 0x50, 0x00, 0x20, 0x00, 0x40, 0x00, 0x80, 0x03, 0x00,
    0x00, 0x80, 0x00, 0x80, 0x78, 0xFE, 0x49, 0x10, 0x4A, 0x10, 0x48, 0x10, 0x48, 0xFC, 0x48, 0x90,
    0x48, 0x90, 0x48, 0x90, 0x7B, 0xFE, 0x48, 0x10, 0x00, 0x10, 0x00, 0x10, 0x00, 0x10, 0x00, 0x10,
    0x00, 0x90, 0x00, 0x94, 0x79, 0x14, 0x49, 0x18, 0x4B, 0x10, 0x4D, 0x32, 0x49, 0x52, 0x49, 0x0E,
    0x49, 0x20, 0x48, 0x20, 0x7B, 0xFE, 0x48, 0x20, 0x00, 0x20, 0x00, 0x20, 0x00, 0x20, 0x00, 0x20,
    0x00, 0x80, 0x00, 0x80, 0x79, 0x3C, 0x4A, 0x00, 0x4C, 0x80, 0x48, 0x80, 0x49, 0x7E, 0x4B, 0x08,
    0x4D, 0x08, 0x49, 0x08, 0x79, 0x08, 0x49, 0x08, 0x01, 0x08, 0x01, 0x08, 0x01, 0x28, 0x01, 0x10,
    0x00, 0x40, 0x00, 0x40, 0x78, 0xA0, 0x49, 0x10, 0x4A, 0x08, 0x4C, 0x06, 0x49, 0xF0, 0x48, 0x00,
    0x48, 0x00, 0x4F, 0xFC, 0x78, 0x40, 0x48, 0x80, 0x01, 0x10, 0x02, 0x08, 0x07, 0xFC, 0x02, 0x04,
    0x00, 0x00, 0x01, 0xF0, 0x79, 0x10, 0x49, 0x10, 0x49, 0x10, 0x49, 0x10, 0x4A, 0x4E, 0x4C, 0x40,
    0x4B, 0xFC, 0x48, 0x40, 0x78, 0xE0, 0x49, 0x50, 0x02, 0x48, 0x04, 0x46, 0x00, 0x40, 0x00, 0x40,
    0x00, 0x80, 0x7C, 0x88, 0x44, 0xB0, 0x44, 0xC4, 0x44, 0x84, 0x7C, 0x7C, 0x00, 0x00, 0x04, 0x40,
    0x08, 0x20, 0x10, 0x10, 0x2F, 0xE8, 0xC4, 0x26, 0x04, 0x20, 0x08, 0x20, 0x10, 0xA0, 0x60, 0x40,
    0x00, 0x40, 0x00, 0x20, 0x7B, 0xFE, 0x49, 0x04, 0x48, 0x88, 0x48, 0x50, 0x48, 0x20, 0x48, 0xD8,
    0x4B, 0x06, 0x48, 0x88, 0x78, 0x88, 0x48, 0x88, 0x00, 0x88, 0x01, 0x08, 0x01, 0x08, 0x02, 0x08,
    0x00, 0x40, 0x00, 0x40, 0xF0, 0x40, 0x97, 0xFC, 0x94, 0x84, 0x98, 0x88, 0x91, 0x40, 0x91, 0x44,
    0x93, 0x48, 0x95, 0x30, 0xF9, 0x20, 0x91, 0x10, 0x01, 0x08, 0x01, 0x44, 0x01, 0x82, 0x01, 0x00,
    0x00, 0x40, 0x00, 0x40, 0x78, 0x90, 0x49, 0x08, 0x4B, 0xFC, 0x48, 0x24, 0x49, 0x20, 0x49, 0x20,
    0x49, 0xFC, 0x4A, 0x20, 0x78, 0x20, 0x4F, 0xFE, 0x00, 0x20, 0x00, 0x20, 0x00, 0x20, 0x00, 0x20,
    0x02, 0x20, 0x02, 0x20, 0xF2, 0x20, 0x94, 0x3C, 0x95, 0x44, 0x9F, 0x44, 0x92, 0x84, 0x92, 0x24,
    0x94, 0x14, 0x9F, 0x94, 0xF4, 0x04, 0x90, 0x04, 0x01, 0x84, 0x0E, 0x04, 0x04, 0x28, 0x00, 0x10,
    0x00, 0x20, 0x01, 0x20, 0x79, 0x20, 0x49, 0xFE, 0x4A, 0x20, 0x4C, 0x20, 0x48, 0x20, 0x4B, 0xFE,
    0x48, 0x00, 0x48, 0x00, 0x79, 0xFC, 0x49, 0x04, 0x01, 0x04, 0x01, 0x04, 0x01, 0xFC, 0x01, 0x04,
    0x00, 0x00, 0x1F, 0xF0, 0x10, 0x10, 0x10, 0x10, 0x1F, 0xF0, 0x00, 0x00, 0x3F, 0xF8, 0x20, 0x08,
    0x3F, 0xF8, 0x20, 0x08, 0x3F, 0xF8, 0x20, 0x08, 0x3F, 0xF8, 0x08, 0x20, 0x10, 0x10, 0x20, 0x08,
    0x00, 0x00, 0x03, 0xFE, 0x78, 0x20, 0x48, 0x20, 0x49, 0xFC, 0x48, 0x20, 0x48, 0x20, 0x4B, 0xFE,
    0x48, 0x88, 0x48, 0x88, 0x7B, 0xFE, 0x48, 0x88, 0x00, 0x88, 0x01, 0x08, 0x01, 0x08, 0x02, 0x08,
    0x00, 0x00, 0x03, 0xFC, 0x78, 0x00, 0x48, 0x00, 0x49, 0xF8, 0x49, 0x08, 0x49, 0x08, 0x49, 0x08,
    0x49, 0xF8, 0x48, 0x00, 0x79, 0x08, 0x48, 0x88, 0x00, 0x90, 0x00, 0x00, 0x07, 0xFE, 0x00, 0x00,
    0x01, 0x10, 0x01, 0x08, 0x79, 0x00, 0x4F, 0xFE, 0x49, 0x48, 0x49, 0x50, 0x49, 0x64, 0x49, 0x48,
    0x49, 0x50, 0x4A, 0x64, 0x7A, 0x48, 0x4A, 0x52, 0x04, 0x62, 0x04, 0x42, 0x09, 0xBE, 0x10, 0x00,
    0x00, 0x00, 0x7F, 0xFC, 0x00, 0x10, 0x1F, 0x90, 0x10, 0x90, 0x10, 0x90, 0x1F, 0x90, 0x00, 0x00,
    0xFF, 0xFE, 0x00, 0x10, 0x1F, 0x90, 0x10, 0x90, 0x10, 0x90, 0x1F, 0x90, 0x00, 0x50, 0x00, 0x20,
    0x00, 0x28, 0x01, 0xA4, 0xF7, 0x24, 0x91, 0x20, 0x91, 0x20, 0x9F, 0xFE, 0x91, 0x20, 0x91, 0x24,
    0x91, 0xA4, 0x93, 0x28, 0xFD, 0x28, 0x91, 0x10, 0x01, 0x12, 0x01, 0x2A, 0x05, 0x46, 0x02, 0x82,
    0x00, 0x20, 0x00, 0x20, 0x79, 0xFC, 0x48, 0x20, 0x48, 0x20, 0x48, 0x20, 0x4B, 0xFE, 0x48, 0x48,
    0x48, 0x48, 0x49, 0x4C, 0x79, 0x4A, 0x4A, 0x4A, 0x00, 0x88, 0x00, 0x88, 0x01, 0x28, 0x02, 0x10,
    0x00, 0x20, 0x01, 0x24, 0x78, 0xA4, 0x48, 0xA8, 0x48, 0x20, 0x49, 0xFC, 0x49, 0x04, 0x49, 0x04,
    0x49, 0xFC, 0x49, 0x04, 0x79, 0x04, 0x49, 0xFC, 0x01, 0x04, 0x01, 0x04, 0x01, 0x14, 0x01, 0x08,
    0x00, 0x00, 0x07, 0xFC, 0xF4, 0x44, 0x94, 0x44, 0x97, 0xFC, 0x94, 0x44, 0x94, 0x44, 0x97, 0xFC,
    0x90, 0x40, 0x90, 0x40, 0xF7, 0xFC, 0x90, 0x40, 0x00, 0x40, 0x00, 0x40, 0x0F, 0xFE, 0x00, 0x00,
    0x00, 0x00, 0x0F, 0xDE, 0x72, 0x52, 0x52, 0x52, 0x52, 0x54, 0x57, 0xD4, 0x52, 0x58, 0x52, 0x54,
    0x52, 0x52, 0x5F, 0xD2, 0x72, 0x52, 0x52, 0x5A, 0x02, 0x54, 0x04, 0x50, 0x05, 0x50, 0x08, 0x90,
    0x00, 0x00, 0x01, 0xFC, 0x79, 0x04, 0x49, 0x04, 0x49, 0x04, 0x49, 0xFC, 0x48, 0x20, 0x48, 0x20,
    0x49, 0x20, 0x49, 0x3C, 0x79, 0x20, 0x49, 0x20, 0x02, 0xA0, 0x02, 0x60, 0x04, 0x3E, 0x08, 0x00,
    0x01, 0x00, 0x01, 0x00, 0x79, 0xFE, 0x4A, 0x04, 0x4A, 0x04, 0x4E, 0xF4, 0x4A, 0x94, 0x4A, 0x94,
    0x4A, 0x94, 0x4A, 0x94, 0x7A, 0xF4, 0x4A, 0x94, 0x02, 0x04, 0x02, 0x04, 0x02, 0x14, 0x02, 0x08,
    0x00, 0x00, 0x3C, 0x78, 0x24, 0x48, 0x24, 0x48, 0x24, 0x48, 0x3C, 0x78, 0x00, 0x00, 0x01, 0x10,
    0x01, 0x08, 0xFF, 0xFE, 0x01, 0x00, 0x02, 0x80, 0x04, 0x40, 0x08, 0x20, 0x30, 0x18, 0xC0, 0x06,
    0x00, 0x40, 0x00, 0x44, 0x7B, 0xF4, 0x48, 0x48, 0x48, 0x48, 0x4F, 0xFE, 0x48, 0x20, 0x48, 0x40,
    0x4B, 0xF8, 0x49, 0x10, 0x7A, 0x20, 0x4D, 0xFE, 0x08, 0x20, 0x00, 0x20, 0x00, 0xA0, 0x00, 0x40,
    0x00, 0x00, 0x01, 0xFC, 0x79, 0x04, 0x49, 0x04, 0x49, 0xFC, 0x49, 0x04, 0x49, 0x04, 0x49, 0xFC,
    0x49, 0x04, 0x49, 0x04, 0x79, 0xFC, 0x48, 0x50, 0x00, 0x90, 0x00, 0x92, 0x01, 0x12, 0x02, 0x0E,
    0x00, 0x40, 0x00, 0x20, 0x7B, 0xFE, 0x4A, 0x02, 0x4C, 0x24, 0x49, 0x20, 0x49, 0xFC, 0x49, 0x20,
    0x4A, 0x20, 0x48, 0x20, 0x7B, 0xFE, 0x48, 0x20, 0x00, 0x20, 0x00, 0x20, 0x00, 0x20, 0x00, 0x20,
    0x00, 0x20, 0x00, 0x20, 0x7B, 0xFE, 0x48, 0x20, 0x48, 0x20, 0x4B, 0xFE, 0x4A, 0x02, 0x4C, 0x04,
    0x49, 0xF8, 0x48, 0x10, 0x78, 0x20, 0x4B, 0xFE, 0x00, 0x20, 0x00, 0x20, 0x00, 0xA0, 0x00, 0x40,
    0x08, 0x0C, 0x08, 0xF0, 0x7E, 0x80, 0x08, 0x80, 0x0E, 0xFE, 0x78, 0x88, 0x08, 0x88, 0x29, 0x08,
    0x12, 0x08, 0x00, 0x00, 0x1F, 0xF0, 0x10, 0x10, 0x10, 0x10, 0x10, 0x10, 0x1F, 0xF0, 0x10, 0x10,
    0x02, 0x08, 0x02, 0x1C, 0x72, 0x60, 0x52, 0x40, 0x5F, 0xC0, 0x52, 0x40, 0x52, 0x7E, 0x52, 0xC8,
    0x53, 0x48, 0x5E, 0x48, 0x72, 0x48, 0x52, 0x48, 0x02, 0x48, 0x02, 0x48, 0x0A, 0x88, 0x05, 0x08,
    0x00, 0x80, 0x00, 0x40, 0x7B, 0xF8, 0x4A, 0x08, 0x4A, 0x08, 0x4B, 0xF8, 0x4A, 0x08, 0x4A, 0x08,
    0x4B, 0xF8, 0x4A, 0x40, 0x7A, 0x44, 0x4A, 0x28, 0x02, 0x10, 0x02, 0x88, 0x03, 0x06, 0x02, 0x00,
    0x00, 0x02, 0x03, 0xE2, 0x7A, 0x22, 0x4A, 0x2A, 0x4A, 0x2A, 0x4B, 0xEA, 0x49, 0x0A, 0x49, 0x0A,
    0x4B, 0xEA, 0x49, 0x2A, 0x79, 0x2A, 0x49, 0x2A, 0x02, 0x22, 0x02, 0x22, 0x04, 0xAA, 0x08, 0x44,
    0x00, 0x88, 0x00, 0x88, 0x78, 0x88, 0x4B, 0x8E, 0x48, 0x88, 0x48, 0x88, 0x48, 0x00, 0x49, 0xFC,
    0x48, 0x20, 0x48, 0x20, 0x7B, 0xFE, 0x48, 0x20, 0x00, 0x20, 0x00, 0x20, 0x00, 0x20, 0x00, 0x20,
    0x00, 0x08, 0x00, 0x3C, 0x7B, 0xC0, 0x48, 0x44, 0x4A, 0x24, 0x49, 0x28, 0x49, 0x00, 0x48, 0x10,
    0x4B, 0xFE, 0x48, 0x10, 0x79, 0x10, 0x48, 0x90, 0x00, 0x90, 0x00, 0x10, 0x00, 0x50, 0x00, 0x20,
    0x00, 0x08, 0x00, 0x3C, 0x7B, 0xC0, 0x48, 0x44, 0x4A, 0x24, 0x49, 0x28, 0x49, 0x00, 0x48, 0x40,
    0x4B, 0xFE, 0x48, 0x88, 0x79, 0x08, 0x4B, 0x90, 0x00, 0x60, 0x00, 0x50, 0x01, 0x88, 0x06, 0x04,
    0x00, 0x08, 0x00, 0x3C, 0x7B, 0xC0, 0x48, 0x04, 0x4A, 0x44, 0x49, 0x28, 0x48, 0x00, 0x4B, 0xF8,
    0x48, 0x10, 0x48, 0x20, 0x4F, 0xFE, 0x78, 0x20, 0x48, 0x20, 0x00, 0x20, 0x00, 0xA0, 0x00, 0x40,
    0x00, 0x48, 0x00, 0x44, 0xF7, 0xFE, 0x90, 0x40, 0x90, 0x40, 0x93, 0xFC, 0x92, 0x44, 0x92, 0x44,
    0x93, 0xFC, 0x92, 0x44, 0xF2, 0x44, 0x93, 0xFC, 0x02, 0x44, 0x02, 0x44, 0x02, 0x54, 0x02, 0x08,
    0x00, 0x00, 0x01, 0xFC, 0x79, 0x04, 0x49, 0xFC, 0x49, 0x04, 0x49, 0xFC, 0x48, 0x00, 0x48, 0x00,
    0x49, 0xFC, 0x48, 0x20, 0x78, 0x20, 0x4B, 0xFE, 0x00, 0x20, 0x00, 0x20, 0x00, 0x20, 0x00, 0x20,
    0x00, 0x40, 0x00, 0x20, 0x7B, 0xFE, 0x48, 0x00, 0x49, 0xF8, 0x49, 0x08, 0x49, 0x08, 0x49, 0xF8,
    0x48, 0x00, 0x4B, 0xFC, 0x78, 0x08, 0x48, 0x30, 0x00, 0x20, 0x00, 0x20, 0x00, 0xA0, 0x00, 0x40,
    0x00, 0x00, 0x07, 0xFE, 0xF0, 0x40, 0x97, 0xFC, 0x94, 0x44, 0x94, 0x44, 0x97, 0xFC, 0x94, 0x44,
    0x94, 0x44, 0x97, 0xFC, 0xF2, 0x40, 0x91, 0x40, 0x00, 0x80, 0x01, 0x40, 0x02, 0x30, 0x0C, 0x0E,
    0x01, 0x04, 0x00, 0x84, 0x78, 0x88, 0x48, 0x10, 0x49, 0xFC, 0x49, 0x04, 0x49, 0x04, 0x49, 0x04,
    0x49, 0xFC, 0x48, 0x50, 0x78, 0x50, 0x48, 0x90, 0x00, 0x92, 0x01, 0x12, 0x02, 0x0E, 0x04, 0x00,
    0x08, 0x00, 0x08, 0x00, 0x7F, 0x7C, 0x11, 0x44, 0x11, 0x44, 0x25, 0x44, 0x42, 0x7C, 0x00, 0x00,
    0xFF, 0xFE, 0x00, 0x10, 0x1F, 0x90, 0x10, 0x90, 0x10, 0x90, 0x1F, 0x90, 0x00, 0x50, 0x00, 0x20,
    0x00, 0x1C, 0x01, 0xE0, 0x78, 0x20, 0x48, 0x20, 0x4B, 0xFE, 0x48, 0xA8, 0x49, 0x24, 0x4A, 0x22,
    0x49, 0xF8, 0x48, 0x88, 0x78, 0x90, 0x48, 0xBE, 0x01, 0x02, 0x01, 0x02, 0x02, 0x14, 0x04, 0x08,
    0x00, 0x40, 0x00, 0x20, 0x7B, 0xFE, 0x48, 0x00, 0x48, 0x00, 0x49, 0xFC, 0x48, 0x00, 0x48, 0x00,
    0x49, 0xFC, 0x48, 0x00, 0x78, 0x00, 0x49, 0xFC, 0x01, 0x04, 0x01, 0x04, 0x01, 0xFC, 0x01, 0x04,
    0x01, 0x10, 0x01, 0x08, 0xF2, 0x04, 0x94, 0x44, 0x90, 0x40, 0x90, 0xA0, 0x91, 0x10, 0x92, 0x08,
    0x9C, 0x06, 0x93, 0xF8, 0xF2, 0x08, 0x92, 0x08, 0x02, 0x08, 0x02, 0x08, 0x03, 0xF8, 0x02, 0x08,
    0x01, 0x00, 0x01, 0x00, 0x7B, 0xF8, 0x4A, 0x08, 0x4C, 0x10, 0x4B, 0xFC, 0x4A, 0x44, 0x4A, 0x44,
    0x4B, 0xFC, 0x4A, 0x44, 0x7A, 0x44, 0x4B, 0xFC, 0x02, 0x44, 0x04, 0x44, 0x04, 0x54, 0x08, 0x08,
    0x00, 0x00, 0x01, 0xFC, 0x79, 0x04, 0x49, 0x04, 0x49, 0xFC, 0x49, 0x04, 0x49, 0x04, 0x49, 0xFC,
    0x49, 0x04, 0x49, 0x04, 0x49, 0xFC, 0x78, 0x00, 0x48, 0x88, 0x00, 0x84, 0x01, 0x02, 0x02, 0x02,
    0x00, 0x40, 0x00, 0x40, 0x78, 0xA0, 0x49, 0x10, 0x4A, 0x88, 0x4C, 0x46, 0x49, 0xF0, 0x48, 0x10,
    0x48, 0x20, 0x48, 0x40, 0x7B, 0xF8, 0x4A, 0x08, 0x02, 0x08, 0x02, 0x08, 0x03, 0xF8, 0x02, 0x08,
    0x00, 0x40, 0x00, 0x40, 0x78, 0x88, 0x49, 0x04, 0x4B, 0xFE, 0x48, 0x02, 0x48, 0x88, 0x49, 0x44,
    0x4A, 0x42, 0x48, 0xF8, 0x79, 0x88, 0x4A, 0x50, 0x00, 0x20, 0x00, 0x50, 0x01, 0x88, 0x06, 0x06,
    0x00, 0x00, 0x3F, 0xFC, 0x20, 0x00, 0x2F, 0xF8, 0x20, 0x00, 0x3F, 0xFE, 0x24, 0x88, 0x24, 0x50,
    0x25, 0x30, 0x26, 0x0E, 0x20, 0x00, 0x2F, 0xF8, 0x48, 0x08, 0x48, 0x08, 0x8F, 0xF8, 0x08, 0x08,
    0x00, 0x00, 0x01, 0xF8, 0x79, 0x08, 0x49, 0x08, 0x49, 0xF8, 0x48, 0x00, 0x4B, 0xFC, 0x4A, 0x44,
    0x4A, 0x44, 0x4A, 0x44, 0x7B, 0xFC, 0x4A, 0x00, 0x02, 0x02, 0x02, 0x02, 0x01, 0xFE, 0x00, 0x00,
    0x00, 0x40, 0x00, 0x80, 0xF1, 0x10, 0x92, 0x08, 0x97, 0xFC, 0x91, 0x04, 0x91, 0x00, 0x93, 0xF8,
    0x94, 0x40, 0x90, 0x40, 0x9F, 0xFE, 0xF0, 0x40, 0x90, 0xA0, 0x01, 0x10, 0x02, 0x08, 0x0C, 0x06,
    0x00, 0x20, 0x00, 0x20, 0x78, 0x20, 0x4B, 0xFE, 0x48, 0x20, 0x48, 0x20, 0x49, 0x24, 0x49, 0x24,
    0x49, 0x24, 0x4A, 0xAA, 0x78, 0x20, 0x48, 0x50, 0x00, 0x50, 0x00, 0x88, 0x01, 0x04, 0x02, 0x02,
    0x00, 0x20, 0x00, 0x20, 0x78, 0x50, 0x48, 0x88, 0x49, 0x04, 0x4A, 0xFA, 0x48, 0x20, 0x48, 0x20,
    0x4B, 0xFE, 0x48, 0x20, 0x79, 0x28, 0x49, 0x24, 0x02, 0x22, 0x04, 0x22, 0x00, 0xA0, 0x00, 0x40,
    0x00, 0x04, 0x00, 0x0E, 0x7B, 0xB8, 0x48, 0x88, 0x48, 0x88, 0x49, 0x28, 0x49, 0x2E, 0x4B, 0xA8,
    0x48, 0xA8, 0x4A, 0xA8, 0x7A, 0xA8, 0x49, 0x3E, 0x01, 0x00, 0x02, 0x80, 0x04, 0x7E, 0x08, 0x00,
    0x00, 0x40, 0x00, 0x20, 0x7B, 0xFE, 0x4A, 0x02, 0x4C, 0x04, 0x49, 0xF8, 0x48, 0x00, 0x48, 0x00,
    0x4B, 0xFE, 0x48, 0x90, 0x78, 0x90, 0x48, 0x90, 0x01, 0x12, 0x01, 0x12, 0x02, 0x0E, 0x04, 0x00,
    0x00, 0x42, 0x00, 0xE2, 0x7B, 0x82, 0x48, 0x8A, 0x48, 0x8A, 0x48, 0x8A, 0x4F, 0xEA, 0x48, 0x8A,
    0x49, 0x8A, 0x49, 0xCA, 0x7A, 0xAA, 0x4A, 0x82, 0x04, 0x82, 0x00, 0x82, 0x00, 0x8A, 0x00, 0x84,
    0x01, 0x84, 0x00, 0x68, 0x78, 0x30, 0x48, 0xC8, 0x4B, 0x04, 0x48, 0x40, 0x4B, 0xFE, 0x48, 0xA0,
    0x49, 0x20, 0x4B, 0xFC, 0x7D, 0x24, 0x49, 0x24, 0x01, 0x34, 0x01, 0x28, 0x00, 0x20, 0x00, 0x20,
    0x01, 0x00, 0x00, 0x80, 0x3F, 0xFE, 0x20, 0x80, 0x2F, 0xF8, 0x20, 0x88, 0x3F, 0xFE, 0x20, 0x88,
    0x2F, 0xF8, 0x20, 0x80, 0x2F, 0xF8, 0x28, 0x08, 0x48, 0x08, 0x48, 0x08, 0x8F, 0xF8, 0x08, 0x08,
    0x00, 0x40, 0x00, 0x40, 0xF2, 0x48, 0x92, 0x48, 0x92, 0x48, 0x95, 0x54, 0x98, 0xE2, 0x90, 0x40,
    0x90, 0x40, 0x97, 0xFC, 0xF0, 0x40, 0x90, 0x40, 0x00, 0x40, 0x00, 0x40, 0x0F, 0xFE, 0x00, 0x00,
    0x00, 0x00, 0x0F, 0xFE, 0xF0, 0xA0, 0x90, 0xA0, 0x97, 0xFC, 0x94, 0xA4, 0x94, 0xA4, 0x94, 0xA4,
    0x95, 0x1C, 0x96, 0x04, 0xF4, 0x04, 0x97, 0xFC, 0x04, 0x04, 0x04, 0x04, 0x07, 0xFC, 0x04, 0x04,
    0x00, 0x20, 0x00, 0x20, 0x7B, 0xFE, 0x48, 0x20, 0x49, 0xFC, 0x49, 0x24, 0x49, 0x24, 0x49, 0xFC,
    0x49, 0x24, 0x49, 0x24, 0x49, 0xFC, 0x78, 0x20, 0x4B, 0xFE, 0x00, 0x20, 0x00, 0x20, 0x00, 0x20,
    0x00, 0x00, 0x07, 0xFC, 0xF0, 0x40, 0x90, 0x40, 0x93, 0xF8, 0x90, 0x88, 0x90, 0x88, 0x97, 0xFE,
    0x90, 0x00, 0x90, 0x00, 0xF3, 0xF8, 0x92, 0x08, 0x02, 0x08, 0x02, 0x08, 0x03, 0xF8, 0x02, 0x08,
    0x00, 0x20, 0x00, 0x40, 0x79, 0xFC, 0x49, 0x04, 0x49, 0x04, 0x49, 0xFC, 0x49, 0x04, 0x49, 0x04,
    0x49, 0xFC, 0x48, 0x20, 0x78, 0x20, 0x4B, 0xFE, 0x00, 0x20, 0x00, 0x20, 0x00, 0x20, 0x00, 0x20,
    0x00, 0x00, 0x03, 0xFC, 0x78, 0x90, 0x48, 0x90, 0x48, 0x90, 0x4B, 0xFC, 0x4A, 0x94, 0x4A, 0x94,
    0x4A, 0x94, 0x4A, 0x94, 0x7B, 0xFC, 0x48, 0x90, 0x00, 0x90, 0x00, 0x90, 0x07, 0xFE, 0x00, 0x00,
    0x00, 0x20, 0x00, 0x20, 0x79, 0xFC, 0x48, 0x20, 0x48, 0x20, 0x48, 0x20, 0x4B, 0xFE, 0x48, 0x20,
    0x48, 0x20, 0x49, 0x20, 0x79, 0x3C, 0x49, 0x20, 0x02, 0xA0, 0x02, 0x60, 0x04, 0x3E, 0x08, 0x00,
    0x00, 0x00, 0xFE, 0xFC, 0x10, 0x44, 0x20, 0x44, 0x3E, 0x28, 0x62, 0x10, 0xA2, 0x28, 0x3E, 0x44,
    0x22, 0x82, 0x00, 0x00, 0x1F, 0xF0, 0x10, 0x10, 0x10, 0x10, 0x10, 0x10, 0x1F, 0xF0, 0x10, 0x10,
    0x00, 0x10, 0x08, 0x90, 0x75, 0x10, 0x52, 0x12, 0x55, 0x52, 0x59, 0x54, 0x51, 0x58, 0x51, 0x90,
    0x53, 0x10, 0x55, 0x28, 0x79, 0x28, 0x51, 0x28, 0x01, 0x48, 0x01, 0x44, 0x0A, 0x84, 0x05, 0x02,
    0x00, 0x00, 0x01, 0xFC, 0x78, 0x04, 0x48, 0xFC, 0x48, 0x04, 0x49, 0xFC, 0x48, 0x00, 0x4B, 0xFE,
    0x4A, 0x02, 0x49, 0xF8, 0x78, 0x88, 0x48, 0x88, 0x00, 0x50, 0x00, 0x20, 0x00, 0xD8, 0x03, 0x06,
    0x00, 0x40, 0x00, 0x40, 0xF7, 0xFC, 0x90, 0x40, 0x93, 0xF8, 0x90, 0x40, 0x97, 0xFE, 0x90, 0x80,
    0x90, 0xF8, 0x91, 0x08, 0xF3, 0x10, 0x94, 0xA0, 0x00, 0x40, 0x00, 0xA0, 0x03, 0x18, 0x0C, 0x06,
    0x01, 0x00, 0x01, 0x00, 0x7F, 0xFC, 0x01, 0x00, 0x3F, 0xF8, 0x05, 0x40, 0x09, 0x20, 0x31, 0x18,
    0xC1, 0x06, 0x00, 0x00, 0x3E, 0x44, 0x22, 0x58, 0x22, 0x60, 0x22, 0x42, 0x3E, 0x42, 0x22, 0x3E,
    0x00, 0x00, 0x01, 0xFC, 0x78, 0x20, 0x48, 0x20, 0x4B, 0xFE, 0x48, 0x00, 0x48, 0x00, 0x49, 0xFC,
    0x49, 0x04, 0x49, 0x24, 0x79, 0x24, 0x49, 0x24, 0x01, 0x54, 0x00, 0x88, 0x01, 0x04, 0x06, 0x02,
    0x01, 0x04, 0x01, 0x24, 0x79, 0x14, 0x49, 0x14, 0x4F, 0xC4, 0x49, 0x24, 0x49, 0x14, 0x49, 0x54,
    0x49, 0x86, 0x4F, 0x3C, 0x79, 0x04, 0x49, 0x04, 0x01, 0x04, 0x01, 0x04, 0x05, 0x04, 0x02, 0x04,
    0x01, 0x00, 0x01, 0x00, 0x3F, 0xF8, 0x01, 0x00, 0x01, 0x00, 0xFF, 0xFE, 0x04, 0x00, 0x08, 0x20,
    0x1F, 0xF0, 0x00, 0x10, 0x3E, 0x44, 0x22, 0x58, 0x22, 0x60, 0x22, 0x42, 0x3E, 0x42, 0x22, 0x3E,
    0x00, 0x88, 0x00, 0x88, 0x7B, 0xFE, 0x48, 0x88, 0x48, 0x00, 0x4B, 0xFE, 0x4A, 0x02, 0x4C, 0x44,
    0x48, 0x40, 0x4B, 0xFC, 0x78, 0x44, 0x48, 0x84, 0x00, 0x84, 0x01, 0x04, 0x02, 0x28, 0x04, 0x10,
    0x00, 0x00, 0x03, 0xFE, 0x78, 0x50, 0x48, 0x50, 0x48, 0x50, 0x4B, 0xFE, 0x4A, 0x52, 0x4A, 0x52,
    0x4A, 0x52, 0x4A, 0xAA, 0x7A, 0xA6, 0x4B, 0x02, 0x02, 0x02, 0x02, 0x02, 0x02, 0x0A, 0x02, 0x04,
    0x00, 0x20, 0x01, 0x24, 0x78, 0xA4, 0x48, 0xA8, 0x48, 0x20, 0x49, 0xFC, 0x49, 0x04, 0x49, 0x24,
    0x49, 0x24, 0x49, 0x24, 0x79, 0x24, 0x49, 0x24, 0x00, 0x50, 0x00, 0x88, 0x01, 0x04, 0x02, 0x02,
    0x00, 0x20, 0x00, 0x40, 0x79, 0xFC, 0x49, 0x04, 0x49, 0x04, 0x49, 0xFC, 0x49, 0x04, 0x49, 0x04,
    0x49, 0xFC, 0x48, 0x40, 0x78, 0x40, 0x48, 0x7E, 0x07, 0xC0, 0x00, 0x42, 0x00, 0x42, 0x00, 0x3E,
    0x01, 0x00, 0x01, 0x00, 0xF1, 0xF0, 0x92, 0x10, 0x94, 0x20, 0x9B, 0xF8, 0x92, 0x48, 0x92, 0x48,
    0x92, 0x48, 0x92, 0x48, 0xF7, 0xFE, 0x90, 0xA0, 0x00, 0xA0, 0x01, 0x10, 0x02, 0x08, 0x0C, 0x06,
    0x00, 0x10, 0x04, 0x10, 0x7A, 0x28, 0x4A, 0x28, 0x48, 0x44, 0x49, 0x92, 0x49, 0x08, 0x49, 0x08,
    0x4A, 0xFE, 0x4E, 0x02, 0x7A, 0x04, 0x4A, 0x44, 0x02, 0x28, 0x02, 0x10, 0x02, 0x08, 0x00, 0x08,
    0x00, 0x10, 0x02, 0x10, 0x79, 0x10, 0x49, 0x10, 0x4C, 0x54, 0x4A, 0x52, 0x4A, 0x52, 0x48, 0x90,
    0x48, 0x10, 0x49, 0x14, 0x7E, 0x04, 0x4A, 0x08, 0x02, 0x08, 0x02, 0x10, 0x02, 0x20, 0x00, 0xC0,
    0x00, 0x00, 0x07, 0xBC, 0x74, 0xA4, 0x54, 0xA4, 0x54, 0xA4, 0x57, 0xA4, 0x54, 0xA4, 0x54, 0xA4,
    0x54, 0xA4, 0x57, 0xA4, 0x74, 0x34, 0x55, 0x28, 0x04, 0xA0, 0x05, 0x60, 0x06, 0x20, 0x00, 0x20,
    0x00, 0x00, 0x07, 0xBC, 0x74, 0xA4, 0x55, 0x24, 0x55, 0x24, 0x56, 0x3C, 0x55, 0x24, 0x54, 0xA4,
    0x54, 0xA4, 0x54, 0xBC, 0x76, 0xA4, 0x55, 0x24, 0x04, 0x24, 0x04, 0x24, 0x04, 0x7E, 0x04, 0x00,
    0x00, 0x1C, 0x01, 0xE0, 0x78, 0x20, 0x48, 0x20, 0x4B, 0xFE, 0x48, 0xA8, 0x49, 0x24, 0x4A, 0x42,
    0x48, 0x40, 0x4B, 0xFE, 0x78, 0x88, 0x49, 0x08, 0x00, 0xD0, 0x00, 0x30, 0x00, 0x48, 0x01, 0x84,
    0x00, 0x40, 0x00, 0x40, 0xF7, 0xFC, 0x90, 0x40, 0x93, 0xF8, 0x90, 0x80, 0x97, 0xFC, 0x91, 0x10,
    0x92, 0x48, 0x94, 0x46, 0xF1, 0xF0, 0x90, 0x40, 0x07, 0xFC, 0x00, 0x40, 0x00, 0x40, 0x00, 0x40,
    0x00, 0x40, 0x00, 0x40, 0x78, 0xA0, 0x49, 0x10, 0x4A, 0x08, 0x4C, 0x06, 0x49, 0xF0, 0x48, 0x40,
    0x48, 0x40, 0x4B, 0xF8, 0x78, 0x40, 0x4A, 0x48, 0x01, 0x48, 0x01, 0x50, 0x0F, 0xFE, 0x00, 0x00,
    0x00, 0x40, 0x00, 0x40, 0x78, 0x7C, 0x48, 0x40, 0x4B, 0xFC, 0x4A, 0x44, 0x4A, 0x70, 0x4B, 0xC0,
    0x4A, 0x44, 0x4A, 0x3C, 0x7A, 0x00, 0x4A, 0xF0, 0x04, 0x90, 0x04, 0x92, 0x09, 0x12, 0x12, 0x0E,
    0x00, 0x88, 0x00, 0x88, 0x7B, 0xFE, 0x48, 0x88, 0x48, 0x88, 0x48, 0xF8, 0x48, 0x88, 0x48, 0x88,
    0x48, 0xF8, 0x48, 0x88, 0x78, 0x88, 0x4B, 0xFE, 0x00, 0x00, 0x00, 0x88, 0x01, 0x04, 0x02, 0x02,
    0x09, 0x00, 0x08, 0x80, 0x0F, 0xFC, 0x10, 0x80, 0x3F, 0xF8, 0x50, 0x80, 0x9F, 0xF8, 0x10, 0x80,
    0x1F, 0xFC, 0x00, 0x00, 0x1F, 0xF8, 0x10, 0x08, 0x10, 0x08, 0x10, 0x08, 0x1F, 0xF8, 0x10, 0x08,
    0x00, 0xA0, 0x00, 0x90, 0x78, 0x80, 0x49, 0xFE, 0x49, 0x10, 0x4B, 0x10, 0x4D, 0xFC, 0x49, 0x10,
    0x49, 0x10, 0x49, 0xFC, 0x79, 0x10, 0x49, 0x10, 0x01, 0x10, 0x01, 0xFE, 0x01, 0x00, 0x01, 0x00,
    0x00, 0x02, 0x07, 0xE2, 0x74, 0x22, 0x54, 0x2A, 0x57, 0xEA, 0x54, 0x8A, 0x54, 0x8A, 0x54, 0x8A,
    0x57, 0xEA, 0x56, 0xAA, 0x76, 0xAA, 0x5A, 0xAA, 0x0A, 0xA2, 0x12, 0xE2, 0x00, 0x8A, 0x00, 0x84,
    0x01, 0xF8, 0x01, 0x08, 0x79, 0x08, 0x49, 0xF8, 0x49, 0x08, 0x49, 0x08, 0x49, 0xF8, 0x48, 0x00,
    0x4B, 0xFC, 0x4A, 0x04, 0x7A, 0x04, 0x4B, 0xFC, 0x02, 0x04, 0x02, 0x04, 0x03, 0xFC, 0x02, 0x04,
    0x00, 0x00, 0x00, 0x40, 0x7B, 0x9C, 0x4A, 0x04, 0x4A, 0x04, 0x4B, 0x9C, 0x4A, 0x04, 0x4A, 0x04,
    0x4B, 0xFC, 0x48, 0x90, 0x78, 0x90, 0x48, 0x90, 0x00, 0x90, 0x01, 0x12, 0x02, 0x12, 0x04, 0x0E,
    0x00, 0x40, 0x00, 0x20, 0x7B, 0xFC, 0x4A, 0x04, 0x4A, 0x04, 0x4B, 0xFC, 0x4A, 0x00, 0x4A, 0x28,
    0x4A, 0x24, 0x4B, 0xFE, 0x7A, 0x20, 0x4A, 0x50, 0x02, 0x50, 0x04, 0x88, 0x05, 0x04, 0x0A, 0x02,
    0x02, 0x08, 0x01, 0x08, 0xF1, 0x10, 0x97, 0xFC, 0x90, 0x40, 0x90, 0x40, 0x93, 0xF8, 0x90, 0x40,
    0x90, 0x80, 0x9F, 0xFE, 0xF1, 0x20, 0x91, 0x20, 0x02, 0x20, 0x02, 0x22, 0x04, 0x22, 0x08, 0x1E,
    0x00, 0x40, 0x00, 0x80, 0x7B, 0xFC, 0x49, 0x10, 0x4A, 0x48, 0x4C, 0x46, 0x4B, 0xF8, 0x4A, 0x48,
    0x4A, 0x48, 0x4B, 0xF8, 0x4A, 0x48, 0x7A, 0x48, 0x4B, 0xF8, 0x00, 0x42, 0x00, 0x42, 0x00, 0x3E,
    0x00, 0x88, 0x00, 0x88, 0x78, 0x88, 0x4B, 0xFE, 0x48, 0x88, 0x48, 0x88, 0x4F, 0xFE, 0x48, 0x00,
    0x49, 0xFC, 0x49, 0x04, 0x79, 0x04, 0x49, 0xFC, 0x01, 0x04, 0x01, 0x04, 0x01, 0xFC, 0x01, 0x04,
    0x00, 0x40, 0x00, 0x20, 0x7B, 0xFE, 0x48, 0x80, 0x49, 0x04, 0x4B, 0xFE, 0x48, 0x02, 0x49, 0xFC,
    0x49, 0x04, 0x49, 0xFC, 0x79, 0x04, 0x49, 0xFC, 0x01, 0x04, 0x01, 0x04, 0x01, 0x14, 0x01, 0x08,
    0x00, 0x40, 0x00, 0x40, 0x78, 0xA0, 0x49, 0x10, 0x4A, 0x88, 0x4C, 0x46, 0x48, 0x00, 0x4B, 0xF0,
    0x48, 0x10, 0x48, 0x20, 0x78, 0x40, 0x49, 0x24, 0x05, 0x22, 0x05, 0x0A, 0x09, 0x08, 0x00, 0xF8,
    0x01, 0x08, 0x00, 0x88, 0x78, 0x08, 0x4F, 0xD4, 0x4A, 0x14, 0x4A, 0x22, 0x4A, 0x00, 0x4B, 0xC8,
    0x4A, 0x44, 0x4A, 0x44, 0x7A, 0x40, 0x4A, 0x50, 0x02, 0x48, 0x04, 0x44, 0x05, 0x44, 0x08, 0x80,
    0x00, 0x90, 0x00, 0x90, 0x78, 0x90, 0x4B, 0xFC, 0x4A, 0x94, 0x4A, 0x94, 0x4A, 0x94, 0x4B, 0xFC,
    0x4A, 0x94, 0x4A, 0x94, 0x4A, 0x94, 0x7F, 0xFE, 0x48, 0x00, 0x00, 0x90, 0x01, 0x08, 0x02, 0x04,
    0x00, 0x40, 0x00, 0x40, 0x78, 0x40, 0x4F, 0xFC, 0x48, 0x40, 0x4A, 0x48, 0x4A, 0x48, 0x4A, 0x48,
    0x4D, 0x54, 0x48, 0xE0, 0x79, 0x50, 0x49, 0x50, 0x02, 0x48, 0x04, 0x44, 0x08, 0x42, 0x00, 0x40,
    0x00, 0x80, 0x00, 0x40, 0x7B, 0xFC, 0x48, 0x00, 0x49, 0x08, 0x48, 0x90, 0x4F, 0xFE, 0x48, 0x40,
    0x48, 0x40, 0x4F, 0xFE, 0x78, 0x88, 0x49, 0x08, 0x00, 0x90, 0x00, 0x60, 0x01, 0x98, 0x06, 0x04,
    0x01, 0x00, 0x01, 0x06, 0xF1, 0x38, 0x91, 0x20, 0x97, 0xA0, 0x91, 0x20, 0x91, 0x3E, 0x93, 0x24,
    0x93, 0xA4, 0x95, 0x64, 0xF5, 0x24, 0x99, 0x24, 0x01, 0x24, 0x01, 0x24, 0x01, 0x24, 0x01, 0x44,
    0x00, 0x10, 0x00, 0x78, 0xF3, 0xC0, 0x90, 0x40, 0x90, 0x40, 0x97, 0xFC, 0x92, 0x48, 0x92, 0x48,
    0x97, 0xFE, 0x92, 0x48, 0xF2, 0x48, 0x97, 0xFC, 0x00, 0x40, 0x00, 0x40, 0x07, 0xFC, 0x00, 0x00,
    0x01, 0x00, 0x01, 0x00, 0xF3, 0xFC, 0x94, 0x94, 0x98, 0x94, 0x91, 0x24, 0x92, 0x44, 0x94, 0x84,
    0x91, 0x28, 0x92, 0x10, 0xF0, 0x40, 0x91, 0x24, 0x05, 0x2A, 0x05, 0x0A, 0x08, 0xF8, 0x00, 0x00,
    0x00, 0x00, 0x03, 0xFE, 0x7A, 0x10, 0x4A, 0x10, 0x4A, 0xFE, 0x4A, 0x10, 0x4A, 0x10, 0x4B, 0xFE,
    0x4A, 0x00, 0x4A, 0x10, 0x7A, 0x10, 0x4A, 0xFE, 0x02, 0x10, 0x04, 0x10, 0x05, 0xFE, 0x08, 0x00,
    0x00, 0x00, 0x07, 0xFC, 0xF4, 0x44, 0x94, 0x44, 0x95, 0xF4, 0x94, 0x44, 0x94, 0x44, 0x97, 0xFC,
    0x94, 0x04, 0x95, 0xF4, 0xF5, 0x14, 0x95, 0x14, 0x05, 0xF4, 0x04, 0x04, 0x04, 0x14, 0x08, 0x08,
    0x00, 0xE8, 0x0F, 0x08, 0xE2, 0x28, 0xA9, 0x28, 0xA5, 0x48, 0xA0, 0x08, 0xA7, 0xC8, 0xA0, 0x88,
    0xA1, 0x08, 0xA1, 0x08, 0xE1, 0xE8, 0xAF, 0x08, 0x01, 0x0A, 0x01, 0x0A, 0x05, 0x0A, 0x02, 0x06,
    0x00, 0x20, 0x01, 0x20, 0x79, 0x3C, 0x49, 0x20, 0x49, 0x20, 0x4F, 0xFE, 0x48, 0x00, 0x4B, 0xFC,
    0x4A, 0x04, 0x4B, 0xFC, 0x7A, 0x04, 0x4B, 0xFC, 0x02, 0x04, 0x02, 0x04, 0x02, 0x14, 0x02, 0x08,
    0x00, 0x00, 0x03, 0xFE, 0x78, 0x40, 0x48, 0x80, 0x49, 0x44, 0x4A, 0x24, 0x48, 0x68, 0x4A, 0xB0,
    0x49, 0x30, 0x4A, 0xA8, 0x78, 0x68, 0x48, 0xA4, 0x01, 0x22, 0x02, 0x20, 0x00, 0xA0, 0x00, 0x40,
    0x00, 0x20, 0x00, 0x20, 0x78, 0x3E, 0x48, 0x20, 0x49, 0xFC, 0x49, 0x04, 0x49, 0xFC, 0x49, 0x04,
    0x49, 0xFC, 0x49, 0x24, 0x48, 0x20, 0x7B, 0xFE, 0x48, 0x20, 0x00, 0x20, 0x00, 0x20, 0x00, 0x20,
    0x02, 0x00, 0x01, 0x00, 0x7F, 0xFC, 0x08, 0x20, 0x04, 0x40, 0x3F, 0xF8, 0x20, 0x08, 0x24, 0x48,
    0x28, 0x28, 0x37, 0xD8, 0x24, 0x48, 0x24, 0x48, 0x27, 0xC8, 0x20, 0x08, 0x20, 0x28, 0x20, 0x10,
    0x02, 0x00, 0x01, 0x00, 0x7F, 0xFC, 0x08, 0x20, 0x04, 0x40, 0x3F, 0xF8, 0x21, 0x08, 0x2F, 0xE8,
    0x21, 0x08, 0x27, 0xC8, 0x24, 0x48, 0x24, 0x48, 0x27, 0xC8, 0x20, 0x08, 0x20, 0x28, 0x20, 0x10,
    0x00, 0x20, 0x00, 0x20, 0x79, 0xFC, 0x48, 0x20, 0x48, 0x20, 0x4B, 0xFE, 0x48, 0x88, 0x48, 0x50,
    0x49, 0xFC, 0x48, 0x20, 0x78, 0x20, 0x4B, 0xFE, 0x00, 0x20, 0x00, 0x20, 0x00, 0x20, 0x00, 0x20,
    0x00, 0x00, 0x7F, 0xFE, 0x61, 0x86, 0x6F, 0xBE, 0x63, 0x8E, 0x6F, 0xBE, 0x6F, 0xBE, 0x7F, 0xFE,
    0x7F, 0xFE, 0x73, 0xCE, 0x6D, 0xB6, 0x6D, 0xB6, 0x6D, 0xB6, 0x73, 0xCE, 0x7F, 0xFE, 0x00, 0x00,
    0x00, 0x00, 0x00, 0x00, 0x02, 0x00, 0x07, 0x00, 0x07, 0x00, 0x07, 0x00, 0x07, 0x00, 0x02, 0x00,
    0x02, 0x00, 0x02, 0x00, 0x00, 0x00, 0x00, 0x00, 0x02, 0x00, 0x02, 0x00, 0x00, 0x00, 0x00, 0x00,
    0x00, 0x00, 0x02, 0x40, 0x02, 0x40, 0x02, 0x40, 0x02, 0x40, 0x02, 0x40, 0x00, 0x00, 0x00, 0x00,
    0x00, 0x00, 0x00, 0x00, 0x00, 0x00, 0x00, 0x00, 0x00, 0x00, 0x00, 0x00, 0x00, 0x00, 0x00, 0x00,
    0x00, 0x00, 0x00, 0x00, 0x00, 0x00, 0x02, 0x20, 0x02, 0x20, 0x02, 0x20, 0x1F, 0xF8, 0x04, 0x40,
    0x04, 0x40, 0x04, 0x40, 0x04, 0x40, 0x3F, 0xF0, 0x08, 0x80, 0x08, 0x80, 0x08, 0x80, 0x08, 0x80,
    0x00, 0x00, 0x00, 0x00, 0x00, 0x00, 0x01, 0x00, 0x07, 0xC0, 0x09, 0x20, 0x11, 0x10, 0x11, 0x10,
    0x0D, 0x00, 0x03, 0x80, 0x01, 0x60, 0x11, 0x10, 0x11, 0x10, 0x09, 0x20, 0x07, 0xC0, 0x01, 0x00,
    0x00, 0x00, 0x00, 0x00, 0x00, 0x00, 0x0E, 0x04, 0x11, 0x08, 0x11, 0x10, 0x11, 0x20, 0x0E, 0x40,
    0x00, 0x80, 0x01, 0x00, 0x02, 0x70, 0x04, 0x88, 0x08, 0x88, 0x10, 0x88, 0x20, 0x70, 0x00, 0x00,
    0x00, 0x00, 0x00, 0x00, 0x00, 0x00, 0x0E, 0x00, 0x11, 0x00, 0x11, 0x00, 0x11, 0x00, 0x0A, 0x00,
    0x04, 0x38, 0x0A, 0x10, 0x11, 0x20, 0x20, 0xC0, 0x20, 0xC0, 0x11, 0x20, 0x0E, 0x18, 0x00, 0x00,
    0x00, 0x00, 0x01, 0x00, 0x01, 0x00, 0x01, 0x00, 0x01, 0x00, 0x01, 0x00, 0x00, 0x00, 0x00, 0x00,
    0x00, 0x00, 0x00, 0x00, 0x00, 0x00, 0x00, 0x00, 0x00, 0x00, 0x00, 0x00, 0x00, 0x00, 0x00, 0x00,
    0x00, 0x00, 0x00, 0x10, 0x00, 0x20, 0x00, 0x40, 0x00, 0x80, 0x00, 0x80, 0x01, 0x00, 0x01, 0x00,
    0x01, 0x00, 0x01, 0x00, 0x00, 0x80, 0x00, 0x80, 0x00, 0x40, 0x00, 0x20, 0x00, 0x10, 0x00, 0x00,
    0x00, 0x00, 0x10, 0x00, 0x08, 0x00, 0x04, 0x00, 0x02, 0x00, 0x02, 0x00, 0x01, 0x00, 0x01, 0x00,
    0x01, 0x00, 0x01, 0x00, 0x02, 0x00, 0x02, 0x00, 0x04, 0x00, 0x08, 0x00, 0x10, 0x00, 0x00, 0x00,
    0x00, 0x00, 0x00, 0x00, 0x00, 0x00, 0x00, 0x00, 0x01, 0x00, 0x11, 0x10, 0x09, 0x20, 0x05, 0x40,
    0x03, 0x80, 0x03, 0x80, 0x05, 0x40, 0x09, 0x20, 0x11, 0x10, 0x01, 0x00, 0x00, 0x00, 0x00, 0x00,
    0x00, 0x00, 0x00, 0x00, 0x00, 0x00, 0x01, 0x00, 0x01, 0x00, 0x01, 0x00, 0x01, 0x00, 0x01, 0x00,
    0x3F, 0xF8, 0x01, 0x00, 0x01, 0x00, 0x01, 0x00, 0x01, 0x00, 0x01, 0x00, 0x00, 0x00, 0x00, 0x00,
    0x00, 0x00, 0x00, 0x00, 0x00, 0x00, 0x00, 0x00, 0x00, 0x00, 0x00, 0x00, 0x00, 0x00, 0x00, 0x00,
    0x00, 0x00, 0x00, 0x00, 0x0C, 0x00, 0x0C, 0x00, 0x04, 0x00, 0x04, 0x00, 0x08, 0x00, 0x00, 0x00,
    0x00, 0x00, 0x00, 0x00, 0x00, 0x00, 0x00, 0x00, 0x00, 0x00, 0x00, 0x00, 0x00, 0x00, 0x00, 0x00,
    0x3F, 0xF8, 0x00, 0x00, 0x00, 0x00, 0x00, 0x00, 0x00, 0x00, 0x00, 0x00, 0x00, 0x00, 0x00, 0x00,
    0x00, 0x00, 0x00, 0x00, 0x00, 0x00, 0x00, 0x00, 0x00, 0x00, 0x00, 0x00, 0x00, 0x00, 0x00, 0x00,
    0x00, 0x00, 0x00, 0x00, 0x00, 0x00, 0x00, 0x00, 0x0C, 0x00, 0x0C, 0x00, 0x00, 0x00, 0x00, 0x00,
    0x00, 0x00, 0x00, 0x02, 0x00, 0x04, 0x00, 0x08, 0x00, 0x10, 0x00, 0x20, 0x00, 0x40, 0x00, 0x80,
    0x01, 0x00, 0x02, 0x00, 0x04, 0x00, 0x08, 0x00, 0x10, 0x00, 0x20, 0x00, 0x40, 0x00, 0x00, 0x00,
    0x00, 0x00, 0x00, 0x00, 0x00, 0x00, 0x03, 0x80, 0x04, 0x40, 0x08, 0x20, 0x08, 0x60, 0x08, 0xA0,
    0x09, 0x20, 0x0A, 0x20, 0x0C, 0x20, 0x08, 0x20, 0x04, 0x40, 0x03, 0x80, 0x00, 0x00, 0x00, 0x00,
    0x00, 0x00, 0x00, 0x00, 0x00, 0x00, 0x01, 0x00, 0x03, 0x00, 0x05, 0x00, 0x09, 0x00, 0x01, 0x00,
    0x01, 0x00, 0x01, 0x00, 0x01, 0x00, 0x01, 0x00, 0x01, 0x00, 0x0F, 0xE0, 0x00, 0x00, 0x00, 0x00,
    0x00, 0x00, 0x00, 0x00, 0x00, 0x00, 0x03, 0xC0, 0x04, 0x20, 0x08, 0x10, 0x08, 0x10, 0x00, 0x20,
    0x00, 0x40, 0x01, 0x80, 0x02, 0x00, 0x04, 0x00, 0x08, 0x00, 0x0F, 0xF0, 0x00, 0x00, 0x00, 0x00,
    0x00, 0x00, 0x00, 0x00, 0x00, 0x00, 0x03, 0xC0, 0x04, 0x20, 0x08, 0x10, 0x00, 0x10, 0x00, 0x20,
    0x01, 0xC0, 0x00, 0x20, 0x08, 0x10, 0x08, 0x10, 0x04, 0x20, 0x03, 0xC0, 0x00, 0x00, 0x00, 0x00,
    0x00, 0x00, 0x00, 0x00, 0x00, 0x00, 0x00, 0x40, 0x00, 0xC0, 0x01, 0x40, 0x02, 0x40, 0x04, 0x40,
    0x08, 0x40, 0x10, 0x40, 0x1F, 0xF0, 0x00, 0x40, 0x00, 0x40, 0x00, 0xE0, 0x00, 0x00, 0x00, 0x00,
    0x00, 0x00, 0x00, 0x00, 0x00, 0x00, 0x0F, 0xF0, 0x08, 0x00, 0x08, 0x00, 0x08, 0x00, 0x0B, 0xC0,
    0x0C, 0x20, 0x00, 0x10, 0x00, 0x10, 0x00, 0x10, 0x08, 0x20, 0x07, 0xC0, 0x00, 0x00, 0x00, 0x00,
    0x00, 0x00, 0x00, 0x00, 0x00, 0x00, 0x03, 0xC0, 0x04, 0x20, 0x08, 0x00, 0x08, 0x00, 0x13, 0xC0,
    0x14, 0x20, 0x18, 0x10, 0x10, 0x10, 0x08, 0x10, 0x04, 0x20, 0x03, 0xC0, 0x00, 0x00, 0x00, 0x00,
    0x00, 0x00, 0x00, 0x00, 0x00, 0x00, 0x0F, 0xF0, 0x08, 0x20, 0x10, 0x40, 0x00, 0x80, 0x00, 0x80,
    0x01, 0x00, 0x01, 0x00, 0x01, 0x00, 0x01, 0x00, 0x01, 0x00, 0x01, 0x00, 0x00, 0x00, 0x00, 0x00,
    0x00, 0x00, 0x00, 0x00, 0x00, 0x00, 0x03, 0xC0, 0x04, 0x20, 0x08, 0x10, 0x08, 0x10, 0x04, 0x20,
    0x03, 0xC0, 0x04, 0x20, 0x08, 0x10, 0x08, 0x10, 0x04, 0x20, 0x03, 0xC0, 0x00, 0x00, 0x00, 0x00,
    0x00, 0x00, 0x00, 0x00, 0x00, 0x00, 0x03, 0xC0, 0x04, 0x20, 0x08, 0x10, 0x08, 0x10, 0x08, 0x10,
    0x04, 0x30, 0x03, 0xD0, 0x00, 0x10, 0x08, 0x10, 0x04, 0x20, 0x03, 0xC0, 0x00, 0x00, 0x00, 0x00,
    0x00, 0x00, 0x00, 0x00, 0x00, 0x00, 0x00, 0x00, 0x00, 0x00, 0x06, 0x00, 0x06, 0x00, 0x00, 0x00,
    0x00, 0x00, 0x00, 0x00, 0x06, 0x00, 0x06, 0x00, 0x00, 0x00, 0x00, 0x00, 0x00, 0x00, 0x00, 0x00,
    0x00, 0x00, 0x00, 0x00, 0x00, 0x00, 0x00, 0x00, 0x00, 0x00, 0x06, 0x00, 0x06, 0x00, 0x00, 0x00,
    0x00, 0x00, 0x00, 0x00, 0x06, 0x00, 0x06, 0x00, 0x02, 0x00, 0x02, 0x00, 0x04, 0x00, 0x00, 0x00,
    0x00, 0x00, 0x00, 0x00, 0x00, 0x08, 0x00, 0x30, 0x00, 0x40, 0x01, 0x80, 0x02, 0x00, 0x0C, 0x00,
    0x10, 0x00, 0x0C, 0x00, 0x02, 0x00, 0x01, 0x80, 0x00, 0x40, 0x00, 0x30, 0x00, 0x08, 0x00, 0x00,
    0x00, 0x00, 0x00, 0x00, 0x00, 0x00, 0x00, 0x00, 0x00, 0x00, 0x00, 0x00, 0x3F, 0xF8, 0x00, 0x00,
    0x00, 0x00, 0x00, 0x00, 0x3F, 0xF8, 0x00, 0x00, 0x00, 0x00, 0x00, 0x00, 0x00, 0x00, 0x00, 0x00,
    0x00, 0x00, 0x00, 0x00, 0x10, 0x00, 0x0C, 0x00, 0x02, 0x00, 0x01, 0x80, 0x00, 0x40, 0x00, 0x30,
    0x00, 0x08, 0x00, 0x30, 0x00, 0x40, 0x01, 0x80, 0x02, 0x00, 0x0C, 0x00, 0x10, 0x00, 0x00, 0x00,
    0x00, 0x00, 0x00, 0x00, 0x07, 0xC0, 0x08, 0x20, 0x10, 0x10, 0x00, 0x10, 0x00, 0x20, 0x00, 0xC0,
    0x01, 0x00, 0x01, 0x00, 0x00, 0x00, 0x00, 0x00, 0x01, 0x00, 0x01, 0x00, 0x00, 0x00, 0x00, 0x00,
    0x00, 0x00, 0x00, 0x00, 0x00, 0x00, 0x03, 0xC0, 0x0C, 0x30, 0x10, 0x08, 0x21, 0xC4, 0x22, 0x44,
    0x24, 0x44, 0x24, 0x44, 0x24, 0xC8, 0x13, 0x30, 0x10, 0x04, 0x0C, 0x18, 0x03, 0xE0, 0x00, 0x00,
    0x00, 0x00, 0x00, 0x00, 0x00, 0x00, 0x01, 0x00, 0x01, 0x00, 0x02, 0x80, 0x02, 0x80, 0x04, 0x40,
    0x04, 0x40, 0x08, 0x20, 0x0F, 0xE0, 0x10, 0x10, 0x10, 0x10, 0x38, 0x38, 0x00, 0x00, 0x00, 0x00,
    0x00, 0x00, 0x00, 0x00, 0x00, 0x00, 0x1F, 0xC0, 0x08, 0x20, 0x08, 0x10, 0x08, 0x10, 0x08, 0x20,
    0x0F, 0xE0, 0x08, 0x10, 0x08, 0x08, 0x08, 0x08, 0x08, 0x10, 0x1F, 0xE0, 0x00, 0x00, 0x00, 0x00,
    0x00, 0x00, 0x00, 0x00, 0x00, 0x00, 0x03, 0xE8, 0x04, 0x18, 0x08, 0x08, 0x10, 0x00, 0x10, 0x00,
    0x10, 0x00, 0x10, 0x00, 0x10, 0x00, 0x08, 0x08, 0x04, 0x10, 0x03, 0xE0, 0x00, 0x00, 0x00, 0x00,
    0x00, 0x00, 0x00, 0x00, 0x00, 0x00, 0x1F, 0x80, 0x08, 0x60, 0x08, 0x10, 0x08, 0x08, 0x08, 0x08,
    0x08, 0x08, 0x08, 0x08, 0x08, 0x08, 0x08, 0x10, 0x08, 0x60, 0x1F, 0x80, 0x00, 0x00, 0x00, 0x00,
    0x00, 0x00, 0x00, 0x00, 0x00, 0x00, 0x1F, 0xF0, 0x08, 0x10, 0x08, 0x00, 0x08, 0x00, 0x08, 0x20,
    0x0F, 0xE0, 0x08, 0x20, 0x08, 0x00, 0x08, 0x00, 0x08, 0x10, 0x1F, 0xF0, 0x00, 0x00, 0x00, 0x00,
    0x00, 0x00, 0x00, 0x00, 0x00, 0x00, 0x1F, 0xF0, 0x08, 0x10, 0x08, 0x00, 0x08, 0x00, 0x08, 0x40,
    0x0F, 0xC0, 0x08, 0x40, 0x08, 0x00, 0x08, 0x00, 0x08, 0x00, 0x1C, 0x00, 0x00, 0x00, 0x00, 0x00,
    0x00, 0x00, 0x00, 0x00, 0x00, 0x00, 0x03, 0xD0, 0x04, 0x30, 0x08, 0x10, 0x10, 0x00, 0x10, 0x00,
    0x10, 0x7C, 0x10, 0x10, 0x10, 0x10, 0x08, 0x10, 0x04, 0x30, 0x03, 0xD0, 0x00, 0x00, 0x00, 0x00,
    0x00, 0x00, 0x00, 0x00, 0x00, 0x00, 0x1C, 0x38, 0x08, 0x10, 0x08, 0x10, 0x08, 0x10, 0x08, 0x10,
    0x0F, 0xF0, 0x08, 0x10, 0x08, 0x10, 0x08, 0x10, 0x08, 0x10, 0x1C, 0x38, 0x00, 0x00, 0x00, 0x00,
    0x00, 0x00, 0x00, 0x00, 0x00, 0x00, 0x07, 0xC0, 0x01, 0x00, 0x01, 0x00, 0x01, 0x00, 0x01, 0x00,
    0x01, 0x00, 0x01, 0x00, 0x01, 0x00, 0x01, 0x00, 0x01, 0x00, 0x07, 0xC0, 0x00, 0x00, 0x00, 0x00,
    0x00, 0x00, 0x00, 0x00, 0x00, 0x00, 0x00, 0xF8, 0x00, 0x20, 0x00, 0x20, 0x00, 0x20, 0x00, 0x20,
    0x00, 0x20, 0x00, 0x20, 0x00, 0x20, 0x08, 0x20, 0x08, 0x40, 0x07, 0x80, 0x00, 0x00, 0x00, 0x00,
    0x00, 0x00, 0x00, 0x00, 0x00, 0x00, 0x1C, 0x70, 0x08, 0x20, 0x08, 0x40, 0x08, 0x80, 0x0B, 0x00,
    0x0D, 0x00, 0x08, 0x80, 0x08, 0x40, 0x08, 0x20, 0x08, 0x10, 0x1C, 0x38, 0x00, 0x00, 0x00, 0x00,
    0x00, 0x00, 0x00, 0x00, 0x00, 0x00, 0x1C, 0x00, 0x08, 0x00, 0x08, 0x00, 0x08, 0x00, 0x08, 0x00,
    0x08, 0x00, 0x08, 0x00, 0x08, 0x00, 0x08, 0x00, 0x08, 0x10, 0x1F, 0xF0, 0x00, 0x00, 0x00, 0x00,
    0x00, 0x00, 0x00, 0x00, 0x00, 0x00, 0x30, 0x0C, 0x18, 0x18, 0x18, 0x28, 0x14, 0x28, 0x14, 0x48,
    0x12, 0x48, 0x12, 0x88, 0x11, 0x08, 0x11, 0x08, 0x10, 0x08, 0x38, 0x1C, 0x00, 0x00, 0x00, 0x00,
    0x00, 0x00, 0x00, 0x00, 0x00, 0x00, 0x18, 0x38, 0x0C, 0x10, 0x0C, 0x10, 0x0A, 0x10, 0x09, 0x10,
    0x08, 0x90, 0x08, 0x90, 0x08, 0x50, 0x08, 0x30, 0x08, 0x30, 0x1C, 0x10, 0x00, 0x00, 0x00, 0x00,
    0x00, 0x00, 0x00, 0x00, 0x00, 0x00, 0x03, 0xC0, 0x04, 0x20, 0x08, 0x10, 0x10, 0x08, 0x10, 0x08,
    0x10, 0x08, 0x10, 0x08, 0x10, 0x08, 0x08, 0x10, 0x04, 0x20, 0x03, 0xC0, 0x00, 0x00, 0x00, 0x00,
    0x00, 0x00, 0x00, 0x00, 0x00, 0x00, 0x1F, 0xC0, 0x08, 0x20, 0x08, 0x10, 0x08, 0x10, 0x08, 0x20,
    0x0F, 0xC0, 0x08, 0x00, 0x08, 0x00, 0x08, 0x00, 0x08, 0x00, 0x1C, 0x00, 0x00, 0x00, 0x00, 0x00,
    0x00, 0x00, 0x00, 0x00, 0x00, 0x00, 0x03, 0xC0, 0x04, 0x20, 0x08, 0x10, 0x10, 0x08, 0x10, 0x08,
    0x10, 0x08, 0x10, 0x08, 0x17, 0x08, 0x08, 0x90, 0x04, 0x60, 0x03, 0xE0, 0x00, 0x18, 0x00, 0x00,
    0x00, 0x00, 0x00, 0x00, 0x00, 0x00, 0x1F, 0xC0, 0x08, 0x20, 0x08, 0x10, 0x08, 0x10, 0x08, 0x20,
    0x0F, 0xC0, 0x08, 0x80, 0x08, 0x40, 0x08, 0x20, 0x08, 0x10, 0x1C, 0x38, 0x00, 0x00, 0x00, 0x00,
    0x00, 0x00, 0x00, 0x00, 0x00, 0x00, 0x03, 0xD0, 0x04, 0x30, 0x08, 0x10, 0x04, 0x00, 0x03, 0x00,
    0x00, 0xC0, 0x00, 0x30, 0x08, 0x08, 0x08, 0x08, 0x0C, 0x10, 0x0B, 0xE0, 0x00, 0x00, 0x00, 0x00,
    0x00, 0x00, 0x00, 0x00, 0x00, 0x00, 0x3F, 0xF8, 0x21, 0x08, 0x21, 0x08, 0x01, 0x00, 0x01, 0x00,
    0x01, 0x00, 0x01, 0x00, 0x01, 0x00, 0x01, 0x00, 0x01, 0x00, 0x03, 0x80, 0x00, 0x00, 0x00, 0x00,
    0x00, 0x00, 0x00, 0x00, 0x00, 0x00, 0x1C, 0x38, 0x08, 0x10, 0x08, 0x10, 0x08, 0x10, 0x08, 0x10,
    0x08, 0x10, 0x08, 0x10, 0x08, 0x10, 0x08, 0x10, 0x04, 0x20, 0x03, 0xC0, 0x00, 0x00, 0x00, 0x00,
    0x00, 0x00, 0x00, 0x00, 0x00, 0x00, 0x38, 0x38, 0x10, 0x10, 0x10, 0x10, 0x08, 0x20, 0x08, 0x20,
    0x04, 0x40, 0x04, 0x40, 0x02, 0x80, 0x02, 0x80, 0x01, 0x00, 0x01, 0x00, 0x00, 0x00, 0x00, 0x00,
    0x00, 0x00, 0x00, 0x00, 0x00, 0x00, 0x71, 0x1C, 0x21, 0x08, 0x21, 0x08, 0x21, 0x08, 0x12, 0x90,
    0x12, 0x90, 0x14, 0x50, 0x14, 0x50, 0x0C, 0x60, 0x08, 0x20, 0x08, 0x20, 0x00, 0x00, 0x00, 0x00,
    0x00, 0x00, 0x00, 0x00, 0x00, 0x00, 0x38, 0x38, 0x10, 0x10, 0x08, 0x20, 0x04, 0x40, 0x02, 0x80,
    0x01, 0x00, 0x02, 0x80, 0x04, 0x40, 0x08, 0x20, 0x10, 0x10, 0x38, 0x38, 0x00, 0x00, 0x00, 0x00,
    0x00, 0x00, 0x00, 0x00, 0x00, 0x00, 0x38, 0x38, 0x10, 0x10, 0x08, 0x20, 0x04, 0x40, 0x02, 0x80,
    0x01, 0x00, 0x01, 0x00, 0x01, 0x00, 0x01, 0x00, 0x01, 0x00, 0x03, 0x80, 0x00, 0x00, 0x00, 0x00,
    0x00, 0x00, 0x00, 0x00, 0x00, 0x00, 0x1F, 0xF8, 0x10, 0x10, 0x10, 0x20, 0x00, 0x40, 0x00, 0x80,
    0x01, 0x00, 0x02, 0x00, 0x04, 0x00, 0x08, 0x08, 0x10, 0x08, 0x1F, 0xF8, 0x00, 0x00, 0x00, 0x00,
    0x00, 0x00, 0x01, 0xF0, 0x01, 0x00, 0x01, 0x00, 0x01, 0x00, 0x01, 0x00, 0x01, 0x00, 0x01, 0x00,
    0x01, 0x00, 0x01, 0x00, 0x01, 0x00, 0x01, 0x00, 0x01, 0x00, 0x01, 0x00, 0x01, 0xF0, 0x00, 0x00,
    0x00, 0x00, 0x40, 0x00, 0x20, 0x00, 0x10, 0x00, 0x08, 0x00, 0x04, 0x00, 0x02, 0x00, 0x01, 0x00,
    0x00, 0x80, 0x00, 0x40, 0x00, 0x20, 0x00, 0x10, 0x00, 0x08, 0x00, 0x04, 0x00, 0x02, 0x00, 0x00,
    0x00, 0x00, 0x1F, 0x00, 0x01, 0x00, 0x01, 0x00, 0x01, 0x00, 0x01, 0x00, 0x01, 0x00, 0x01, 0x00,
    0x01, 0x00, 0x01, 0x00, 0x01, 0x00, 0x01, 0x00, 0x01, 0x00, 0x01, 0x00, 0x1F, 0x00, 0x00, 0x00,
    0x00, 0x00, 0x01, 0x00, 0x06, 0xC0, 0x18, 0x30, 0x00, 0x00, 0x00, 0x00, 0x00, 0x00, 0x00, 0x00,
    0x00, 0x00, 0x00, 0x00, 0x00, 0x00, 0x00, 0x00, 0x00, 0x00, 0x00, 0x00, 0x00, 0x00, 0x00, 0x00,
    0x00, 0x00, 0x00, 0x00, 0x00, 0x00, 0x00, 0x00, 0x00, 0x00, 0x00, 0x00, 0x00, 0x00, 0x00, 0x00,
    0x00, 0x00, 0x00, 0x00, 0x00, 0x00, 0x00, 0x00, 0x00, 0x00, 0x00, 0x00, 0xFF, 0xFF, 0x00, 0x00,
    0x00, 0x00, 0x02, 0x00, 0x01, 0x00, 0x00, 0x80, 0x00, 0x40, 0x00, 0x00, 0x00, 0x00, 0x00, 0x00,
    0x00, 0x00, 0x00, 0x00, 0x00, 0x00, 0x00, 0x00, 0x00, 0x00, 0x00, 0x00, 0x00, 0x00, 0x00, 0x00,
    0x00, 0x00, 0x00, 0x00, 0x00, 0x00, 0x00, 0x00, 0x00, 0x00, 0x00, 0x00, 0x03, 0xC0, 0x04, 0x20,
    0x04, 0x20, 0x01, 0xE0, 0x06, 0x20, 0x08, 0x20, 0x08, 0x60, 0x07, 0x90, 0x00, 0x00, 0x00, 0x00,
    0x00, 0x00, 0x00, 0x00, 0x00, 0x00, 0x18, 0x00, 0x08, 0x00, 0x08, 0x00, 0x09, 0xC0, 0x0A, 0x20,
    0x0C, 0x10, 0x08, 0x10, 0x08, 0x10, 0x08, 0x10, 0x0C, 0x20, 0x1B, 0xC0, 0x00, 0x00, 0x00, 0x00,
    0x00, 0x00, 0x00, 0x00, 0x00, 0x00, 0x00, 0x00, 0x00, 0x00, 0x00, 0x00, 0x03, 0xC0, 0x04, 0x20,
    0x08, 0x10, 0x08, 0x00, 0x08, 0x00, 0x08, 0x00, 0x04, 0x10, 0x03, 0xE0, 0x00, 0x00, 0x00, 0x00,
    0x00, 0x00, 0x00, 0x00, 0x00, 0x00, 0x00, 0x18, 0x00, 0x10, 0x00, 0x10, 0x03, 0x90, 0x04, 0x50,
    0x08, 0x30, 0x08, 0x10, 0x08, 0x10, 0x08, 0x10, 0x04, 0x30, 0x03, 0xD8, 0x00, 0x00, 0x00, 0x00,
    0x00, 0x00, 0x00, 0x00, 0x00, 0x00, 0x00, 0x00, 0x00, 0x00, 0x00, 0x00, 0x03, 0xC0, 0x04, 0x20,
    0x08, 0x10, 0x0F, 0xF0, 0x08, 0x00, 0x08, 0x00, 0x04, 0x10, 0x03, 0xE0, 0x00, 0x00, 0x00, 0x00,
    0x00, 0x00, 0x00, 0x00, 0x00, 0x00, 0x03, 0xE0, 0x04, 0x10, 0x04, 0x00, 0x04, 0x00, 0x1F, 0xC0,
    0x04, 0x00, 0x04, 0x00, 0x04, 0x00, 0x04, 0x00, 0x04, 0x00, 0x0E, 0x00, 0x00, 0x00, 0x00, 0x00,
    0x00, 0x00, 0x00, 0x00, 0x00, 0x00, 0x00, 0x00, 0x00, 0x00, 0x00, 0x00, 0x03, 0x90, 0x04, 0x60,
    0x04, 0x20, 0x04, 0x40, 0x03, 0x80, 0x04, 0x00, 0x07, 0xE0, 0x08, 0x10, 0x08, 0x10, 0x07, 0xE0,
    0x00, 0x00, 0x00, 0x00, 0x00, 0x00, 0x18, 0x00, 0x08, 0x00, 0x08, 0x00, 0x09, 0xC0, 0x0A, 0x20,
    0x0C, 0x10, 0x08, 0x10, 0x08, 0x10, 0x08, 0x10, 0x08, 0x10, 0x1C, 0x38, 0x00, 0x00, 0x00, 0x00,
    0x00, 0x00, 0x00, 0x00, 0x01, 0x00, 0x01, 0x00, 0x00, 0x00, 0x00, 0x00, 0x03, 0x00, 0x01, 0x00,
    0x01, 0x00, 0x01, 0x00, 0x01, 0x00, 0x01, 0x00, 0x01, 0x00, 0x07, 0xC0, 0x00, 0x00, 0x00, 0x00,
    0x00, 0x00, 0x00, 0x00, 0x00, 0x20, 0x00, 0x20, 0x00, 0x00, 0x00, 0x00, 0x00, 0x60, 0x00, 0x20,
    0x00, 0x20, 0x00, 0x20, 0x00, 0x20, 0x00, 0x20, 0x00, 0x20, 0x08, 0x20, 0x08, 0x40, 0x07, 0x80,
    0x00, 0x00, 0x00, 0x00, 0x00, 0x00, 0x1C, 0x00, 0x08, 0x00, 0x08, 0x70, 0x08, 0x40, 0x08, 0x80,
    0x09, 0x00, 0x0B, 0x00, 0x0C, 0x80, 0x08, 0x40, 0x08, 0x20, 0x1C, 0x70, 0x00, 0x00, 0x00, 0x00,
    0x00, 0x00, 0x00, 0x00, 0x00, 0x00, 0x03, 0x00, 0x01, 0x00, 0x01, 0x00, 0x01, 0x00, 0x01, 0x00,
    0x01, 0x00, 0x01, 0x00, 0x01, 0x00, 0x01, 0x00, 0x01, 0x00, 0x07, 0xC0, 0x00, 0x00, 0x00, 0x00,
    0x00, 0x00, 0x00, 0x00, 0x00, 0x00, 0x00, 0x00, 0x00, 0x00, 0x00, 0x00, 0x36, 0x60, 0x19, 0x90,
    0x11, 0x10, 0x11, 0x10, 0x11, 0x10, 0x11, 0x10, 0x11, 0x10, 0x3B, 0xB8, 0x00, 0x00, 0x00, 0x00,
    0x00, 0x00, 0x00, 0x00, 0x00, 0x00, 0x00, 0x00, 0x00, 0x00, 0x00, 0x00, 0x19, 0xC0, 0x0A, 0x20,
    0x0C, 0x20, 0x08, 0x20, 0x08, 0x20, 0x08, 0x20, 0x08, 0x20, 0x1C, 0x70, 0x00, 0x00, 0x00, 0x00,
    0x00, 0x00, 0x00, 0x00, 0x00, 0x00, 0x00, 0x00, 0x00, 0x00, 0x00, 0x00, 0x03, 0xC0, 0x04, 0x20,
    0x08, 0x10, 0x08, 0x10, 0x08, 0x10, 0x08, 0x10, 0x04, 0x20, 0x03, 0xC0, 0x00, 0x00, 0x00, 0x00,
    0x00, 0x00, 0x00, 0x00, 0x00, 0x00, 0x00, 0x00, 0x00, 0x00, 0x00, 0x00, 0x0B, 0x80, 0x0C, 0x40,
    0x08, 0x20, 0x08, 0x20, 0x08, 0x20, 0x08, 0x20, 0x0C, 0x40, 0x0B, 0x80, 0x08, 0x00, 0x1C, 0x00,
    0x00, 0x00, 0x00, 0x00, 0x00, 0x00, 0x00, 0x00, 0x00, 0x00, 0x00, 0x00, 0x03, 0xA0, 0x04, 0x60,
    0x08, 0x20, 0x08, 0x20, 0x08, 0x20, 0x08, 0x20, 0x04, 0x60, 0x03, 0xA0, 0x00, 0x20, 0x00, 0x70,
    0x00, 0x00, 0x00, 0x00, 0x00, 0x00, 0x00, 0x00, 0x00, 0x00, 0x00, 0x00, 0x19, 0xC0, 0x0A, 0x20,
    0x0C, 0x20, 0x08, 0x00, 0x08, 0x00, 0x08, 0x00, 0x08, 0x00, 0x1C, 0x00, 0x00, 0x00, 0x00, 0x00,
    0x00, 0x00, 0x00, 0x00, 0x00, 0x00, 0x00, 0x00, 0x00, 0x00, 0x00, 0x00, 0x07, 0xD0, 0x08, 0x30,
    0x08, 0x00, 0x07, 0x00, 0x00, 0xE0, 0x00, 0x10, 0x0C, 0x10, 0x0B, 0xE0, 0x00, 0x00, 0x00, 0x00,
    0x00, 0x00, 0x00, 0x00, 0x00, 0x00, 0x00, 0x00, 0x04, 0x00, 0x04, 0x00, 0x04, 0x00, 0x1F, 0xE0,
    0x04, 0x00, 0x04, 0x00, 0x04, 0x00, 0x04, 0x20, 0x04, 0x20, 0x03, 0xC0, 0x00, 0x00, 0x00, 0x00,
    0x00, 0x00, 0x00, 0x00, 0x00, 0x00, 0x00, 0x00, 0x00, 0x00, 0x00, 0x00, 0x1C, 0x70, 0x08, 0x20,
    0x08, 0x20, 0x08, 0x20, 0x08, 0x20, 0x08, 0x20, 0x04, 0x60, 0x03, 0xB0, 0x00, 0x00, 0x00, 0x00,
    0x00, 0x00, 0x00, 0x00, 0x00, 0x00, 0x00, 0x00, 0x00, 0x00, 0x00, 0x00, 0x1C, 0x38, 0x08, 0x10,
    0x04, 0x20, 0x04, 0x20, 0x02, 0x40, 0x02, 0x40, 0x01, 0x80, 0x01, 0x80, 0x00, 0x00, 0x00, 0x00,
    0x00, 0x00, 0x00, 0x00, 0x00, 0x00, 0x00, 0x00, 0x00, 0x00, 0x00, 0x00, 0x38, 0x38, 0x11, 0x10,
    0x11, 0x10, 0x0A, 0x90, 0x0A, 0xA0, 0x0A, 0xA0, 0x04, 0x40, 0x04, 0x40, 0x00, 0x00, 0x00, 0x00,
    0x00, 0x00, 0x00, 0x00, 0x00, 0x00, 0x00, 0x00, 0x00, 0x00, 0x00, 0x00, 0x0C, 0x30, 0x04, 0x20,
    0x02, 0x40, 0x01, 0x80, 0x01, 0x80, 0x02, 0x40, 0x04, 0x20, 0x0C, 0x30, 0x00, 0x00, 0x00, 0x00,
    0x00, 0x00, 0x00, 0x00, 0x00, 0x00, 0x00, 0x00, 0x00, 0x00, 0x00, 0x00, 0x1C, 0x70, 0x08, 0x20,
    0x04, 0x40, 0x04, 0x40, 0x02, 0x80, 0x02, 0x80, 0x01, 0x00, 0x01, 0x00, 0x01, 0x00, 0x0E, 0x00,
    0x00, 0x00, 0x00, 0x00, 0x00, 0x00, 0x00, 0x00, 0x00, 0x00, 0x00, 0x00, 0x0F, 0xE0, 0x08, 0x40,
    0x00, 0x80, 0x01, 0x00, 0x02, 0x00, 0x04, 0x00, 0x08, 0x20, 0x0F, 0xE0, 0x00, 0x00, 0x00, 0x00,
    0x00, 0x00, 0x00, 0x30, 0x00, 0x40, 0x00, 0x80, 0x00, 0x80, 0x00, 0x80, 0x00, 0x80, 0x03, 0x00,
    0x00, 0x80, 0x00, 0x80, 0x00, 0x80, 0x00, 0x80, 0x00, 0x80, 0x00, 0x40, 0x00, 0x30, 0x00, 0x00,
    0x00, 0x00, 0x01, 0x00, 0x01, 0x00, 0x01, 0x00, 0x01, 0x00, 0x01, 0x00, 0x01, 0x00, 0x01, 0x00,
    0x01, 0x00, 0x01, 0x00, 0x01, 0x00, 0x01, 0x00, 0x01, 0x00, 0x01, 0x00, 0x01, 0x00, 0x00, 0x00,
    0x00, 0x00, 0x18, 0x00, 0x04, 0x00, 0x02, 0x00, 0x02, 0x00, 0x02, 0x00, 0x02, 0x00, 0x01, 0x80,
    0x02, 0x00, 0x02, 0x00, 0x02, 0x00, 0x02, 0x00, 0x02, 0x00, 0x04, 0x00, 0x18, 0x00, 0x00, 0x00,
    0x00, 0x00, 0x00, 0x00, 0x00, 0x00, 0x00, 0x00, 0x00, 0x00, 0x00, 0x00, 0x00, 0x00, 0x3E, 0x00,
    0x41, 0x84, 0x00, 0x78, 0x00, 0x00, 0x00, 0x00, 0x00, 0x00, 0x00, 0x00, 0x00, 0x00, 0x00, 0x00,
    0x00, 0x00, 0x00, 0x00, 0x00, 0x88, 0x01, 0x10, 0x02, 0x20, 0x04, 0x40, 0x04, 0x40, 0x08, 0x80,
    0x08, 0x80, 0x08, 0x80, 0x08, 0x80, 0x04, 0x40, 0x04, 0x40, 0x02, 0x20, 0x01, 0x10, 0x00, 0x88,
    0x00, 0x00, 0x00, 0x00, 0x22, 0x00, 0x11, 0x00, 0x08, 0x80, 0x04, 0x40, 0x04, 0x40, 0x02, 0x20,
    0x02, 0x20, 0x02, 0x20, 0x02, 0x20, 0x04, 0x40, 0x04, 0x40, 0x08, 0x80, 0x11, 0x00, 0x22, 0x00,
    0x00, 0x00, 0x00, 0x00, 0x00, 0x00, 0x00, 0x00, 0x00, 0x00, 0x00, 0x00, 0x00, 0x00, 0x00, 0x00,
    0x00, 0x00, 0x00, 0x00, 0x30, 0x00, 0x48, 0x00, 0x48, 0x00, 0x30, 0x00, 0x00, 0x00, 0x00, 0x00,
    0x3E, 0x00, 0x20, 0x00, 0x20, 0x00, 0x20, 0x00, 0x20, 0x00, 0x20, 0x00, 0x20, 0x00, 0x20, 0x00,
    0x20, 0x00, 0x20, 0x00, 0x20, 0x00, 0x00, 0x00, 0x00, 0x00, 0x00, 0x00, 0x00, 0x00, 0x00, 0x00,
    0x00, 0x00, 0x00, 0x00, 0x00, 0x00, 0x00, 0x00, 0x00, 0x00, 0x02, 0x00, 0x02, 0x00, 0x02, 0x00,
    0x02, 0x00, 0x02, 0x00, 0x02, 0x00, 0x02, 0x00, 0x02, 0x00, 0x02, 0x00, 0x02, 0x00, 0x3E, 0x00,
    0x00, 0x00, 0x00, 0x00, 0x00, 0x00, 0x00, 0x00, 0x00, 0x00, 0x00, 0x00, 0x00, 0x00, 0x00, 0x00,
    0x00, 0x00, 0x00, 0x00, 0x40, 0x00, 0x30, 0x00, 0x18, 0x00, 0x08, 0x00, 0x00, 0x00, 0x00, 0x00,
    0x00, 0x00, 0x00, 0x00, 0x00, 0x00, 0x00, 0x00, 0x00, 0x00, 0x00, 0x00, 0x00, 0x00, 0x18, 0x00,
    0x18, 0x00, 0x00, 0x00, 0x00, 0x00, 0x00, 0x00, 0x00, 0x00, 0x00, 0x00, 0x00, 0x00, 0x00, 0x00,
    0x00, 0x00, 0x00, 0x00, 0x7E, 0x00, 0x02, 0x00, 0x02, 0x00, 0x02, 0x00, 0x7E, 0x00, 0x02, 0x00,
    0x02, 0x00, 0x02, 0x00, 0x04, 0x00, 0x04, 0x00, 0x08, 0x00, 0x10, 0x00, 0x60, 0x00, 0x00, 0x00,
    0x00, 0x00, 0x00, 0x00, 0x00, 0x00, 0x00, 0x00, 0x00, 0x00, 0x7E, 0x00, 0x02, 0x00, 0x04, 0x00,
    0x14, 0x00, 0x08, 0x00, 0x08, 0x00, 0x08, 0x00, 0x10, 0x00, 0x10, 0x00, 0x20, 0x00, 0x00, 0x00,
    0x00, 0x00, 0x00, 0x00, 0x00, 0x00, 0x00, 0x00, 0x00, 0x00, 0x02, 0x00, 0x04, 0x00, 0x08, 0x00,
    0x18, 0x00, 0x68, 0x00, 0x08, 0x00, 0x08, 0x00, 0x08, 0x00, 0x08, 0x00, 0x08, 0x00, 0x00, 0x00,
    0x00, 0x00, 0x00, 0x00, 0x00, 0x00, 0x00, 0x00, 0x08, 0x00, 0x08, 0x00, 0x08, 0x00, 0x7F, 0x00,
    0x41, 0x00, 0x41, 0x00, 0x01, 0x00, 0x02, 0x00, 0x02, 0x00, 0x04, 0x00, 0x18, 0x00, 0x00, 0x00,
    0x00, 0x00, 0x00, 0x00, 0x00, 0x00, 0x00, 0x00, 0x00, 0x00, 0x00, 0x00, 0x00, 0x00, 0x3E, 0x00,
    0x08, 0x00, 0x08, 0x00, 0x08, 0x00, 0x08, 0x00, 0x08, 0x00, 0x08, 0x00, 0x7F, 0x00, 0x00, 0x00,
    0x00, 0x00, 0x00, 0x00, 0x00, 0x00, 0x00, 0x00, 0x00, 0x00, 0x04, 0x00, 0x04, 0x00, 0x7F, 0x00,
    0x04, 0x00, 0x0C, 0x00, 0x14, 0x00, 0x24, 0x00, 0x44, 0x00, 0x04, 0x00, 0x0C, 0x00, 0x00, 0x00,
    0x00, 0x00, 0x00, 0x00, 0x00, 0x00, 0x00, 0x00, 0x20, 0x00, 0x20, 0x00, 0x20, 0x00, 0x7F, 0x00,
    0x11, 0x00, 0x12, 0x00, 0x10, 0x00, 0x08, 0x00, 0x08, 0x00, 0x08, 0x00, 0x08, 0x00, 0x00, 0x00,
    0x00, 0x00, 0x00, 0x00, 0x00, 0x00, 0x00, 0x00, 0x00, 0x00, 0x00, 0x00, 0x00, 0x00, 0x3C, 0x00,
    0x04, 0x00, 0x04, 0x00, 0x04, 0x00, 0x04, 0x00, 0x7F, 0x00, 0x00, 0x00, 0x00, 0x00, 0x00, 0x00,
    0x00, 0x00, 0x00, 0x00, 0x00, 0x00, 0x00, 0x00, 0x00, 0x00, 0x00, 0x00, 0x7E, 0x00, 0x02, 0x00,
    0x02, 0x00, 0x7E, 0x00, 0x02, 0x00, 0x02, 0x00, 0x7E, 0x00, 0x00, 0x00, 0x00, 0x00, 0x00, 0x00,
    0x00, 0x00, 0x00, 0x00, 0x00, 0x00, 0x00, 0x00, 0x00, 0x00, 0x00, 0x00, 0x00, 0x00, 0x29, 0x00,
    0x29, 0x00, 0x29, 0x00, 0x02, 0x00, 0x02, 0x00, 0x04, 0x00, 0x08, 0x00, 0x30, 0x00, 0x00, 0x00,
    0x00, 0x00, 0x00, 0x00, 0x00, 0x00, 0x00, 0x00, 0x00, 0x00, 0x00, 0x00, 0x40, 0x00, 0x3F, 0x00,
    0x00, 0x00, 0x00, 0x00, 0x00, 0x00, 0x00, 0x00, 0x00, 0x00, 0x00, 0x00, 0x00, 0x00, 0x00, 0x00,
    0x00, 0x00, 0x00, 0x00, 0x7F, 0x00, 0x01, 0x00, 0x09, 0x00, 0x0A, 0x00, 0x0A, 0x00, 0x08, 0x00,
    0x08, 0x00, 0x08, 0x00, 0x08, 0x00, 0x10, 0x00, 0x10, 0x00, 0x20, 0x00, 0x20, 0x00, 0x00, 0x00,
    0x00, 0x00, 0x01, 0x00, 0x01, 0x00, 0x01, 0x00, 0x02, 0x00, 0x02, 0x00, 0x04, 0x00, 0x0C, 0x00,
    0x14, 0x00, 0x64, 0x00, 0x04, 0x00, 0x04, 0x00, 0x04, 0x00, 0x04, 0x00, 0x04, 0x00, 0x00, 0x00,
    0x00, 0x00, 0x08, 0x00, 0x08, 0x00, 0x08, 0x00, 0x7F, 0x00, 0x41, 0x00, 0x41, 0x00, 0x41, 0x00,
    0x01, 0x00, 0x01, 0x00, 0x01, 0x00, 0x02, 0x00, 0x02, 0x00, 0x04, 0x00, 0x18, 0x00, 0x00, 0x00,
    0x00, 0x00, 0x00, 0x00, 0x00, 0x00, 0x3E, 0x00, 0x08, 0x00, 0x08, 0x00, 0x08, 0x00, 0x08, 0x00,
    0x08, 0x00, 0x08, 0x00, 0x08, 0x00, 0x08, 0x00, 0x08, 0x00, 0x7F, 0x00, 0x00, 0x00, 0x00, 0x00,
    0x00, 0x00, 0x04, 0x00, 0x04, 0x00, 0x7F, 0x00, 0x04, 0x00, 0x0C, 0x00, 0x0C, 0x00, 0x14, 0x00,
    0x14, 0x00, 0x14, 0x00, 0x24, 0x00, 0x24, 0x00, 0x44, 0x00, 0x04, 0x00, 0x0C, 0x00, 0x00, 0x00,
    0x00, 0x00, 0x08, 0x00, 0x08, 0x00, 0x08, 0x00, 0x7F, 0x00, 0x09, 0x00, 0x09, 0x00, 0x09, 0x00,
    0x09, 0x00, 0x11, 0x00, 0x11, 0x00, 0x12, 0x00, 0x22, 0x00, 0x22, 0x00, 0x44, 0x00, 0x00, 0x00,
    0x00, 0x00, 0x10, 0x00, 0x10, 0x00, 0x10, 0x00, 0x1E, 0x00, 0x70, 0x00, 0x08, 0x00, 0x08, 0x00,
    0x0F, 0x00, 0x78, 0x00, 0x08, 0x00, 0x08, 0x00, 0x04, 0x00, 0x04, 0x00, 0x04, 0x00, 0x00, 0x00,
    0x00, 0x00, 0x08, 0x00, 0x08, 0x00, 0x0F, 0x00, 0x11, 0x00, 0x11, 0x00, 0x21, 0x00, 0x41, 0x00,
    0x02, 0x00, 0x02, 0x00, 0x04, 0x00, 0x04, 0x00, 0x08, 0x00, 0x10, 0x00, 0x60, 0x00, 0x00, 0x00,
    0x00, 0x00, 0x20, 0x00, 0x20, 0x00, 0x20, 0x00, 0x3F, 0x00, 0x24, 0x00, 0x24, 0x00, 0x44, 0x00,
    0x04, 0x00, 0x04, 0x00, 0x04, 0x00, 0x08, 0x00, 0x08, 0x00, 0x10, 0x00, 0x20, 0x00, 0x00, 0x00,
    0x00, 0x00, 0x00, 0x00, 0x00, 0x00, 0x7E, 0x00, 0x02, 0x00, 0x02, 0x00, 0x02, 0x00, 0x02, 0x00,
    0x02, 0x00, 0x02, 0x00, 0x02, 0x00, 0x02, 0x00, 0x02, 0x00, 0x7E, 0x00, 0x00, 0x00, 0x00, 0x00,
    0x00, 0x00, 0x12, 0x00, 0x12, 0x00, 0x12, 0x00, 0x7F, 0x00, 0x12, 0x00, 0x12, 0x00, 0x12, 0x00,
    0x12, 0x00, 0x04, 0x00, 0x04, 0x00, 0x04, 0x00, 0x08, 0x00, 0x08, 0x00, 0x10, 0x00, 0x00, 0x00,
    0x00, 0x00, 0x00, 0x00, 0x38, 0x00, 0x00, 0x00, 0x00, 0x00, 0x00, 0x00, 0x71, 0x00, 0x01, 0x00,
    0x01, 0x00, 0x02, 0x00, 0x02, 0x00, 0x04, 0x00, 0x08, 0x00, 0x10, 0x00, 0x60, 0x00, 0x00, 0x00,
    0x00, 0x00, 0x00, 0x00, 0x00, 0x00, 0x7E, 0x00, 0x02, 0x00, 0x04, 0x00, 0x04, 0x00, 0x04, 0x00,
    0x08, 0x00, 0x08, 0x00, 0x14, 0x00, 0x12, 0x00, 0x22, 0x00, 0x21, 0x00, 0x41, 0x00, 0x00, 0x00,
    0x00, 0x00, 0x10, 0x00, 0x10, 0x00, 0x10, 0x00, 0x10, 0x00, 0x17, 0x00, 0x79, 0x00, 0x11, 0x00,
    0x12, 0x00, 0x12, 0x00, 0x10, 0x00, 0x10, 0x00, 0x10, 0x00, 0x08, 0x00, 0x07, 0x00, 0x00, 0x00,
    0x00, 0x00, 0x01, 0x00, 0x41, 0x00, 0x41, 0x00, 0x21, 0x00, 0x01, 0x00, 0x02, 0x00, 0x02, 0x00,
    0x02, 0x00, 0x04, 0x00, 0x04, 0x00, 0x08, 0x00, 0x08, 0x00, 0x10, 0x00, 0x20, 0x00, 0x00, 0x00,
    0x00, 0x00, 0x08, 0x00, 0x08, 0x00, 0x0F, 0x00, 0x11, 0x00, 0x11, 0x00, 0x29, 0x00, 0x45, 0x00,
    0x02, 0x00, 0x02, 0x00, 0x04, 0x00, 0x04, 0x00, 0x08, 0x00, 0x10, 0x00, 0x60, 0x00, 0x00, 0x00,
    0x00, 0x00, 0x02, 0x00, 0x0C, 0x00, 0x38, 0x00, 0x48, 0x00, 0x08, 0x00, 0x08, 0x00, 0x7F, 0x00,
    0x08, 0x00, 0x08, 0x00, 0x08, 0x00, 0x08, 0x00, 0x10, 0x00, 0x10, 0x00, 0x60, 0x00, 0x00, 0x00,
    0x00, 0x00, 0x00, 0x00, 0x52, 0x00, 0x52, 0x00, 0x52, 0x00, 0x42, 0x00, 0x02, 0x00, 0x04, 0x00,
    0x04, 0x00, 0x04, 0x00, 0x08, 0x00, 0x08, 0x00, 0x10, 0x00, 0x20, 0x00, 0x40, 0x00, 0x00, 0x00,
    0x00, 0x00, 0x00, 0x00, 0x3E, 0x00, 0x00, 0x00, 0x00, 0x00, 0x00, 0x00, 0x7F, 0x00, 0x08, 0x00,
    0x08, 0x00, 0x08, 0x00, 0x08, 0x00, 0x08, 0x00, 0x10, 0x00, 0x10, 0x00, 0x20, 0x00, 0x00, 0x00,
    0x00, 0x00, 0x20, 0x00, 0x20, 0x00, 0x20, 0x00, 0x20, 0x00, 0x20, 0x00, 0x38, 0x00, 0x24, 0x00,
    0x22, 0x00, 0x20, 0x00, 0x20, 0x00, 0x20, 0x00, 0x20, 0x00, 0x20, 0x00, 0x20, 0x00, 0x00, 0x00,
    0x00, 0x00, 0x08, 0x00, 0x08, 0x00, 0x08, 0x00, 0x08, 0x00, 0x7F, 0x00, 0x08, 0x00, 0x08, 0x00,
    0x08, 0x00, 0x08, 0x00, 0x08, 0x00, 0x10, 0x00, 0x10, 0x00, 0x20, 0x00, 0x40, 0x00, 0x00, 0x00,
    0x00, 0x00, 0x00, 0x00, 0x00, 0x00, 0x3E, 0x00, 0x00, 0x00, 0x00, 0x00, 0x00, 0x00, 0x00, 0x00,
    0x00, 0x00, 0x00, 0x00, 0x00, 0x00, 0x00, 0x00, 0x00, 0x00, 0x7F, 0x00, 0x00, 0x00, 0x00, 0x00,
    0x00, 0x00, 0x00, 0x00, 0x7F, 0x00, 0x01, 0x00, 0x01, 0x00, 0x01, 0x00, 0x22, 0x00, 0x1A, 0x00,
    0x04, 0x00, 0x06, 0x00, 0x0A, 0x00, 0x09, 0x00, 0x11, 0x00, 0x21, 0x00, 0x40, 0x00, 0x00, 0x00,
    0x00, 0x00, 0x08, 0x00, 0x08, 0x00, 0x08, 0x00, 0x7F, 0x00, 0x02, 0x00, 0x04, 0x00, 0x04, 0x00,
    0x0A, 0x00, 0x19, 0x00, 0x29, 0x00, 0x48, 0x00, 0x08, 0x00, 0x08, 0x00, 0x08, 0x00, 0x00, 0x00,
    0x00, 0x00, 0x00, 0x00, 0x02, 0x00, 0x02, 0x00, 0x02, 0x00, 0x02, 0x00, 0x02, 0x00, 0x04, 0x00,
    0x04, 0x00, 0x04, 0x00, 0x08, 0x00, 0x08, 0x00, 0x10, 0x00, 0x20, 0x00, 0x40, 0x00, 0x00, 0x00,
    0x00, 0x00, 0x00, 0x00, 0x12, 0x00, 0x12, 0x00, 0x12, 0x00, 0x12, 0x00, 0x12, 0x00, 0x11, 0x00,
    0x11, 0x00, 0x21, 0x00, 0x21, 0x00, 0x21, 0x00, 0x21, 0x00, 0x41, 0x00, 0x40, 0x00, 0x00, 0x00,
    0x00, 0x00, 0x40, 0x00, 0x40, 0x00, 0x40, 0x00, 0x40, 0x00, 0x40, 0x00, 0x46, 0x00, 0x78, 0x00,
    0x40, 0x00, 0x40, 0x00, 0x40, 0x00, 0x40, 0x00, 0x40, 0x00, 0x20, 0x00, 0x1E, 0x00, 0x00, 0x00,
    0x00, 0x00, 0x00, 0x00, 0x7F, 0x00, 0x01, 0x00, 0x01, 0x00, 0x01, 0x00, 0x02, 0x00, 0x02, 0x00,
    0x02, 0x00, 0x04, 0x00, 0x04, 0x00, 0x08, 0x00, 0x08, 0x00, 0x10, 0x00, 0x20, 0x00, 0x00, 0x00,
    0x00, 0x00, 0x00, 0x00, 0x10, 0x00, 0x28, 0x00, 0x28, 0x00, 0x44, 0x00, 0x44, 0x00, 0x04, 0x00,
    0x02, 0x00, 0x02, 0x00, 0x02, 0x00, 0x01, 0x00, 0x01, 0x00, 0x01, 0x00, 0x00, 0x00, 0x00, 0x00,
    0x00, 0x00, 0x08, 0x00, 0x08, 0x00, 0x08, 0x00, 0x7F, 0x00, 0x08, 0x00, 0x08, 0x00, 0x2A, 0x00,
    0x2A, 0x00, 0x2A, 0x00, 0x49, 0x00, 0x49, 0x00, 0x49, 0x00, 0x08, 0x00, 0x08, 0x00, 0x00, 0x00,
    0x00, 0x00, 0x00, 0x00, 0x7E, 0x00, 0x02, 0x00, 0x02, 0x00, 0x02, 0x00, 0x04, 0x00, 0x24, 0x00,
    0x24, 0x00, 0x18, 0x00, 0x18, 0x00, 0x10, 0x00, 0x08, 0x00, 0x08, 0x00, 0x08, 0x00, 0x00, 0x00,
    0x00, 0x00, 0x00, 0x00, 0x38, 0x00, 0x06, 0x00, 0x01, 0x00, 0x00, 0x00, 0x30, 0x00, 0x0C, 0x00,
    0x02, 0x00, 0x00, 0x00, 0x70, 0x00, 0x0C, 0x00, 0x02, 0x00, 0x01, 0x00, 0x00, 0x00, 0x00, 0x00,
    0x00, 0x00, 0x08, 0x00, 0x08, 0x00, 0x08, 0x00, 0x08, 0x00, 0x08, 0x00, 0x10, 0x00, 0x10, 0x00,
    0x10, 0x00, 0x12, 0x00, 0x22, 0x00, 0x21, 0x00, 0x27, 0x00, 0x39, 0x00, 0x41, 0x00, 0x00, 0x00,
    0x00, 0x00, 0x01, 0x00, 0x01, 0x00, 0x01, 0x00, 0x02, 0x00, 0x32, 0x00, 0x0A, 0x00, 0x04, 0x00,
    0x06, 0x00, 0x0A, 0x00, 0x09, 0x00, 0x11, 0x00, 0x11, 0x00, 0x20, 0x00, 0x40, 0x00, 0x00, 0x00,
    0x00, 0x00, 0x00, 0x00, 0x3E, 0x00, 0x08, 0x00, 0x08, 0x00, 0x08, 0x00, 0x08, 0x00, 0x7F, 0x00,
    0x08, 0x00, 0x08, 0x00, 0x08, 0x00, 0x08, 0x00, 0x08, 0x00, 0x08, 0x00, 0x07, 0x00, 0x00, 0x00,
    0x00, 0x00, 0x20, 0x00, 0x20, 0x00, 0x20, 0x00, 0x27, 0x00, 0x79, 0x00, 0x21, 0x00, 0x12, 0x00,
    0x12, 0x00, 0x10, 0x00, 0x10, 0x00, 0x08, 0x00, 0x08, 0x00, 0x08, 0x00, 0x08, 0x00, 0x00, 0x00,
    0x00, 0x00, 0x00, 0x00, 0x00, 0x00, 0x00, 0x00, 0x3C, 0x00, 0x04, 0x00, 0x04, 0x00, 0x04, 0x00,
    0x04, 0x00, 0x04, 0x00, 0x04, 0x00, 0x04, 0x00, 0x04, 0x00, 0x7F, 0x00, 0x00, 0x00, 0x00, 0x00,
    0x00, 0x00, 0x00, 0x00, 0x00, 0x00, 0x7E, 0x00, 0x02, 0x00, 0x02, 0x00, 0x02, 0x00, 0x02, 0x00,
    0x7E, 0x00, 0x02, 0x00, 0x02, 0x00, 0x02, 0x00, 0x02, 0x00, 0x02, 0x00, 0x7E, 0x00, 0x00, 0x00,
    0x00, 0x00, 0x00, 0x00, 0x3C, 0x00, 0x00, 0x00, 0x00, 0x00, 0x00, 0x00, 0x7E, 0x00, 0x02, 0x00,
    0x02, 0x00, 0x02, 0x00, 0x04, 0x00, 0x04, 0x00, 0x08, 0x00, 0x10, 0x00, 0x20, 0x00, 0x00, 0x00,
    0x00, 0x00, 0x02, 0x00, 0x22, 0x00, 0x22, 0x00, 0x22, 0x00, 0x22, 0x00, 0x22, 0x00, 0x22, 0x00,
    0x02, 0x00, 0x04, 0x00, 0x04, 0x00, 0x04, 0x00, 0x08, 0x00, 0x08, 0x00, 0x10, 0x00, 0x00, 0x00,
    0x00, 0x00, 0x00, 0x00, 0x08, 0x00, 0x28, 0x00, 0x28, 0x00, 0x28, 0x00, 0x28, 0x00, 0x29, 0x00,
    0x29, 0x00, 0x29, 0x00, 0x2A, 0x00, 0x2A, 0x00, 0x4C, 0x00, 0x4C, 0x00, 0x48, 0x00, 0x00, 0x00,
    0x00, 0x00, 0x00, 0x00, 0x40, 0x00, 0x40, 0x00, 0x40, 0x00, 0x40, 0x00, 0x40, 0x00, 0x42, 0x00,
    0x42, 0x00, 0x42, 0x00, 0x44, 0x00, 0x44, 0x00, 0x48, 0x00, 0x50, 0x00, 0x60, 0x00, 0x00, 0x00,
    0x00, 0x00, 0x00, 0x00, 0x00, 0x00, 0x7E, 0x00, 0x42, 0x00, 0x42, 0x00, 0x42, 0x00, 0x42, 0x00,
    0x42, 0x00, 0x42, 0x00, 0x42, 0x00, 0x42, 0x00, 0x7E, 0x00, 0x42, 0x00, 0x00, 0x00, 0x00, 0x00,
    0x00, 0x00, 0x00, 0x00, 0x7E, 0x00, 0x42, 0x00, 0x42, 0x00, 0x42, 0x00, 0x42, 0x00, 0x02, 0x00,
    0x04, 0x00, 0x04, 0x00, 0x04, 0x00, 0x08, 0x00, 0x08, 0x00, 0x10, 0x00, 0x20, 0x00, 0x00, 0x00,
    0x00, 0x00, 0x00, 0x00, 0x60, 0x00, 0x10, 0x00, 0x00, 0x00, 0x01, 0x00, 0x01, 0x00, 0x01, 0x00,
    0x01, 0x00, 0x02, 0x00, 0x02, 0x00, 0x04, 0x00, 0x08, 0x00, 0x10, 0x00, 0x60, 0x00, 0x00, 0x00,
    0x00, 0x00, 0x00, 0x00, 0x10, 0x00, 0x48, 0x00, 0x24, 0x00, 0x10, 0x00, 0x00, 0x00, 0x00, 0x00,
    0x00, 0x00, 0x00, 0x00, 0x00, 0x00, 0x00, 0x00, 0x00, 0x00, 0x00, 0x00, 0x00, 0x00, 0x00, 0x00,
    0x00, 0x00, 0x00, 0x00, 0x30, 0x00, 0x48, 0x00, 0x48, 0x00, 0x30, 0x00, 0x00, 0x00, 0x00, 0x00,
    0x00, 0x00, 0x00, 0x00, 0x00, 0x00, 0x00, 0x00, 0x00, 0x00, 0x00, 0x00, 0x00, 0x00, 0x00, 0x00,
    0x00, 0x00, 0x00, 0x00, 0x00, 0x00, 0x00, 0x00, 0x00, 0x00, 0x00, 0x00, 0x00, 0x00, 0x00, 0x00,
    0x00, 0x00, 0x00, 0x00, 0x00, 0x00, 0x00, 0x00, 0x00, 0x00, 0x00, 0x00, 0x00, 0x00, 0x00, 0x00,
    0x00, 0x00, 0x00, 0x00, 0x00, 0x00, 0x00, 0x00, 0x00, 0x00, 0x00, 0x00, 0x00, 0x00, 0x00, 0x00,
    0x00, 0x00, 0x7E, 0x00, 0x02, 0x00, 0x02, 0x00, 0x02, 0x00, 0x02, 0x00, 0x00, 0x00, 0x00, 0x00,
    0x00, 0x00, 0x00, 0x00, 0x00, 0x00, 0x00, 0x00, 0x00, 0x00, 0x00, 0x00, 0x00, 0x00, 0x00, 0x00,
    0x00, 0x00, 0x6C, 0x00, 0x24, 0x00, 0x24, 0x00, 0x24, 0x00, 0x24, 0x00, 0x00, 0x00, 0x00, 0x00,
    0x00, 0x00, 0x00, 0x00, 0x00, 0x00, 0x00, 0x00, 0x00, 0x00, 0x00, 0x00, 0x00, 0x00, 0x00, 0x00,
    0x74, 0x00, 0x14, 0x00, 0x14, 0x00, 0x1A, 0x00, 0x11, 0x00, 0x00, 0x00, 0x00, 0x00, 0x00, 0x00,
    0x00, 0x00, 0x00, 0x00, 0x00, 0x00, 0x00, 0x00, 0x00, 0x00, 0x00, 0x00, 0x00, 0x00, 0x00, 0x00,
    0x00, 0x00, 0x40, 0x00, 0x40, 0x00, 0x40, 0x00, 0x40, 0x00, 0x7E, 0x00, 0x00, 0x00, 0x00, 0x00,
    0x00, 0x00, 0x00, 0x00, 0x00, 0x00, 0x00, 0x00, 0x00, 0x00, 0x00, 0x00, 0x00, 0x00, 0x00, 0x00,
    0x00, 0x00, 0x24, 0x00, 0x24, 0x00, 0x24, 0x00, 0x2A, 0x00, 0x39, 0x00, 0x00, 0x00, 0x00, 0x00,
    0x00, 0x00, 0x00, 0x00, 0x00, 0x00, 0x00, 0x00, 0x00, 0x00, 0x00, 0x00, 0x00, 0x00, 0x00, 0x00,
    0x00, 0x00, 0x22, 0x00, 0x27, 0x00, 0x22, 0x00, 0x25, 0x00, 0x3A, 0x00, 0x00, 0x00, 0x00, 0x00,
    0x00, 0x00, 0x00, 0x00, 0x00, 0x00, 0x00, 0x00, 0x00, 0x00, 0x00, 0x00, 0x00, 0x00, 0x00, 0x00,
    0x00, 0x00, 0x7E, 0x00, 0x40, 0x00, 0x40, 0x00, 0x40, 0x00, 0x7E, 0x00, 0x00, 0x00, 0x00, 0x00,
    0x00, 0x00, 0x00, 0x00, 0x00, 0x00, 0x00, 0x00, 0x00, 0x00, 0x00, 0x00, 0x00, 0x00, 0x00, 0x00,
    0x00, 0x00, 0x6C, 0x00, 0x48, 0x00, 0x48, 0x00, 0x48, 0x00, 0x6C, 0x00, 0x00, 0x00, 0x00, 0x00,
    0x00, 0x00, 0x00, 0x00, 0x00, 0x00, 0x00, 0x00, 0x00, 0x00, 0x00, 0x00, 0x00, 0x00, 0x00, 0x00,
    0x00, 0x00, 0x3C, 0x00, 0x04, 0x00, 0x3C, 0x00, 0x20, 0x00, 0x3C, 0x00, 0x00, 0x00, 0x00, 0x00,
    0x00, 0x00, 0x00, 0x00, 0x00, 0x00, 0x00, 0x00, 0x00, 0x00, 0x00, 0x00, 0x00, 0x00, 0x00, 0x00,
    0x00, 0x00, 0x76, 0x00, 0x12, 0x00, 0x72, 0x00, 0x42, 0x00, 0x72, 0x00, 0x00, 0x00, 0x00, 0x00,
    0x00, 0x00, 0x00, 0x00, 0x00, 0x00, 0x00, 0x00, 0x00, 0x00, 0x00, 0x00, 0x00, 0x00, 0x00, 0x00,
    0x00, 0x00, 0xEE, 0x00, 0x2A, 0x00, 0xEA, 0x00, 0x8A, 0x00, 0xEE, 0x00, 0x00, 0x00, 0x00, 0x00,
    0x00, 0x00, 0x00, 0x00, 0x00, 0x00, 0x00, 0x00, 0x00, 0x00, 0x00, 0x00, 0x00, 0x00, 0x00, 0x00,
    0x00, 0x00, 0xEA, 0x00, 0x2A, 0x00, 0xEE, 0x00, 0x8A, 0x00, 0xEE, 0x00, 0x00, 0x00, 0x00, 0x00,
    0x00, 0x00, 0x00, 0x00, 0x00, 0x00, 0x00, 0x00, 0x00, 0x00, 0x00, 0x00, 0x00, 0x00, 0x00, 0x00,
    0x00, 0x00, 0xE4, 0x00, 0x24, 0x00, 0xE4, 0x00, 0x8A, 0x00, 0xEA, 0x00, 0x00, 0x00, 0x00, 0x00,
    0x00, 0x00, 0x00, 0x00, 0x00, 0x00, 0x00, 0x00, 0x00, 0x00, 0x00, 0x00, 0x00, 0x00, 0x00, 0x00,
    0x00, 0x00, 0xEE, 0x00, 0x28, 0x00, 0xEE, 0x00, 0x88, 0x00, 0xEE, 0x00, 0x00, 0x00, 0x00, 0x00,
    0x00, 0x00, 0x00, 0x00, 0x00, 0x00, 0x00, 0x00, 0x00, 0x00, 0x00, 0x00, 0x00, 0x00, 0x00, 0x00,
    0x00, 0x00, 0xFF, 0x00, 0x2A, 0x00, 0xEA, 0x00, 0x8A, 0x00, 0xFF, 0x00, 0x00, 0x00, 0x00, 0x00,
    0x00, 0x00, 0x00, 0x00, 0x00, 0x00, 0x00, 0x00, 0x00, 0x00, 0x00, 0x00, 0x00, 0x00, 0x00, 0x00,
    0x00, 0x00, 0xE4, 0x00, 0x2E, 0x00, 0xE4, 0x00, 0x8A, 0x00, 0xE4, 0x00, 0x00, 0x00, 0x00, 0x00,
    0x00, 0x00, 0x00, 0x00, 0x00, 0x00, 0x00, 0x00, 0x00, 0x00, 0x00, 0x00, 0x00, 0x00, 0x00, 0x00,
    0x00, 0x00, 0x7C, 0x00, 0x44, 0x00, 0x44, 0x00, 0x44, 0x00, 0x7C, 0x00, 0x00, 0x00, 0x00, 0x00,
    0x00, 0x00, 0x00, 0x00, 0x00, 0x00, 0x00, 0x00, 0x00, 0x00, 0x00, 0x00, 0x00, 0x00, 0x00, 0x00,
    0x00, 0x00, 0x42, 0x00, 0x42, 0x00, 0x7E, 0x00, 0x42, 0x00, 0x7E, 0x00, 0x00, 0x00, 0x00, 0x00,
    0x00, 0x00, 0x00, 0x00, 0x00, 0x00, 0x00, 0x00, 0x00, 0x00, 0x00, 0x00, 0x00, 0x00, 0x00, 0x00,
    0x00, 0x00, 0xAA, 0x00, 0xAA, 0x00, 0xEE, 0x00, 0xAA, 0x00, 0xEE, 0x00, 0x00, 0x00, 0x00, 0x00,
    0x00, 0x00, 0x00, 0x00, 0x00, 0x00, 0x00, 0x00, 0x00, 0x00, 0x00, 0x00, 0x00, 0x00, 0x00, 0x00,
    0x00, 0x00, 0x54, 0x00, 0x54, 0x00, 0x74, 0x00, 0x5A, 0x00, 0x71, 0x00, 0x00, 0x00, 0x00, 0x00,
    0x00, 0x00, 0x00, 0x00, 0x00, 0x00, 0x00, 0x00, 0x00, 0x00, 0x00, 0x00, 0x00, 0x00, 0x00, 0x00,
    0x00, 0x00, 0x10, 0x00, 0x10, 0x00, 0x10, 0x00, 0x28, 0x00, 0x44, 0x00, 0x00, 0x00, 0x00, 0x00,
    0x00, 0x00, 0x00, 0x00, 0x00, 0x00, 0x00, 0x00, 0x00, 0x00, 0x00, 0x00, 0x00, 0x00, 0x00, 0x00,
    0x00, 0x00, 0x24, 0x00, 0x24, 0x00, 0x24, 0x00, 0x5A, 0x00, 0x91, 0x00, 0x00, 0x00, 0x00, 0x00,
    0x00, 0x00, 0x00, 0x00, 0x00, 0x00, 0x00, 0x00, 0x00, 0x00, 0x00, 0x00, 0x00, 0x00, 0x10, 0x00,
    0x10, 0x00, 0x38, 0x00, 0x44, 0x00, 0x44, 0x00, 0x44, 0x00, 0x38, 0x00, 0x00, 0x00, 0x00, 0x00,
    0x00, 0x00, 0x00, 0x00, 0x00, 0x00, 0x00, 0x00, 0x00, 0x00, 0x00, 0x00, 0x00, 0x00, 0x00, 0x00,
    0x00, 0x00, 0x7C, 0x00, 0x10, 0x00, 0x10, 0x00, 0x28, 0x00, 0x44, 0x00, 0x00, 0x00, 0x00, 0x00,
    0x00, 0x00, 0x00, 0x00, 0x00, 0x00, 0x00, 0x00, 0x00, 0x00, 0x00, 0x00, 0x00, 0x00, 0x00, 0x00,
    0x00, 0x00, 0x7E, 0x00, 0x24, 0x00, 0x24, 0x00, 0x5A, 0x00, 0x91, 0x00, 0x00, 0x00, 0x00, 0x00,
    0x00, 0x00, 0x00, 0x00, 0x00, 0x00, 0x00, 0x00, 0x00, 0x00, 0x00, 0x00, 0x00, 0x00, 0x00, 0x00,
    0x38, 0x00, 0x00, 0x00, 0x7C, 0x00, 0x10, 0x00, 0x28, 0x00, 0x44, 0x00, 0x00, 0x00, 0x00, 0x00,
    0x00, 0x00, 0x00, 0x00, 0x00, 0x00, 0x00, 0x00, 0x00, 0x00, 0x00, 0x00, 0x00, 0x00, 0x00, 0x00,
    0x00, 0x00, 0x7E, 0x00, 0x02, 0x00, 0x7E, 0x00, 0x02, 0x00, 0x02, 0x00, 0x00, 0x00, 0x00, 0x00,
    0x00, 0x00, 0x00, 0x00, 0x00, 0x00, 0x00, 0x00, 0x00, 0x00, 0x00, 0x00, 0x00, 0x00, 0x00, 0x00,
    0x00, 0x00, 0x7E, 0x00, 0x40, 0x00, 0x7E, 0x00, 0x40, 0x00, 0x7E, 0x00, 0x00, 0x00, 0x00, 0x00,
    0x00, 0x00, 0x00, 0x00, 0x00, 0x00, 0x00, 0x00, 0x00, 0x00, 0x00, 0x00, 0x00, 0x00, 0x00, 0x00,
    0x00, 0x00, 0x7E, 0x00, 0x24, 0x00, 0x24, 0x00, 0x24, 0x00, 0x7E, 0x00, 0x00, 0x00, 0x00, 0x00,
    0x00, 0x00, 0x00, 0x00, 0x00, 0x00, 0x00, 0x00, 0x00, 0x00, 0x00, 0x00, 0x00, 0x00, 0x00, 0x00,
    0x00, 0x00, 0x38, 0x00, 0xFE, 0x00, 0x38, 0x00, 0x44, 0x00, 0x38, 0x00, 0x00, 0x00, 0x00, 0x00,
    0x00, 0x00, 0x7F, 0xFE, 0x61, 0x86, 0x6F, 0xBE, 0x63, 0x8E, 0x6F, 0xBE, 0x6F, 0xBE, 0x7F, 0xFE,
    0x7F, 0xFE, 0x63, 0x86, 0x6D, 0xBE, 0x63, 0x8E, 0x6D, 0xBE, 0x63, 0xBE, 0x7F, 0xFE, 0x00, 0x00,
    0x00, 0x00, 0x7F, 0xFE, 0x61, 0x86, 0x6F, 0xBE, 0x63, 0x8E, 0x6F, 0xBE, 0x6F, 0xBE, 0x7F, 0xFE,
    0x7F, 0xFE, 0x71, 0xCE, 0x6F, 0xB6, 0x6F, 0xB6, 0x6F, 0xB6, 0x71, 0xCE, 0x7F, 0xFE, 0x00, 0x00,
    0x00, 0x00, 0x7F, 0xFE, 0x61, 0x86, 0x6F, 0xBE, 0x63, 0x8E, 0x6F, 0xBE, 0x6F, 0xBE, 0x7F, 0xFE,
    0x7F, 0xFE, 0x71, 0xEE, 0x6F, 0xCE, 0x6F, 0xEE, 0x6F, 0xEE, 0x71, 0xC6, 0x7F, 0xFE, 0x00, 0x00,
    0x00, 0x00, 0x00, 0x00, 0x00, 0x00, 0x00, 0x00, 0x00, 0x00, 0x00, 0x00, 0x00, 0x00, 0x00, 0x00,
    0x00, 0x00, 0x20, 0x00, 0x20, 0x00, 0x38, 0x00, 0x20, 0x00, 0x20, 0x00, 0x00, 0x00, 0x00, 0x00,
    0x00, 0x00, 0x00, 0x00, 0x00, 0x00, 0x00, 0x00, 0x00, 0x00, 0x00, 0x00, 0x00, 0x00, 0x00, 0x00,
    0x00, 0x00, 0x28, 0x00, 0x28, 0x00, 0x38, 0x00, 0x28, 0x00, 0x28, 0x00, 0x00, 0x00, 0x00, 0x00,
    0x00, 0x00, 0x00, 0x00, 0x00, 0x00, 0x00, 0x00, 0x00, 0x00, 0x00, 0x00, 0x00, 0x00, 0x00, 0x00,
    0x00, 0x00, 0x20, 0x00, 0x38, 0x00, 0x20, 0x00, 0x38, 0x00, 0x20, 0x00, 0x00, 0x00, 0x00, 0x00,
    0x00, 0x00, 0x00, 0x00, 0x00, 0x00, 0x00, 0x00, 0x00, 0x00, 0x00, 0x00, 0x00, 0x00, 0x00, 0x00,
    0x00, 0x00, 0x28, 0x00, 0x38, 0x00, 0x28, 0x00, 0x38, 0x00, 0x28, 0x00, 0x00, 0x00, 0x00, 0x00,
    0x00, 0x00, 0x00, 0x00, 0x00, 0x00, 0x00, 0x00, 0x00, 0x00, 0x00, 0x00, 0x00, 0x00, 0x00, 0x00,
    0x00, 0x00, 0x08, 0x00, 0x08, 0x00, 0x38, 0x00, 0x08, 0x00, 0x08, 0x00, 0x00, 0x00, 0x00, 0x00,
    0x00, 0x00, 0x00, 0x00, 0x00, 0x00, 0x00, 0x00, 0x00, 0x00, 0x00, 0x00, 0x00, 0x00, 0x00, 0x00,
    0x00, 0x00, 0x14, 0x00, 0x14, 0x00, 0x74, 0x00, 0x14, 0x00, 0x14, 0x00, 0x00, 0x00, 0x00, 0x00,
    0x00, 0x00, 0x7F, 0xFE, 0x61, 0x86, 0x6F, 0xBE, 0x63, 0x8E, 0x6F, 0xBE, 0x6F, 0xBE, 0x7F, 0xFE,
    0x7F, 0xFE, 0x71, 0xCE, 0x6F, 0xB6, 0x6F, 0xCE, 0x6F, 0xB6, 0x71, 0xCE, 0x7F, 0xFE, 0x00, 0x00,
    0x00, 0x00, 0x7F, 0xFE, 0x61, 0x86, 0x6F, 0xBE, 0x63, 0x8E, 0x6F, 0xBE, 0x6F, 0xBE, 0x7F, 0xFE,
    0x7F, 0xFE, 0x71, 0xCE, 0x6F, 0xB6, 0x6F, 0xC6, 0x6F, 0xF6, 0x71, 0xCE, 0x7F, 0xFE, 0x00, 0x00,
    0x00, 0x00, 0x00, 0x00, 0x00, 0x00, 0x00, 0x00, 0x00, 0x00, 0x00, 0x00, 0x00, 0x00, 0x00, 0x00,
    0x00, 0x00, 0x08, 0x00, 0x38, 0x00, 0x08, 0x00, 0x38, 0x00, 0x08, 0x00, 0x00, 0x00, 0x00, 0x00,
    0x00, 0x00, 0x00, 0x00, 0x00, 0x00, 0x00, 0x00, 0x00, 0x00, 0x00, 0x00, 0x00, 0x00, 0x00, 0x00,
    0x00, 0x00, 0x14, 0x00, 0x74, 0x00, 0x14, 0x00, 0x74, 0x00, 0x14, 0x00, 0x00, 0x00, 0x00, 0x00,
    0x00, 0x00, 0x00, 0x00, 0x00, 0x00, 0x00, 0x00, 0x00, 0x00, 0x00, 0x00, 0x00, 0x00, 0x00, 0x00,
    0x00, 0x00, 0x10, 0x00, 0x10, 0x00, 0x10, 0x00, 0x10, 0x00, 0x7C, 0x00, 0x00, 0x00, 0x00, 0x00,
    0x00, 0x00, 0x00, 0x00, 0x00, 0x00, 0x00, 0x00, 0x00, 0x00, 0x00, 0x00, 0x00, 0x00, 0x00, 0x00,
    0x00, 0x00, 0x04, 0x00, 0x04, 0x00, 0x14, 0x00, 0x14, 0x00, 0x7E, 0x00, 0x00, 0x00, 0x00, 0x00,
    0x00, 0x00, 0x00, 0x00, 0x00, 0x00, 0x00, 0x00, 0x00, 0x00, 0x00, 0x00, 0x00, 0x00, 0x00, 0x00,
    0x00, 0x00, 0x0A, 0x00, 0x0A, 0x00, 0x2A, 0x00, 0x2A, 0x00, 0xFE, 0x00, 0x00, 0x00, 0x00, 0x00,
    0x00, 0x00, 0x00, 0x00, 0x00, 0x00, 0x00, 0x00, 0x00, 0x00, 0x00, 0x00, 0x00, 0x00, 0x00, 0x00,
    0x00, 0x00, 0x04, 0x00, 0x04, 0x00, 0x14, 0x00, 0x14, 0x00, 0x7C, 0x00, 0x00, 0x00, 0x00, 0x00,
    0x00, 0x00, 0x7F, 0xFE, 0x61, 0x86, 0x6F, 0xBE, 0x63, 0x8E, 0x6F, 0xBE, 0x6F, 0xBE, 0x7F, 0xFE,
    0x7F, 0xFE, 0x63, 0xCE, 0x6D, 0xB6, 0x6D, 0xB6, 0x6D, 0xB6, 0x63, 0xCE, 0x7F, 0xFE, 0x00, 0x00,
    0x00, 0x00, 0x7F, 0xFE, 0x61, 0x86, 0x6F, 0xBE, 0x63, 0x8E, 0x6F, 0xBE, 0x6F, 0xBE, 0x7F, 0xFE,
    0x7F, 0xFE, 0x63, 0xEE, 0x6D, 0xCE, 0x6D, 0xEE, 0x6D, 0xEE, 0x63, 0xC6, 0x7F, 0xFE, 0x00, 0x00,
    0x00, 0x00, 0x00, 0x00, 0x00, 0x00, 0x00, 0x00, 0x00, 0x00, 0x00, 0x00, 0x00, 0x00, 0x00, 0x00,
    0x00, 0x00, 0x28, 0x00, 0x28, 0x00, 0x28, 0x00, 0x28, 0x00, 0x7C, 0x00, 0x00, 0x00, 0x00, 0x00,
    0x00, 0x00, 0x00, 0x00, 0x00, 0x00, 0x00, 0x00, 0x00, 0x00, 0x00, 0x00, 0x00, 0x00, 0x00, 0x00,
    0x00, 0x00, 0x7C, 0x00, 0x10, 0x00, 0x10, 0x00, 0x10, 0x00, 0x10, 0x00, 0x00, 0x00, 0x00, 0x00,
    0x00, 0x00, 0x00, 0x00, 0x00, 0x00, 0x00, 0x00, 0x00, 0x00, 0x00, 0x00, 0x00, 0x00, 0x04, 0x00,
    0x04, 0x00, 0x3C, 0x00, 0x14, 0x00, 0x1C, 0x00, 0x14, 0x00, 0x14, 0x00, 0x00, 0x00, 0x00, 0x00,
    0x00, 0x00, 0x00, 0x00, 0x00, 0x00, 0x00, 0x00, 0x00, 0x00, 0x00, 0x00, 0x00, 0x00, 0x0A, 0x00,
    0x0A, 0x00, 0x7A, 0x00, 0x2A, 0x00, 0x3A, 0x00, 0x2A, 0x00, 0x2A, 0x00, 0x00, 0x00, 0x00, 0x00,
    0x00, 0x00, 0x00, 0x00, 0x00, 0x00, 0x00, 0x00, 0x00, 0x00, 0x00, 0x00, 0x00, 0x00, 0x04, 0x00,
    0x04, 0x00, 0x3C, 0x00, 0x14, 0x00, 0x14, 0x00, 0x14, 0x00, 0x14, 0x00, 0x00, 0x00, 0x00, 0x00,
    0x00, 0x00, 0x00, 0x00, 0x00, 0x00, 0x00, 0x00, 0x00, 0x00, 0x00, 0x00, 0x00, 0x00, 0x00, 0x00,
    0x00, 0x00, 0x7C, 0x00, 0x28, 0x00, 0x28, 0x00, 0x28, 0x00, 0x28, 0x00, 0x00, 0x00, 0x00, 0x00,
    0x00, 0x00, 0x7F, 0xFE, 0x61, 0x86, 0x6F, 0xBE, 0x63, 0x8E, 0x6F, 0xBE, 0x6F, 0xBE, 0x7F, 0xFE,
    0x7F, 0xFE, 0x63, 0xCE, 0x6D, 0xB6, 0x6D, 0xCE, 0x6D, 0xB6, 0x63, 0xCE, 0x7F, 0xFE, 0x00, 0x00,
    0x00, 0x00, 0x7F, 0xFE, 0x61, 0x86, 0x6F, 0xBE, 0x63, 0x8E, 0x6F, 0xBE, 0x6F, 0xBE, 0x7F, 0xFE,
    0x7F, 0xFE, 0x63, 0xCE, 0x6D, 0xB6, 0x6D, 0xC6, 0x6D, 0xF6, 0x63, 0xCE, 0x7F, 0xFE, 0x00, 0x00,
    0x00, 0x00, 0x00, 0x00, 0x00, 0x00, 0x00, 0x00, 0x00, 0x00, 0x00, 0x00, 0x00, 0x00, 0x00, 0x00,
    0x00, 0x00, 0x00, 0x00, 0x00, 0x00, 0x7E, 0x00, 0x00, 0x00, 0x00, 0x00, 0x00, 0x00, 0x00, 0x00,
    0x00, 0x00, 0x00, 0x00, 0x00, 0x00, 0x00, 0x00, 0x00, 0x00, 0x00, 0x00, 0x00, 0x00, 0x00, 0x00,
    0x00, 0x00, 0x08, 0x00, 0x08, 0x00, 0x18, 0x00, 0x28, 0x00, 0x08, 0x00, 0x00, 0x00, 0x00, 0x00,
    0x00, 0x00, 0x00, 0x00, 0x00, 0x00, 0x00, 0x00, 0x00, 0x00, 0x00, 0x00, 0x00, 0x00, 0x00, 0x00,
    0x00, 0x00, 0x08, 0x00, 0x08, 0x00, 0x08, 0x00, 0x08, 0x00, 0x08, 0x00, 0x00, 0x00, 0x00, 0x00,
    0x00, 0x00, 0x7F, 0xFE, 0x61, 0x86, 0x6F, 0xBE, 0x63, 0x8E, 0x6F, 0xBE, 0x6F, 0xBE, 0x7F, 0xFE,
    0x7F, 0xFE, 0x63, 0x8E, 0x6D, 0xB6, 0x6D, 0xB6, 0x6D, 0xB6, 0x63, 0x8E, 0x7F, 0xFE, 0x00, 0x00,
    0x00, 0x00, 0x7F, 0xFE, 0x61, 0x86, 0x6F, 0xBE, 0x63, 0x8E, 0x6F, 0xBE, 0x6F, 0xBE, 0x7F, 0xFE,
    0x7F, 0xFE, 0x63, 0x86, 0x6D, 0xBE, 0x6D, 0x8E, 0x6D, 0xBE, 0x63, 0x86, 0x7F, 0xFE, 0x00, 0x00,
    0x00, 0x00, 0x7F, 0xFE, 0x61, 0x86, 0x6F, 0xBE, 0x63, 0x8E, 0x6F, 0xBE, 0x6F, 0xBE, 0x7F, 0xFE,
    0x7F, 0xFE, 0x63, 0x86, 0x6D, 0xBE, 0x6D, 0x8E, 0x6D, 0xBE, 0x63, 0xBE, 0x7F, 0xFE, 0x00, 0x00,
    0x00, 0x00, 0x00, 0x00, 0x00, 0x00, 0x00, 0x10, 0x03, 0xA0, 0x04, 0x60, 0x08, 0x50, 0x08, 0x90,
    0x08, 0x80, 0x09, 0x00, 0x09, 0x00, 0x06, 0x10, 0x02, 0x20, 0x05, 0xC0, 0x08, 0x00, 0x00, 0x00,
    0x00, 0x00, 0x00, 0x00, 0x00, 0xF0, 0x01, 0x08, 0x02, 0x08, 0x02, 0x08, 0x02, 0x00, 0x02, 0x00,
    0x3F, 0xF0, 0x01, 0x00, 0x1D, 0x00, 0x23, 0x04, 0x22, 0xC4, 0x1C, 0x38, 0x00, 0x00, 0x00, 0x00,
    0x00, 0x00, 0x00, 0x00, 0x00, 0x00, 0x00, 0x00, 0x00, 0x00, 0x00, 0x00, 0x00, 0x00, 0x00, 0x00,
    0x3F, 0xF8, 0x00, 0x08, 0x00, 0x08, 0x00, 0x08, 0x00, 0x08, 0x00, 0x00, 0x00, 0x00, 0x00, 0x00,
    0x00, 0x00, 0x7F, 0xFE, 0x00, 0x00, 0x00, 0x00, 0x00, 0x00, 0x00, 0x00, 0x00, 0x00, 0x00, 0x00,
    0x00, 0x00, 0x00, 0x00, 0x00, 0x00, 0x00, 0x00, 0x00, 0x00, 0x00, 0x00, 0x00, 0x00, 0x00, 0x00,
    0x00, 0x00, 0x00, 0x00, 0x00, 0x00, 0x01, 0x00, 0x01, 0x00, 0x01, 0x00, 0x01, 0x00, 0x01, 0x00,
    0x00, 0x00, 0x00, 0x00, 0x01, 0x00, 0x01, 0x00, 0x01, 0x00, 0x01, 0x00, 0x01, 0x00, 0x00, 0x00,
    0x00, 0x00, 0x00, 0x00, 0x38, 0x38, 0x10, 0x10, 0x08, 0x20, 0x3F, 0xF8, 0x04, 0x40, 0x02, 0x80,
    0x3F, 0xF8, 0x01, 0x00, 0x01, 0x00, 0x01, 0x00, 0x01, 0x00, 0x03, 0x80, 0x00, 0x00, 0x00, 0x00,
    0x00, 0x00, 0x00, 0x00, 0x71, 0x1C, 0x21, 0x08, 0x21, 0x08, 0x7F, 0xFC, 0x21, 0x08, 0x12, 0x90,
    0x7F, 0xFC, 0x14, 0x50, 0x14, 0x50, 0x0C, 0x60, 0x08, 0x20, 0x08, 0x20, 0x00, 0x00, 0x00, 0x00,
    0x00, 0x00, 0x7F, 0xFE, 0x61, 0x86, 0x6F, 0xBE, 0x63, 0x8E, 0x6F, 0xBE, 0x6F, 0xBE, 0x7F, 0xFE,
    0x7F, 0xFE, 0x61, 0x86, 0x6F, 0xF6, 0x63, 0xEE, 0x6F, 0xDE, 0x61, 0xDE, 0x7F, 0xFE, 0x00, 0x00,
    0x08, 0x00, 0x08, 0x00, 0x08, 0x00, 0x08, 0x00, 0x08, 0x00, 0x08, 0x00, 0x08, 0x00, 0x08, 0x00,
    0x08, 0x00, 0x08, 0x00, 0x08, 0x00, 0x08, 0x00, 0x08, 0x00, 0x08, 0x00, 0x08, 0x00, 0x08, 0x00,
    0x00, 0x00, 0x00, 0x00, 0x00, 0x00, 0x00, 0x00, 0x00, 0x00, 0x10, 0x00, 0x20, 0x00, 0x7E, 0x00,
    0x20, 0x00, 0x10, 0x00, 0x00, 0x00, 0x00, 0x00, 0x00, 0x00, 0x00, 0x00, 0x00, 0x00, 0x00, 0x00,
    0x00, 0x00, 0x00, 0x00, 0x00, 0x00, 0x00, 0x00, 0x00, 0x00, 0x08, 0x00, 0x1C, 0x00, 0x2A, 0x00,
    0x08, 0x00, 0x08, 0x00, 0x08, 0x00, 0x00, 0x00, 0x00, 0x00, 0x00, 0x00, 0x00, 0x00, 0x00, 0x00,
    0x00, 0x00, 0x00, 0x00, 0x00, 0x00, 0x00, 0x00, 0x00, 0x00, 0x00, 0x00, 0x08, 0x00, 0x04, 0x00,
    0x7E, 0x00, 0x04, 0x00, 0x08, 0x00, 0x00, 0x00, 0x00, 0x00, 0x00, 0x00, 0x00, 0x00, 0x00, 0x00,
    0x00, 0x00, 0x00, 0x00, 0x00, 0x00, 0x00, 0x00, 0x00, 0x00, 0x08, 0x00, 0x08, 0x00, 0x08, 0x00,
    0x2A, 0x00, 0x1C, 0x00, 0x08, 0x00, 0x00, 0x00, 0x00, 0x00, 0x00, 0x00, 0x00, 0x00, 0x00, 0x00,
    0x00, 0x00, 0x00, 0x00, 0x00, 0x00, 0x00, 0x00, 0x00, 0x00, 0x00, 0x00, 0x00, 0x00, 0x7E, 0x00,
    0x7E, 0x00, 0x7E, 0x00, 0x7E, 0x00, 0x7E, 0x00, 0x7E, 0x00, 0x00, 0x00, 0x00, 0x00, 0x00, 0x00,
    0x00, 0x00, 0x00, 0x00, 0x00, 0x00, 0x00, 0x00, 0x00, 0x00, 0x00, 0x00, 0x18, 0x00, 0x24, 0x00,
    0x42, 0x00, 0x42, 0x00, 0x24, 0x00, 0x18, 0x00, 0x00, 0x00, 0x00, 0x00, 0x00, 0x00, 0x00, 0x00,
    0x00, 0x00, 0x7F, 0xFE, 0x61, 0x86, 0x6F, 0xBE, 0x63, 0x8E, 0x6F, 0xBE, 0x6F, 0xBE, 0x7F, 0xFE,
    0x7F, 0xFE, 0x61, 0x86, 0x6F, 0xBE, 0x63, 0x8E, 0x6F, 0xBE, 0x61, 0xBE, 0x7F, 0xFE, 0x00, 0x00,
];
